Date,Close,High,Low,Open,Volume
2017-01-03,4911.330078125,4928.490234375,4884.52001953125,4900.85009765625,1887670000
2017-01-04,4937.2099609375,4944.740234375,4919.7998046875,4920.7900390625,1885490000
2017-01-05,4964.9501953125,4967.89990234375,4935.33984375,4936.35009765625,1799170000
2017-01-06,5007.080078125,5020.7001953125,4957.81982421875,4973.8701171875,1711870000
2017-01-09,5024.89990234375,5033.31982421875,5009.4501953125,5013.81982421875,1887740000
2017-01-10,5035.169921875,5049.830078125,5016.18994140625,5027.5,1798610000
2017-01-11,5050.2099609375,5050.2099609375,5012.64990234375,5033.8798828125,1960830000
2017-01-12,5041.43017578125,5044.3701171875,4995.06982421875,5029.27978515625,1805840000
2017-01-13,5059.509765625,5066.9501953125,5045.919921875,5047.56005859375,1611260000
2017-01-17,5044.64990234375,5053.2001953125,5029.60986328125,5043.06982421875,1759440000
2017-01-18,5055.85009765625,5058.2001953125,5039.18017578125,5050.259765625,1686260000
2017-01-19,5051.169921875,5078.41015625,5041.2099609375,5061.10009765625,1809900000
2017-01-20,5063.2001953125,5085.33984375,5050.02001953125,5070.14990234375,1750340000
2017-01-23,5065.7001953125,5073.240234375,5035.490234375,5055.97021484375,1652370000
2017-01-24,5101.06005859375,5108.22021484375,5068.3701171875,5079.60986328125,1808560000
2017-01-25,5151.47021484375,5153.18017578125,5129.0,5132.8701171875,1964040000
2017-01-26,5156.919921875,5168.2001953125,5148.85009765625,5164.1201171875,1837020000
2017-01-27,5168.06005859375,5172.43017578125,5150.18017578125,5169.490234375,1669190000
2017-01-30,5129.330078125,5146.8798828125,5098.33984375,5146.41015625,1782380000
2017-01-31,5116.77001953125,5116.7998046875,5086.330078125,5107.47021484375,2047460000
2017-02-01,5152.68994140625,5162.4599609375,5128.89990234375,5157.830078125,2239570000
2017-02-02,5147.7001953125,5162.56005859375,5128.759765625,5141.27001953125,2077010000
2017-02-03,5161.60009765625,5165.47021484375,5147.580078125,5153.60986328125,1792330000
2017-02-06,5167.9599609375,5167.9599609375,5148.06005859375,5154.18017578125,1736140000
2017-02-07,5185.8798828125,5196.27001953125,5174.33984375,5178.85009765625,1922030000
2017-02-08,5196.580078125,5201.56982421875,5168.97998046875,5176.5,1947100000
2017-02-09,5212.16015625,5221.6201171875,5196.06982421875,5200.169921875,1948120000
2017-02-10,5226.68994140625,5234.27001953125,5212.83984375,5219.81005859375,1867270000
2017-02-13,5256.81982421875,5262.419921875,5241.0,5242.490234375,1843480000
2017-02-14,5271.06982421875,5271.10009765625,5238.68994140625,5251.35986328125,1952370000
2017-02-15,5302.39013671875,5304.33984375,5264.43994140625,5266.1201171875,2094140000
2017-02-16,5300.64013671875,5316.7900390625,5287.5400390625,5306.3798828125,1945600000
2017-02-17,5324.72021484375,5324.72021484375,5291.7001953125,5295.490234375,1879030000
2017-02-21,5350.72998046875,5353.16015625,5330.47021484375,5334.56982421875,1940110000
2017-02-22,5352.1298828125,5354.72998046875,5335.7998046875,5345.18017578125,1874710000
2017-02-23,5332.3701171875,5358.52978515625,5309.990234375,5358.02978515625,1881490000
2017-02-24,5343.31005859375,5343.31005859375,5304.009765625,5305.22998046875,1684650000
2017-02-27,5347.5498046875,5347.8798828125,5322.14013671875,5330.56005859375,1882610000
2017-02-28,5330.31005859375,5347.47021484375,5316.7001953125,5344.18017578125,2303390000
2017-03-01,5390.990234375,5398.43017578125,5355.3798828125,5368.64990234375,2220350000
2017-03-02,5363.259765625,5387.72998046875,5355.52978515625,5386.33984375,2043610000
2017-03-03,5373.47998046875,5373.47998046875,5344.47998046875,5355.2099609375,1853600000
2017-03-06,5360.31005859375,5368.27001953125,5338.60986328125,5352.60986328125,1774040000
2017-03-07,5351.27978515625,5373.259765625,5341.43017578125,5348.2001953125,1825510000
2017-03-08,5359.81005859375,5375.77001953125,5348.72998046875,5351.35009765625,1813080000
2017-03-09,5363.97998046875,5370.66015625,5336.080078125,5355.77978515625,1886780000
2017-03-10,5385.89990234375,5394.66015625,5364.10009765625,5390.4599609375,1999440000
2017-03-13,5394.56982421875,5396.39013671875,5382.02001953125,5387.72998046875,1812460000
2017-03-14,5382.169921875,5384.8798828125,5360.7001953125,5382.7900390625,1664870000
2017-03-15,5416.25,5426.83984375,5375.8798828125,5392.47998046875,1955400000
2017-03-16,5412.080078125,5423.66015625,5399.27001953125,5421.4599609375,1770640000
2017-03-17,5408.759765625,5423.27978515625,5406.81005859375,5413.47021484375,3189970000
2017-03-20,5413.31005859375,5426.47021484375,5400.16015625,5406.02001953125,1736790000
2017-03-21,5332.52978515625,5439.580078125,5328.7099609375,5433.27978515625,2199920000
2017-03-22,5367.5498046875,5372.27001953125,5327.25,5332.64013671875,1860290000
2017-03-23,5355.14013671875,5375.43017578125,5346.2998046875,5356.7099609375,1746990000
2017-03-24,5364.0,5392.27978515625,5345.93994140625,5376.740234375,1855040000
2017-03-27,5374.27001953125,5383.22021484375,5316.02001953125,5320.9599609375,1673060000
2017-03-28,5407.2099609375,5422.25,5363.2900390625,5371.89990234375,1823600000
2017-03-29,5430.27001953125,5433.35986328125,5405.10009765625,5410.14013671875,1722190000
2017-03-30,5439.740234375,5446.509765625,5425.2998046875,5430.31005859375,1732100000
2017-03-31,5436.22998046875,5451.5,5427.5,5430.990234375,1905150000
2017-04-03,5432.2001953125,5453.43994140625,5403.31005859375,5440.2001953125,1852990000
2017-04-04,5440.41015625,5441.33984375,5415.2998046875,5415.52978515625,1795260000
2017-04-05,5418.52001953125,5479.85986328125,5409.0400390625,5447.27001953125,2208600000
2017-04-06,5420.8798828125,5435.06005859375,5407.8701171875,5423.64990234375,1849790000
2017-04-07,5418.3701171875,5434.18017578125,5400.080078125,5420.93994140625,1703730000
2017-04-10,5421.68017578125,5442.7099609375,5406.580078125,5423.56982421875,1633190000
2017-04-11,5398.39990234375,5422.7900390625,5359.14013671875,5413.91015625,1830760000
2017-04-12,5377.02978515625,5399.5498046875,5370.240234375,5394.60986328125,1666570000
2017-04-13,5353.58984375,5398.990234375,5353.58984375,5370.68994140625,1587150000
2017-04-17,5399.2001953125,5399.2001953125,5367.58984375,5369.2099609375,1383550000
2017-04-18,5391.66015625,5405.5400390625,5377.91015625,5383.740234375,1610230000
2017-04-19,5399.64013671875,5431.0,5392.27978515625,5416.2998046875,1754240000
2017-04-20,5443.52978515625,5455.8798828125,5413.31982421875,5422.47021484375,1751490000
2017-04-21,5442.0498046875,5450.81005859375,5430.22021484375,5447.27978515625,1736420000
2017-04-24,5508.02978515625,5513.56982421875,5494.4599609375,5503.27001953125,1842880000
2017-04-25,5548.18994140625,5557.93017578125,5521.52001953125,5523.47998046875,1898120000
2017-04-26,5541.08984375,5563.97021484375,5537.990234375,5553.60009765625,1899570000
2017-04-27,5571.27978515625,5573.259765625,5551.5498046875,5555.27001953125,1883610000
2017-04-28,5583.52978515625,5600.0,5575.2099609375,5598.47021484375,2005870000
2017-05-01,5629.6298828125,5640.47998046875,5600.31005859375,5602.43994140625,1763100000
2017-05-02,5644.06982421875,5645.080078125,5625.490234375,5642.41015625,2162610000
2017-05-03,5625.16015625,5629.77978515625,5608.16015625,5624.8798828125,2152850000
2017-05-04,5626.31982421875,5633.490234375,5606.0498046875,5623.56982421875,2059820000
2017-05-05,5646.08984375,5646.08984375,5619.60009765625,5640.77978515625,1903040000
2017-05-08,5659.06982421875,5659.06982421875,5638.0,5649.18017578125,1912030000
2017-05-09,5678.31005859375,5691.2099609375,5664.0,5667.97998046875,2005820000
2017-05-10,5681.68017578125,5683.64013671875,5661.43994140625,5681.330078125,2111850000
2017-05-11,5674.22021484375,5675.5,5637.39990234375,5662.58984375,1952650000
2017-05-12,5686.81005859375,5687.419921875,5672.0400390625,5683.580078125,1749010000
2017-05-15,5704.47998046875,5706.60986328125,5683.10009765625,5687.97021484375,1865450000
2017-05-16,5724.43994140625,5724.7099609375,5699.41015625,5715.14990234375,2006980000
2017-05-17,5580.5498046875,5688.740234375,5578.16015625,5673.6201171875,2355460000
2017-05-18,5626.31005859375,5645.080078125,5568.47021484375,5569.81005859375,2134610000
2017-05-19,5651.56005859375,5673.6298828125,5640.68017578125,5640.7099609375,1908030000
2017-05-22,5699.39990234375,5701.0498046875,5661.58984375,5662.9501953125,1728190000
2017-05-23,5703.35009765625,5716.5498046875,5690.2001953125,5714.93994140625,1709140000
2017-05-24,5730.2998046875,5732.56982421875,5705.169921875,5720.830078125,1672380000
2017-05-25,5778.3701171875,5793.1298828125,5738.81982421875,5748.2900390625,1775750000
2017-05-26,5788.35986328125,5790.2001953125,5771.7099609375,5782.169921875,1573200000
2017-05-30,5794.6298828125,5799.990234375,5781.3701171875,5785.3798828125,1690930000
2017-05-31,5788.7998046875,5813.259765625,5762.56005859375,5812.97021484375,2212130000
2017-06-01,5816.509765625,5816.60009765625,5779.89013671875,5804.169921875,1946000000
2017-06-02,5881.4599609375,5881.4599609375,5825.740234375,5834.41015625,1825450000
2017-06-05,5878.1201171875,5888.919921875,5871.08984375,5881.22021484375,1742160000
2017-06-06,5856.77001953125,5890.8798828125,5848.31982421875,5869.47998046875,1893110000
2017-06-07,5877.58984375,5883.18994140625,5845.9599609375,5871.77001953125,1827220000
2017-06-08,5885.2998046875,5895.18017578125,5852.64990234375,5894.75,2134350000
2017-06-09,5741.93994140625,5897.68994140625,5657.759765625,5891.669921875,3154590000
2017-06-12,5708.18017578125,5716.2001953125,5633.33984375,5677.16015625,2588860000
2017-06-13,5751.81982421875,5760.5400390625,5709.169921875,5740.2099609375,2063930000
2017-06-14,5727.06982421875,5774.2001953125,5682.35009765625,5774.1201171875,1949040000
2017-06-15,5700.89013671875,5707.3701171875,5634.580078125,5661.35986328125,1870010000
2017-06-16,5681.47998046875,5695.740234375,5656.6201171875,5694.2099609375,3133000000
2017-06-19,5772.22021484375,5776.3701171875,5724.490234375,5729.5400390625,1989290000
2017-06-20,5726.31005859375,5772.169921875,5725.009765625,5763.0,2580440000
2017-06-21,5782.39013671875,5784.919921875,5737.009765625,5740.580078125,2408800000
2017-06-22,5779.8701171875,5802.4599609375,5767.8701171875,5787.43994140625,2177430000
2017-06-23,5803.10986328125,5810.31005859375,5759.7001953125,5775.02978515625,4164310000
2017-06-26,5777.58984375,5845.14990234375,5765.8701171875,5832.31005859375,2155460000
2017-06-27,5671.60009765625,5761.0400390625,5671.60009765625,5752.72021484375,2189250000
2017-06-28,5753.02978515625,5757.22998046875,5660.52978515625,5693.47998046875,2077390000
2017-06-29,5653.02001953125,5723.66015625,5599.43994140625,5723.31005859375,2410510000
2017-06-30,5646.919921875,5681.89990234375,5637.740234375,5676.39990234375,2011720000
2017-07-03,5596.9599609375,5684.97998046875,5592.52978515625,5680.35986328125,1091030000
2017-07-05,5648.81982421875,5663.60009765625,5593.66015625,5611.0,1874040000
2017-07-06,5597.89990234375,5628.83984375,5579.64013671875,5606.419921875,1993290000
2017-07-07,5656.47021484375,5673.02001953125,5618.85009765625,5618.85009765625,1712490000
2017-07-10,5694.14990234375,5708.6201171875,5650.259765625,5662.7099609375,1681270000
2017-07-11,5709.7998046875,5717.91015625,5667.27001953125,5687.02978515625,1812560000
2017-07-12,5778.9501953125,5785.0,5749.64990234375,5757.2001953125,1827740000
2017-07-13,5793.35986328125,5806.18017578125,5776.6201171875,5785.31982421875,1806160000
2017-07-14,5838.080078125,5844.7998046875,5799.85009765625,5815.0400390625,1615440000
2017-07-17,5839.740234375,5860.64013671875,5830.25,5845.81982421875,1563390000
2017-07-18,5880.10009765625,5880.5498046875,5818.2001953125,5832.919921875,1773220000
2017-07-19,5916.16015625,5922.3701171875,5895.5400390625,5898.39990234375,1867470000
2017-07-20,5921.22021484375,5932.60986328125,5896.60986328125,5929.580078125,1850000000
2017-07-21,5921.52978515625,5921.52978515625,5890.25,5905.60009765625,1807110000
2017-07-24,5941.3701171875,5950.580078125,5912.740234375,5920.93017578125,1748140000
2017-07-25,5930.64990234375,5945.06005859375,5916.2900390625,5927.10009765625,1930840000
2017-07-26,5950.72998046875,5954.3798828125,5939.169921875,5944.16015625,1996680000
2017-07-27,5917.02978515625,5995.77001953125,5847.0498046875,5994.02001953125,2501400000
2017-07-28,5908.919921875,5918.31005859375,5868.919921875,5883.7001953125,1877100000
2017-07-31,5880.330078125,5932.3701171875,5871.7900390625,5928.68017578125,1898830000
2017-08-01,5895.169921875,5905.2900390625,5880.4501953125,5900.64013671875,1821780000
2017-08-02,5914.22998046875,5936.14990234375,5859.6201171875,5934.06982421875,2115870000
2017-08-03,5891.2001953125,5917.47021484375,5879.72021484375,5915.72998046875,2124100000
2017-08-04,5899.91015625,5912.56005859375,5877.06005859375,5899.68994140625,1908930000
2017-08-07,5934.72998046875,5936.7900390625,5903.75,5909.4501953125,1704010000
2017-08-08,5926.35009765625,5972.93017578125,5910.5,5922.64013671875,1931490000
2017-08-09,5919.39013671875,5920.9599609375,5866.169921875,5879.5498046875,2037810000
2017-08-10,5788.18994140625,5887.27001953125,5783.35986328125,5880.14013671875,2214990000
2017-08-11,5831.52978515625,5844.60986328125,5785.259765625,5792.31982421875,1799780000
2017-08-14,5908.169921875,5916.330078125,5878.0,5878.64013671875,1702570000
2017-08-15,5907.72998046875,5919.75,5893.85009765625,5917.2900390625,1582560000
2017-08-16,5917.419921875,5944.97998046875,5899.56005859375,5920.68017578125,1809070000
2017-08-17,5796.31982421875,5903.8701171875,5796.31982421875,5896.31982421875,2052940000
2017-08-18,5790.91015625,5831.080078125,5770.14013671875,5803.89990234375,1968470000
2017-08-21,5786.5400390625,5804.2998046875,5750.5,5791.0400390625,1582990000
2017-08-22,5873.330078125,5879.0,5817.02001953125,5817.2900390625,1599760000
2017-08-23,5851.77978515625,5864.77978515625,5840.7099609375,5842.16015625,1535320000
2017-08-24,5834.43994140625,5871.8701171875,5802.77001953125,5863.990234375,1618660000
2017-08-25,5822.52978515625,5870.47021484375,5815.60009765625,5854.31005859375,1445590000
2017-08-28,5838.080078125,5852.7998046875,5821.8701171875,5839.27001953125,1565110000
2017-08-29,5862.14013671875,5871.7900390625,5785.22021484375,5785.2900390625,1639810000
2017-08-30,5932.89990234375,5940.56982421875,5865.33984375,5870.8798828125,1717060000
2017-08-31,5988.60009765625,5995.4501953125,5945.9501953125,5948.740234375,1889500000
2017-09-01,5987.89990234375,6009.60986328125,5972.27001953125,6001.81982421875,1489120000
2017-09-05,5932.72998046875,5980.91015625,5890.25,5966.64013671875,1889620000
2017-09-06,5951.1298828125,5964.3798828125,5909.919921875,5949.5400390625,1902720000
2017-09-07,5964.31005859375,5980.14990234375,5943.89013671875,5960.43994140625,2000910000
2017-09-08,5913.3701171875,5958.81005859375,5907.9599609375,5957.18994140625,1786070000
2017-09-11,5980.52978515625,5990.8701171875,5960.8701171875,5962.35009765625,1819310000
2017-09-12,5995.64013671875,6002.97021484375,5968.08984375,5998.75,1747620000
2017-09-13,6004.3798828125,6004.47021484375,5974.8798828125,5982.85009765625,1944630000
2017-09-14,5968.81982421875,5997.22998046875,5965.06005859375,5981.85009765625,1817840000
2017-09-15,5988.0,6009.4501953125,5957.85009765625,5965.66015625,2827910000
2017-09-18,5981.1201171875,6012.9501953125,5963.169921875,5997.509765625,1881900000
2017-09-19,5991.080078125,5998.240234375,5971.169921875,5991.93017578125,1816080000
2017-09-20,5973.60986328125,5994.52978515625,5927.7001953125,5987.72021484375,2083580000
2017-09-21,5934.91015625,5965.60009765625,5915.740234375,5965.60009765625,1779600000
2017-09-22,5932.31982421875,5937.58984375,5911.47998046875,5912.2001953125,1648690000
2017-09-25,5867.35009765625,5908.56982421875,5839.89013671875,5904.06005859375,2061150000
2017-09-26,5881.33984375,5908.47021484375,5862.990234375,5893.18017578125,1935990000
2017-09-27,5937.7900390625,5957.75,5900.35009765625,5912.9599609375,2068400000
2017-09-28,5933.06982421875,5939.22021484375,5908.6201171875,5920.64990234375,1882790000
2017-09-29,5979.2998046875,5980.22021484375,5930.81982421875,5941.77978515625,1970720000
2017-10-02,5981.919921875,6005.2001953125,5955.830078125,5988.9599609375,1984400000
2017-10-03,5995.06005859375,5999.18994140625,5976.64990234375,5986.85009765625,1972760000
2017-10-04,5998.83984375,6009.81005859375,5976.1201171875,5983.31005859375,1941470000
2017-10-05,6057.14013671875,6059.2099609375,6014.77001953125,6018.27001953125,1888970000
2017-10-06,6064.56982421875,6064.669921875,6037.02001953125,6037.43994140625,1752170000
2017-10-09,6058.52978515625,6078.81005859375,6051.330078125,6071.9599609375,1494160000
2017-10-10,6063.52001953125,6084.14013671875,6036.72021484375,6078.27001953125,1802480000
2017-10-11,6081.25,6082.25,6052.43994140625,6062.72998046875,1837860000
2017-10-12,6069.990234375,6093.759765625,6063.47021484375,6072.2099609375,2020330000
2017-10-13,6092.4501953125,6100.06005859375,6087.02978515625,6094.72021484375,1761700000
2017-10-16,6114.52978515625,6115.52978515625,6095.6298828125,6108.66015625,1632240000
2017-10-17,6122.60986328125,6122.81982421875,6103.66015625,6111.31982421875,1653160000
2017-10-18,6114.35009765625,6129.490234375,6106.85009765625,6128.91015625,1738060000
2017-10-19,6092.6201171875,6092.8701171875,6051.47021484375,6074.27978515625,1847020000
2017-10-20,6108.81982421875,6122.56005859375,6102.16015625,6114.4599609375,1812220000
2017-10-23,6067.830078125,6122.240234375,6061.080078125,6122.240234375,1813080000
2017-10-24,6080.22021484375,6090.89013671875,6057.68994140625,6078.02001953125,1852610000
2017-10-25,6055.0400390625,6087.580078125,6011.240234375,6069.35009765625,2205790000
2017-10-26,6037.8701171875,6066.60986328125,6035.9599609375,6056.0498046875,2125640000
2017-10-27,6213.47021484375,6223.52001953125,6129.7998046875,6138.22998046875,2414520000
2017-10-30,6227.58984375,6250.85009765625,6202.52978515625,6209.7998046875,2015920000
2017-10-31,6248.56005859375,6258.419921875,6229.14990234375,6241.8798828125,2054220000
2017-11-01,6248.64990234375,6276.669921875,6224.580078125,6274.259765625,2074230000
2017-11-02,6236.39013671875,6243.740234375,6194.580078125,6238.2900390625,2282300000
2017-11-03,6295.580078125,6297.6201171875,6237.64990234375,6266.18994140625,2203880000
2017-11-06,6313.60986328125,6318.580078125,6291.83984375,6292.14990234375,2173120000
2017-11-07,6320.77978515625,6328.580078125,6299.52978515625,6314.68994140625,2209280000
2017-11-08,6345.81005859375,6346.97998046875,6308.6201171875,6319.02978515625,2121340000
2017-11-09,6312.2099609375,6315.16015625,6248.2900390625,6295.2900390625,2243500000
2017-11-10,6309.06982421875,6313.169921875,6284.22021484375,6297.14990234375,1979120000
2017-11-13,6316.18017578125,6325.18017578125,6285.97021484375,6286.009765625,1976460000
2017-11-14,6293.64013671875,6300.4599609375,6263.77001953125,6293.330078125,1988230000
2017-11-15,6258.35986328125,6276.7998046875,6227.990234375,6261.27001953125,1923730000
2017-11-16,6339.14013671875,6352.47021484375,6293.4599609375,6293.4599609375,2020380000
2017-11-17,6314.509765625,6345.56005859375,6308.47998046875,6343.64013671875,2009220000
2017-11-20,6308.60986328125,6324.58984375,6301.8798828125,6319.56982421875,1811750000
2017-11-21,6378.6298828125,6380.06982421875,6336.259765625,6336.91015625,1891960000
2017-11-22,6386.1201171875,6391.16015625,6371.75,6384.1298828125,1589150000
2017-11-24,6409.2900390625,6410.77001953125,6389.39990234375,6393.330078125,872110000
2017-11-27,6405.97021484375,6420.2099609375,6392.009765625,6409.52001953125,1781550000
2017-11-28,6422.56005859375,6426.0400390625,6385.31982421875,6419.47998046875,2003840000
2017-11-29,6311.3798828125,6412.68994140625,6279.3701171875,6412.68994140625,2456990000
2017-11-30,6365.56005859375,6374.18994140625,6321.43017578125,6337.33984375,2468530000
2017-12-01,6337.8701171875,6365.2998046875,6244.83984375,6325.60986328125,2302140000
2017-12-04,6263.7001953125,6380.77001953125,6256.81005859375,6380.68017578125,2427170000
2017-12-05,6265.10986328125,6337.06005859375,6235.77001953125,6242.47021484375,2085760000
2017-12-06,6293.0498046875,6304.10009765625,6234.22021484375,6243.72021484375,1901770000
2017-12-07,6316.27978515625,6333.2900390625,6290.64990234375,6300.64013671875,1953740000
2017-12-08,6344.56982421875,6377.5498046875,6335.22998046875,6364.60009765625,1825640000
2017-12-11,6393.89013671875,6394.43017578125,6347.91015625,6351.240234375,1836780000
2017-12-12,6383.64990234375,6403.5,6371.68994140625,6389.47021484375,1872810000
2017-12-13,6394.669921875,6416.830078125,6388.41015625,6405.41015625,1931090000
2017-12-14,6389.91015625,6423.68017578125,6386.25,6407.259765625,1990090000
2017-12-15,6466.31982421875,6470.919921875,6405.02978515625,6405.14990234375,3529590000
2017-12-18,6513.27001953125,6522.7001953125,6495.18017578125,6504.89013671875,2150580000
2017-12-19,6480.669921875,6510.8701171875,6462.7900390625,6505.35986328125,2084190000
2017-12-20,6472.47998046875,6504.5498046875,6447.93017578125,6504.5498046875,1888140000
2017-12-21,6472.68994140625,6501.52001953125,6467.77978515625,6481.080078125,1827410000
2017-12-22,6465.169921875,6467.830078125,6449.0,6462.5498046875,1541880000
2017-12-26,6433.16015625,6438.240234375,6407.990234375,6427.31982421875,1301000000
2017-12-27,6435.14990234375,6448.93994140625,6425.919921875,6437.06005859375,1411010000
2017-12-28,6441.419921875,6452.06982421875,6432.68017578125,6449.52978515625,1319870000
2017-12-29,6396.419921875,6442.52978515625,6396.419921875,6439.91015625,1575290000
2018-01-02,6511.33984375,6513.02001953125,6417.75,6431.58984375,1929700000
2018-01-03,6575.7998046875,6579.25,6519.259765625,6520.02978515625,2173130000
2018-01-04,6584.580078125,6603.169921875,6576.919921875,6595.75,2103220000
2018-01-05,6653.2900390625,6654.97998046875,6605.02978515625,6613.1298828125,2024000000
2018-01-08,6676.6298828125,6680.31982421875,6649.2001953125,6651.68017578125,2055010000
2018-01-09,6677.93994140625,6696.1201171875,6658.27001953125,6692.8701171875,2155810000
2018-01-10,6662.66015625,6663.509765625,6619.35009765625,6640.66015625,2132430000
2018-01-11,6708.490234375,6708.490234375,6664.740234375,6675.68994140625,2015170000
2018-01-12,6758.5400390625,6763.97998046875,6695.52001953125,6699.31982421875,1986600000
2018-01-16,6737.14013671875,6835.7900390625,6719.10986328125,6807.85009765625,2399790000
2018-01-17,6810.27978515625,6820.0400390625,6738.4501953125,6767.85009765625,2245910000
2018-01-18,6811.3798828125,6826.7900390625,6784.72021484375,6804.58984375,2037410000
2018-01-19,6834.330078125,6843.240234375,6801.58984375,6829.0400390625,2005470000
2018-01-22,6906.27978515625,6906.27978515625,6822.85009765625,6829.5498046875,2118310000
2018-01-23,6963.4599609375,6969.39990234375,6926.3701171875,6928.27001953125,2135840000
2018-01-24,6919.35009765625,6992.91015625,6880.68017578125,6975.3798828125,2287320000
2018-01-25,6916.2998046875,6967.60009765625,6894.83984375,6965.009765625,2081380000
2018-01-26,7022.97021484375,7022.97021484375,6941.47998046875,6956.66015625,2080700000
2018-01-29,6988.31982421875,7020.64013671875,6974.7001953125,7000.68017578125,2114420000
2018-01-30,6930.72998046875,6958.7900390625,6894.6298828125,6910.39013671875,2183420000
2018-01-31,6949.990234375,6983.60986328125,6915.47998046875,6972.81005859375,2428990000
2018-02-01,6901.5,6970.77001953125,6879.02001953125,6910.56982421875,2311180000
2018-02-02,6760.2900390625,6889.06982421875,6756.5400390625,6866.3798828125,2607160000
2018-02-05,6495.919921875,6807.9599609375,6495.39013671875,6687.47021484375,3143210000
2018-02-06,6665.97998046875,6673.41015625,6370.47998046875,6378.60009765625,3148270000
2018-02-07,6582.02001953125,6716.25,6581.3798828125,6632.97998046875,2380020000
2018-02-08,6306.10009765625,6606.0498046875,6304.18017578125,6595.81005859375,2730740000
2018-02-09,6412.68017578125,6453.43017578125,6164.43017578125,6395.16015625,3165330000
2018-02-12,6523.85009765625,6565.27978515625,6424.2998046875,6477.0400390625,2250650000
2018-02-13,6553.85986328125,6567.6201171875,6478.41015625,6482.77001953125,1830320000
2018-02-14,6675.02978515625,6684.14990234375,6520.39013671875,6523.259765625,2217630000
2018-02-15,6794.919921875,6795.919921875,6665.919921875,6734.33984375,2124060000
2018-02-16,6770.66015625,6840.60009765625,6758.509765625,6778.27978515625,2037710000
2018-02-20,6779.68994140625,6838.0,6740.47998046875,6742.14990234375,1921870000
2018-02-21,6759.259765625,6879.47021484375,6759.22021484375,6808.60009765625,1956120000
2018-02-22,6761.85009765625,6826.009765625,6744.0498046875,6793.080078125,1927580000
2018-02-23,6896.60009765625,6897.52978515625,6789.02978515625,6816.43017578125,1887540000
2018-02-26,6989.10009765625,6989.35986328125,6927.4599609375,6933.81982421875,1876560000
2018-02-27,6900.35009765625,7003.1298828125,6900.35009765625,6984.830078125,2162250000
2018-02-28,6854.419921875,6964.16015625,6854.419921875,6945.2001953125,2384940000
2018-03-01,6750.5400390625,6892.3798828125,6687.43994140625,6862.93994140625,2499010000
2018-03-02,6811.0400390625,6820.3701171875,6645.02978515625,6661.91015625,2291480000
2018-03-05,6881.27978515625,6901.6298828125,6753.830078125,6777.6298828125,2076870000
2018-03-06,6913.02001953125,6937.02978515625,6872.06005859375,6919.7900390625,2132920000
2018-03-07,6929.39013671875,6935.47998046875,6850.91015625,6855.56982421875,2198610000
2018-03-08,6966.43017578125,6971.0,6931.35009765625,6955.85009765625,2277740000
2018-03-09,7101.18017578125,7101.31005859375,7007.2998046875,7014.83984375,2310050000
2018-03-12,7131.1201171875,7156.25,7108.0400390625,7122.47021484375,2314480000
2018-03-13,7046.509765625,7186.08984375,7025.830078125,7172.25,2459220000
2018-03-14,7040.97998046875,7084.06982421875,7012.56982421875,7077.85009765625,2112950000
2018-03-15,7030.97021484375,7075.5498046875,7010.009765625,7050.66015625,2008290000
2018-03-16,7019.9501953125,7061.669921875,7011.68994140625,7058.1201171875,3089970000
2018-03-19,6864.8798828125,6949.02001953125,6806.16015625,6945.97021484375,2352810000
2018-03-20,6885.919921875,6902.22998046875,6845.85009765625,6871.08984375,1976000000
2018-03-21,6853.4501953125,6930.7001953125,6828.8798828125,6863.2900390625,1999230000
2018-03-22,6682.259765625,6809.93994140625,6679.35009765625,6763.93994140625,2370970000
2018-03-23,6508.08984375,6708.580078125,6507.83984375,6683.18994140625,2455760000
2018-03-26,6753.830078125,6760.64990234375,6538.7900390625,6644.39990234375,2341370000
2018-03-27,6529.83984375,6793.5,6479.56005859375,6791.39013671875,2347480000
2018-03-28,6460.81005859375,6559.8798828125,6410.0400390625,6488.02001953125,2551950000
2018-03-29,6581.1298828125,6640.759765625,6435.669921875,6493.509765625,2593390000
2018-04-02,6390.83984375,6560.9599609375,6322.60009765625,6528.22998046875,2402670000
2018-04-03,6458.830078125,6485.27001953125,6343.89990234375,6448.0498046875,2330900000
2018-04-04,6560.06005859375,6578.56005859375,6326.5400390625,6326.5400390625,2261580000
2018-04-05,6594.83984375,6632.2099609375,6550.27978515625,6619.22021484375,2153030000
2018-04-06,6433.2099609375,6587.35986328125,6402.02978515625,6514.47998046875,2359780000
2018-04-09,6472.33984375,6604.259765625,6466.0400390625,6488.47998046875,2089220000
2018-04-10,6615.8701171875,6639.97021484375,6534.89013671875,6585.52978515625,2252020000
2018-04-11,6583.43994140625,6650.2900390625,6574.8798828125,6578.83984375,1882090000
2018-04-12,6656.259765625,6682.68994140625,6618.81005859375,6627.31982421875,2027080000
2018-04-13,6628.33984375,6703.31005859375,6598.33984375,6696.02001953125,1768160000
2018-04-16,6675.18017578125,6699.759765625,6633.080078125,6675.919921875,1800450000
2018-04-17,6816.3701171875,6834.31005859375,6729.7900390625,6738.64990234375,1935380000
2018-04-18,6833.2099609375,6856.9599609375,6788.31982421875,6824.580078125,1908700000
2018-04-19,6774.89013671875,6815.0400390625,6749.06982421875,6793.080078125,1982090000
2018-04-20,6667.75,6757.68017578125,6642.830078125,6754.68017578125,1935160000
2018-04-23,6648.7998046875,6721.64990234375,6613.5498046875,6699.16015625,1744480000
2018-04-24,6509.0498046875,6688.89013671875,6464.740234375,6680.8798828125,2154270000
2018-04-25,6513.93994140625,6540.759765625,6426.56982421875,6514.330078125,2055840000
2018-04-26,6649.64990234375,6673.64990234375,6579.1201171875,6606.60986328125,2141220000
2018-04-27,6656.35009765625,6750.77978515625,6619.259765625,6748.58984375,2050350000
2018-04-30,6605.56982421875,6712.5,6593.60009765625,6669.43994140625,1998570000
2018-05-01,6681.9599609375,6685.41015625,6578.259765625,6592.93017578125,1932660000
2018-05-02,6644.47998046875,6715.9599609375,6637.9599609375,6694.52001953125,2157860000
2018-05-03,6643.47998046875,6667.2900390625,6539.8701171875,6608.7001953125,2355780000
2018-05-04,6769.1201171875,6783.35986328125,6612.39013671875,6618.7001953125,2040520000
2018-05-07,6821.8701171875,6846.4599609375,6796.0498046875,6803.4501953125,1950650000
2018-05-08,6815.47998046875,6830.8701171875,6770.2998046875,6813.91015625,2070970000
2018-05-09,6893.2099609375,6895.93017578125,6807.39990234375,6830.5498046875,2250260000
2018-05-10,6963.5498046875,6966.93017578125,6906.77001953125,6909.18017578125,2250450000
2018-05-11,6952.56005859375,6969.2998046875,6923.60986328125,6948.8701171875,2085350000
2018-05-14,6964.3701171875,7008.259765625,6954.64013671875,6977.35009765625,2085850000
2018-05-15,6888.5400390625,6912.0400390625,6852.72998046875,6909.31982421875,2120380000
2018-05-16,6929.97021484375,6944.5400390625,6891.64990234375,6892.89013671875,2103060000
2018-05-17,6901.6298828125,6952.97998046875,6869.39013671875,6905.75,1958970000
2018-05-18,6866.25,6897.91015625,6857.580078125,6876.64990234375,1982190000
2018-05-21,6905.52978515625,6948.27001953125,6876.35009765625,6920.31982421875,1997220000
2018-05-22,6893.6201171875,6947.43017578125,6883.75,6934.7001953125,1927420000
2018-05-23,6953.6298828125,6954.7001953125,6846.93994140625,6847.27001953125,1997090000
2018-05-24,6949.7001953125,6963.68017578125,6882.56982421875,6951.52001953125,2035460000
2018-05-25,6960.919921875,6982.52001953125,6941.85009765625,6951.47021484375,1771950000
2018-05-29,6926.5400390625,6964.64990234375,6887.1201171875,6928.5,2095380000
2018-05-30,6976.3701171875,6987.6298828125,6938.02001953125,6955.58984375,2058300000
2018-05-31,6967.72998046875,7016.419921875,6955.990234375,6969.93017578125,2533360000
2018-06-01,7083.93017578125,7084.83984375,7008.02001953125,7010.080078125,2212330000
2018-06-04,7143.56982421875,7146.77001953125,7099.08984375,7099.5,2152170000
2018-06-05,7166.75,7179.81982421875,7137.1298828125,7162.41015625,2063270000
2018-06-06,7210.080078125,7212.4501953125,7140.919921875,7180.240234375,2198100000
2018-06-07,7152.830078125,7212.43017578125,7115.85986328125,7212.43017578125,2339720000
2018-06-08,7152.6201171875,7161.919921875,7100.72998046875,7121.759765625,1949810000
2018-06-11,7168.47998046875,7187.4501953125,7146.08984375,7149.64990234375,1959360000
2018-06-12,7209.18017578125,7214.490234375,7173.759765625,7181.669921875,2019890000
2018-06-13,7205.259765625,7261.169921875,7193.02001953125,7219.580078125,2197830000
2018-06-14,7279.58984375,7291.31005859375,7233.7001953125,7233.7001953125,2193630000
2018-06-15,7255.759765625,7268.83984375,7220.97021484375,7245.16015625,3049870000
2018-06-18,7251.41015625,7256.43017578125,7186.16015625,7201.18017578125,2102660000
2018-06-19,7228.0400390625,7229.990234375,7138.02001953125,7158.7998046875,2283340000
2018-06-20,7280.7001953125,7309.990234375,7256.8701171875,7264.85009765625,2316420000
2018-06-21,7217.490234375,7308.259765625,7203.93017578125,7304.0498046875,2349640000
2018-06-22,7197.509765625,7239.75,7177.4599609375,7239.72021484375,3956300000
2018-06-25,7038.169921875,7144.2900390625,6976.9599609375,7131.0498046875,2423190000
2018-06-26,7068.2001953125,7108.4501953125,7040.06005859375,7061.22998046875,2068870000
2018-06-27,6969.669921875,7128.77001953125,6968.2998046875,7096.60009765625,2319650000
2018-06-28,7031.60009765625,7055.25,6950.22998046875,6963.3701171875,2208870000
2018-06-29,7040.7998046875,7101.830078125,7031.39990234375,7071.490234375,2208820000
2018-07-02,7097.81982421875,7099.27001953125,6969.16015625,6979.5400390625,1777880000
2018-07-03,7014.5498046875,7122.4501953125,7009.509765625,7121.7099609375,1171420000
2018-07-05,7101.0498046875,7105.5400390625,7025.25,7064.0,1754690000
2018-07-06,7207.330078125,7217.0,7106.10009765625,7114.169921875,1718600000
2018-07-09,7276.0,7277.580078125,7221.31982421875,7251.18017578125,1844440000
2018-07-10,7282.60009765625,7297.7900390625,7257.490234375,7287.0498046875,1735230000
2018-07-11,7243.97998046875,7271.1201171875,7220.22998046875,7221.66015625,1768480000
2018-07-12,7366.25,7368.72021484375,7274.16015625,7276.3798828125,1930830000
2018-07-13,7375.81982421875,7387.740234375,7348.9599609375,7372.27978515625,1727500000
2018-07-16,7357.89990234375,7390.64013671875,7346.33984375,7381.02978515625,1739360000
2018-07-17,7403.89013671875,7418.43017578125,7288.2998046875,7291.47998046875,1752210000
2018-07-18,7390.1298828125,7411.25,7368.35986328125,7407.25,1881110000
2018-07-19,7352.35986328125,7388.990234375,7344.330078125,7364.66015625,1886300000
2018-07-20,7350.22998046875,7398.58984375,7343.3701171875,7379.1298828125,1796530000
2018-07-23,7371.77978515625,7376.81982421875,7301.33984375,7335.419921875,1668270000
2018-07-24,7406.25,7475.990234375,7375.740234375,7455.509765625,2021890000
2018-07-25,7508.58984375,7511.39013671875,7405.64013671875,7406.10009765625,1943820000
2018-07-26,7400.75,7430.1201171875,7385.72021484375,7404.56005859375,2289370000
2018-07-27,7296.77978515625,7443.240234375,7255.31982421875,7443.240234375,2193410000
2018-07-30,7193.10009765625,7299.080078125,7158.77978515625,7292.72021484375,2154140000
2018-07-31,7231.97998046875,7272.9599609375,7179.41015625,7219.669921875,2208610000
2018-08-01,7272.89013671875,7294.7998046875,7234.64013671875,7269.2001953125,2228950000
2018-08-02,7372.14990234375,7380.56005859375,7221.35009765625,7221.35009765625,2115490000
2018-08-03,7395.490234375,7395.490234375,7356.330078125,7389.35986328125,2035870000
2018-08-06,7438.990234375,7439.5498046875,7381.580078125,7390.81982421875,2245300000
2018-08-07,7462.64990234375,7478.9599609375,7443.8798828125,7459.31982421875,2206400000
2018-08-08,7469.5498046875,7486.2099609375,7435.77001953125,7454.419921875,2098100000
2018-08-09,7466.9599609375,7498.3701171875,7458.56982421875,7467.509765625,2048170000
2018-08-10,7408.2998046875,7436.68994140625,7382.830078125,7409.0498046875,2107530000
2018-08-13,7401.169921875,7468.81982421875,7398.52978515625,7420.18017578125,1934100000
2018-08-14,7447.169921875,7455.419921875,7390.0,7430.4501953125,1938840000
2018-08-15,7354.66015625,7409.47998046875,7308.52001953125,7385.669921875,2294100000
2018-08-16,7374.2900390625,7422.830078125,7361.8798828125,7409.60986328125,1991410000
2018-08-17,7377.5400390625,7394.93994140625,7312.64990234375,7352.6298828125,1850770000
2018-08-20,7371.419921875,7395.75,7343.47021484375,7393.580078125,1709500000
2018-08-21,7397.22998046875,7441.419921875,7388.3701171875,7393.4599609375,1788860000
2018-08-22,7424.60009765625,7434.47998046875,7374.68994140625,7379.83984375,1669240000
2018-08-23,7413.83984375,7465.8701171875,7405.39990234375,7420.31005859375,1888600000
2018-08-24,7485.39990234375,7489.5400390625,7442.990234375,7443.7099609375,1892990000
2018-08-27,7559.1298828125,7560.759765625,7512.02001953125,7527.3701171875,2333790000
2018-08-28,7570.25,7588.72021484375,7556.7099609375,7580.85009765625,1980270000
2018-08-29,7660.18017578125,7661.9501953125,7583.52001953125,7585.1298828125,1909880000
2018-08-30,7642.669921875,7691.10009765625,7619.72998046875,7645.10986328125,2022720000
2018-08-31,7654.5498046875,7676.4599609375,7628.5400390625,7634.43994140625,1906900000
2018-09-04,7622.31982421875,7643.4501953125,7581.35009765625,7629.33984375,2238710000
2018-09-05,7523.259765625,7607.18017578125,7498.3798828125,7600.9501953125,2602810000
2018-09-06,7453.169921875,7532.2998046875,7405.31982421875,7527.22021484375,2375380000
2018-09-07,7430.259765625,7489.39990234375,7400.990234375,7402.18994140625,2158930000
2018-09-10,7447.68017578125,7473.75,7410.740234375,7466.759765625,2055430000
2018-09-11,7507.8701171875,7519.4501953125,7401.72021484375,7415.08984375,2345080000
2018-09-12,7488.06005859375,7501.240234375,7422.91015625,7493.3798828125,2372320000
2018-09-13,7561.68994140625,7578.759765625,7531.66015625,7535.22998046875,2332930000
2018-09-14,7545.5,7581.2998046875,7515.0400390625,7575.3798828125,2069380000
2018-09-17,7434.72998046875,7533.919921875,7427.7900390625,7522.58984375,2303600000
2018-09-18,7494.39990234375,7531.2001953125,7436.52978515625,7440.85986328125,2328260000
2018-09-19,7490.31982421875,7513.33984375,7441.56005859375,7498.240234375,2167720000
2018-09-20,7569.02978515625,7582.43017578125,7523.8701171875,7534.02001953125,2306580000
2018-09-21,7531.06982421875,7603.85986328125,7522.1201171875,7587.39013671875,3729890000
2018-09-24,7548.75,7554.9501953125,7447.22998046875,7477.4501953125,2433260000
2018-09-25,7563.18994140625,7568.169921875,7525.18994140625,7552.02001953125,2328660000
2018-09-26,7563.08984375,7637.6201171875,7553.259765625,7563.9599609375,2342370000
2018-09-27,7629.56982421875,7657.7998046875,7596.9599609375,7600.35009765625,2073930000
2018-09-28,7627.64990234375,7649.2998046875,7598.68994140625,7612.64990234375,2342120000
2018-10-01,7645.4501953125,7700.56005859375,7627.47021484375,7673.0,2299520000
2018-10-02,7628.27978515625,7685.35986328125,7610.25,7632.3701171875,2416800000
2018-10-03,7637.43017578125,7676.89990234375,7625.60009765625,7663.08984375,3095630000
2018-10-04,7490.0,7608.240234375,7436.259765625,7603.009765625,3302690000
2018-10-05,7399.009765625,7510.4501953125,7327.43994140625,7482.0400390625,2699370000
2018-10-08,7352.81982421875,7415.5400390625,7267.02001953125,7356.5400390625,2259300000
2018-10-09,7371.6201171875,7430.35986328125,7339.85986328125,7352.43994140625,2466440000
2018-10-10,7044.5,7329.240234375,7042.06005859375,7319.81005859375,3111680000
2018-10-11,6964.02978515625,7120.10009765625,6892.89013671875,7013.47998046875,3154520000
2018-10-12,7157.2099609375,7179.0400390625,7019.89013671875,7150.2099609375,2674210000
2018-10-15,7068.669921875,7144.16015625,7047.47021484375,7129.31005859375,2167000000
2018-10-16,7276.43017578125,7291.259765625,7133.2900390625,7141.669921875,2639760000
2018-10-17,7278.6298828125,7311.85009765625,7205.759765625,7310.0,2385070000
2018-10-18,7116.08984375,7251.5400390625,7081.89013671875,7250.919921875,2567980000
2018-10-19,7107.22998046875,7227.9599609375,7080.740234375,7169.4501953125,2547790000
2018-10-22,7141.2099609375,7193.72021484375,7088.89990234375,7146.02978515625,2301010000
2018-10-23,7118.669921875,7149.1298828125,6933.56005859375,7002.68994140625,2752010000
2018-10-24,6789.14990234375,7117.33984375,6777.47021484375,7101.85009765625,2959560000
2018-10-25,7016.39013671875,7063.919921875,6866.75,6891.27001953125,2788090000
2018-10-26,6852.39990234375,6976.93994140625,6743.77978515625,6804.68994140625,2971530000
2018-10-29,6713.89990234375,6973.18994140625,6574.75,6954.68994140625,2711900000
2018-10-30,6810.1201171875,6816.27001953125,6652.52978515625,6673.83984375,2699220000
2018-10-31,6967.10009765625,7030.509765625,6924.08984375,6933.10986328125,2918880000
2018-11-01,7069.169921875,7071.83984375,6932.2099609375,6980.7900390625,2728760000
2018-11-02,6965.2900390625,7085.27001953125,6909.06982421875,7042.2998046875,2899670000
2018-11-05,6937.08984375,6952.93017578125,6859.7998046875,6946.14990234375,2186310000
2018-11-06,6988.85009765625,7024.77978515625,6928.0,6939.1298828125,2300920000
2018-11-07,7203.1298828125,7205.9599609375,7057.7099609375,7068.5,2687410000
2018-11-08,7158.58984375,7192.31982421875,7125.14013671875,7176.18994140625,2475160000
2018-11-09,7039.14990234375,7104.39013671875,6982.89013671875,7095.4501953125,2426750000
2018-11-12,6829.10009765625,6998.7998046875,6819.3798828125,6990.3701171875,2305340000
2018-11-13,6830.91015625,6951.43994140625,6811.68017578125,6858.58984375,2361240000
2018-11-14,6769.8701171875,6916.10009765625,6736.18017578125,6896.2001953125,2566210000
2018-11-15,6890.4501953125,6908.830078125,6702.419921875,6750.6298828125,2523500000
2018-11-16,6867.02001953125,6898.1298828125,6797.43017578125,6823.02978515625,2466980000
2018-11-19,6642.919921875,6841.43994140625,6623.3701171875,6832.25,2381430000
2018-11-20,6526.9599609375,6614.009765625,6442.35986328125,6475.68017578125,2672250000
2018-11-21,6575.66015625,6639.3701171875,6566.31005859375,6608.1201171875,1867840000
2018-11-23,6527.35009765625,6591.56005859375,6524.5498046875,6525.02001953125,958950000
2018-11-26,6678.33984375,6679.91015625,6590.89013671875,6616.7900390625,2036910000
2018-11-27,6701.0400390625,6715.41015625,6609.080078125,6639.39013671875,2076790000
2018-11-28,6913.330078125,6914.7900390625,6713.2900390625,6756.1298828125,2413120000
2018-11-29,6892.39990234375,6938.02001953125,6839.4501953125,6890.83984375,2018190000
2018-11-30,6949.009765625,6951.1298828125,6872.2900390625,6902.240234375,2547970000
2018-12-03,7062.1298828125,7107.0,7013.2001953125,7106.83984375,2643150000
2018-12-04,6795.2099609375,7045.68017578125,6785.85009765625,7026.81005859375,2655720000
2018-12-06,6838.85009765625,6840.5,6630.81982421875,6652.1298828125,2857650000
2018-12-07,6613.27978515625,6849.3798828125,6594.5400390625,6806.6298828125,2504680000
2018-12-10,6682.740234375,6710.39013671875,6534.330078125,6603.35986328125,2380270000
2018-12-11,6704.240234375,6788.47021484375,6650.830078125,6782.41015625,2286810000
2018-12-12,6763.9599609375,6867.66015625,6761.77978515625,6800.5498046875,2427080000
2018-12-13,6767.97021484375,6833.77978515625,6724.0400390625,6805.7001953125,2162210000
2018-12-14,6594.9599609375,6710.41015625,6585.31005859375,6679.91015625,2218330000
2018-12-17,6448.39013671875,6621.6298828125,6399.5498046875,6571.0,2697400000
2018-12-18,6491.52001953125,6551.0400390625,6434.60009765625,6503.1201171875,2623270000
2018-12-19,6342.97021484375,6575.39013671875,6284.72021484375,6480.31005859375,2919140000
2018-12-20,6243.18994140625,6380.97021484375,6161.85009765625,6312.72021484375,3282440000
2018-12-21,6046.56005859375,6308.31005859375,6013.97998046875,6293.0498046875,4571670000
2018-12-24,5899.35009765625,6075.169921875,5895.1201171875,5994.080078125,1647440000
2018-12-26,6262.77001953125,6263.81982421875,5921.85986328125,5969.080078125,2572890000
2018-12-27,6288.2998046875,6291.990234375,6043.4501953125,6168.60009765625,2449110000
2018-12-28,6285.27001953125,6388.35986328125,6233.68994140625,6326.6201171875,2216250000
2018-12-31,6329.97021484375,6365.39013671875,6273.93994140625,6354.85009765625,2109320000
2019-01-02,6360.8701171875,6394.740234375,6198.68017578125,6198.68017578125,2261800000
2019-01-03,6147.1298828125,6292.68017578125,6139.39990234375,6274.759765625,2631550000
2019-01-04,6422.669921875,6445.2001953125,6234.58984375,6250.0498046875,2596150000
2019-01-07,6488.25,6521.43994140625,6412.97998046875,6434.5498046875,2523450000
2019-01-08,6551.85009765625,6574.72998046875,6457.0,6555.91015625,2407340000
2019-01-09,6600.68994140625,6631.06005859375,6549.43994140625,6576.5400390625,2434500000
2019-01-10,6620.93994140625,6625.10986328125,6517.5400390625,6551.0498046875,2190110000
2019-01-11,6601.39990234375,6604.56005859375,6562.0400390625,6579.89013671875,2074310000
2019-01-14,6541.0400390625,6566.8701171875,6512.64013671875,6536.3701171875,1960780000
2019-01-15,6669.64013671875,6674.52978515625,6567.31982421875,6571.14990234375,2066090000
2019-01-16,6668.56005859375,6720.41015625,6665.0498046875,6677.3798828125,2163730000
2019-01-17,6718.4501953125,6747.27978515625,6637.10009765625,6646.18994140625,2149280000
2019-01-18,6784.60986328125,6816.22998046875,6727.93994140625,6771.52001953125,2459920000
2019-01-22,6646.81005859375,6738.56982421875,6603.56005859375,6736.64990234375,2397660000
2019-01-23,6658.759765625,6712.85986328125,6584.5,6689.080078125,2288090000
2019-01-24,6702.5498046875,6710.72998046875,6656.52001953125,6680.33984375,2419110000
2019-01-25,6787.3701171875,6800.97021484375,6733.31982421875,6755.669921875,2446550000
2019-01-28,6697.08984375,6697.52978515625,6644.31005859375,6691.83984375,2448790000
2019-01-29,6632.7900390625,6701.47021484375,6613.419921875,6695.7099609375,2106370000
2019-01-30,6807.91015625,6826.919921875,6688.330078125,6708.56005859375,2569410000
2019-01-31,6906.83984375,6936.33984375,6837.919921875,6840.93017578125,2947490000
2019-02-01,6875.52001953125,6921.9501953125,6857.31005859375,6872.72998046875,2398800000
2019-02-04,6959.9599609375,6960.97021484375,6872.60009765625,6876.56005859375,2106030000
2019-02-05,7023.52001953125,7029.77001953125,6967.93994140625,6969.3701171875,2284960000
2019-02-06,6997.6201171875,7034.93994140625,6969.830078125,7023.89013671875,2179400000
2019-02-07,6904.97998046875,6954.77001953125,6854.35009765625,6934.330078125,2310700000
2019-02-08,6913.1298828125,6914.56005859375,6836.7001953125,6843.330078125,2102520000
2019-02-11,6909.18017578125,6958.330078125,6893.7998046875,6941.259765625,1908490000
2019-02-12,7014.669921875,7021.759765625,6948.330078125,6960.5498046875,2140130000
2019-02-13,7015.8798828125,7062.580078125,7009.72998046875,7038.31982421875,2103840000
2019-02-14,7022.419921875,7047.8798828125,6969.68994140625,6986.509765625,2117500000
2019-02-15,7055.18017578125,7073.990234375,7022.2998046875,7066.3798828125,2263640000
2019-02-19,7066.60986328125,7089.10009765625,7032.77978515625,7033.3701171875,2124140000
2019-02-20,7062.33984375,7096.14990234375,7027.3701171875,7070.240234375,2202670000
2019-02-21,7035.16015625,7063.06982421875,7001.7998046875,7047.080078125,2144680000
2019-02-22,7090.6298828125,7094.2900390625,7050.009765625,7055.2001953125,2428560000
2019-02-25,7115.43017578125,7161.72998046875,7111.77978515625,7144.33984375,2399410000
2019-02-26,7123.22021484375,7144.64990234375,7087.14013671875,7098.97021484375,2305760000
2019-02-27,7117.0,7125.77978515625,7045.41015625,7095.75,2430790000
2019-02-28,7097.52978515625,7125.919921875,7081.919921875,7093.2001953125,2676790000
2019-03-01,7151.56982421875,7159.9599609375,7101.06982421875,7152.080078125,2490920000
2019-03-04,7150.830078125,7205.93994140625,7073.39990234375,7193.8798828125,2582090000
2019-03-05,7156.7900390625,7178.2998046875,7120.68994140625,7156.66015625,2166670000
2019-03-06,7112.47021484375,7162.240234375,7104.5498046875,7156.240234375,2256550000
2019-03-07,7026.8798828125,7097.91015625,7001.81005859375,7089.6298828125,2462690000
2019-03-08,7015.68994140625,7018.919921875,6940.72021484375,6940.89990234375,2260950000
2019-03-11,7164.02001953125,7166.93017578125,7049.56005859375,7050.0498046875,2248460000
2019-03-12,7201.27978515625,7219.41015625,7166.9501953125,7176.22998046875,2171620000
2019-03-13,7256.97998046875,7292.85986328125,7229.8798828125,7231.0498046875,2379260000
2019-03-14,7243.009765625,7267.93994140625,7240.9599609375,7257.31005859375,2198900000
2019-03-15,7306.990234375,7331.2998046875,7265.6298828125,7274.14013671875,3451860000
2019-03-18,7326.27978515625,7348.68994140625,7293.85009765625,7311.6298828125,2302140000
2019-03-19,7349.27978515625,7390.2900390625,7321.93017578125,7357.580078125,2457920000
2019-03-20,7380.75,7422.75,7318.419921875,7348.990234375,2464230000
2019-03-21,7493.27001953125,7505.41015625,7356.93994140625,7356.93994140625,2502810000
2019-03-22,7326.06005859375,7482.35009765625,7323.52001953125,7458.43994140625,2504740000
2019-03-25,7316.9599609375,7342.509765625,7265.27978515625,7299.93017578125,2162490000
2019-03-26,7351.14990234375,7417.259765625,7314.3798828125,7378.22998046875,2080350000
2019-03-27,7308.18994140625,7376.990234375,7252.06005859375,7364.47021484375,2244070000
2019-03-28,7320.47021484375,7346.0400390625,7277.68994140625,7325.06005859375,1922150000
2019-03-29,7378.77001953125,7381.68994140625,7333.169921875,7377.77001953125,2311790000
2019-04-01,7478.419921875,7481.83984375,7422.43994140625,7450.81005859375,2230050000
2019-04-02,7499.64013671875,7507.0498046875,7461.509765625,7473.509765625,2123250000
2019-04-03,7544.97021484375,7589.68994140625,7520.39990234375,7538.169921875,2509630000
2019-04-04,7540.56982421875,7571.1298828125,7496.2998046875,7542.16015625,2152640000
2019-04-05,7578.83984375,7581.89990234375,7554.91015625,7564.27001953125,2157050000
2019-04-08,7599.740234375,7602.080078125,7536.419921875,7565.06005859375,2075550000
2019-04-09,7568.490234375,7596.75,7555.6201171875,7571.8798828125,2078800000
2019-04-10,7611.490234375,7613.41015625,7573.27978515625,7581.39013671875,2012290000
2019-04-11,7594.89013671875,7621.39990234375,7580.7099609375,7621.39990234375,1969480000
2019-04-12,7628.14990234375,7630.52001953125,7596.56005859375,7624.14990234375,1968900000
2019-04-15,7629.1201171875,7636.7998046875,7578.5400390625,7630.60009765625,1827710000
2019-04-16,7654.72998046875,7670.39990234375,7631.64013671875,7651.18994140625,2102740000
2019-04-17,7680.72021484375,7715.06982421875,7659.85009765625,7705.31982421875,2317330000
2019-04-18,7689.72021484375,7694.18017578125,7647.39990234375,7688.93017578125,2124630000
2019-04-22,7713.490234375,7715.330078125,7653.89013671875,7658.3701171875,1790990000
2019-04-23,7810.7099609375,7819.33984375,7719.08984375,7724.169921875,2099410000
2019-04-24,7784.41015625,7827.0498046875,7783.58984375,7813.02001953125,2043310000
2019-04-25,7816.919921875,7851.97021484375,7778.22998046875,7850.7099609375,2073370000
2019-04-26,7826.68017578125,7826.89013671875,7742.60009765625,7791.14990234375,1982560000
2019-04-29,7839.0400390625,7851.85009765625,7812.97021484375,7825.64013671875,1781860000
2019-04-30,7781.4599609375,7792.31982421875,7726.06982421875,7769.2998046875,2131850000
2019-05-01,7751.85009765625,7851.02978515625,7749.740234375,7828.14013671875,2273540000
2019-05-02,7724.06005859375,7791.509765625,7672.5400390625,7751.64013671875,2211530000
2019-05-03,7845.72998046875,7847.52001953125,7772.43994140625,7784.2900390625,2081080000
2019-05-06,7794.08984375,7804.5400390625,7662.919921875,7662.919921875,1979650000
2019-05-07,7640.14990234375,7743.06005859375,7572.60986328125,7713.490234375,2397600000
2019-05-08,7617.5498046875,7678.81982421875,7593.75,7623.31982421875,2214680000
2019-05-09,7582.75,7605.02978515625,7472.7099609375,7525.81005859375,2549500000
2019-05-10,7586.52978515625,7623.009765625,7426.75,7556.0400390625,2421470000
2019-05-13,7324.1298828125,7433.919921875,7303.64013671875,7385.5498046875,2484820000
2019-05-14,7401.8798828125,7449.02978515625,7337.93994140625,7366.64013671875,2103140000
2019-05-15,7503.25,7524.22021484375,7353.89990234375,7354.81982421875,2014080000
2019-05-16,7580.14013671875,7627.02978515625,7502.759765625,7509.91015625,2168720000
2019-05-17,7503.68017578125,7605.669921875,7496.919921875,7513.14990234375,2176380000
2019-05-20,7376.7001953125,7424.58984375,7351.919921875,7391.72998046875,2130700000
2019-05-21,7451.02001953125,7472.7099609375,7417.06982421875,7442.31005859375,2000130000
2019-05-22,7420.66015625,7458.10986328125,7410.7099609375,7413.83984375,1884660000
2019-05-23,7307.93017578125,7337.47021484375,7261.4599609375,7331.669921875,2270530000
2019-05-24,7300.9599609375,7371.2998046875,7294.10009765625,7353.97021484375,1685230000
2019-05-28,7278.3798828125,7362.2900390625,7274.7001953125,7321.27001953125,2378470000
2019-05-29,7216.85986328125,7254.2001953125,7176.669921875,7222.5498046875,2282120000
2019-05-30,7245.39990234375,7262.77001953125,7204.419921875,7234.830078125,1875180000
2019-05-31,7127.9599609375,7183.22998046875,7125.97021484375,7148.7099609375,2239420000
2019-06-03,6978.02001953125,7126.43017578125,6936.68017578125,7110.33984375,2580670000
2019-06-04,7166.75,7169.7900390625,7023.08984375,7056.18017578125,2374130000
2019-06-05,7220.89990234375,7235.22998046875,7146.43017578125,7230.81005859375,2139290000
2019-06-06,7275.93017578125,7293.22021484375,7201.58984375,7229.85986328125,2093470000
2019-06-07,7417.2900390625,7445.990234375,7309.009765625,7315.330078125,2074120000
2019-06-10,7501.93017578125,7573.0,7468.169921875,7472.60009765625,2042340000
2019-06-11,7513.85009765625,7595.56982421875,7489.990234375,7584.75,2121150000
2019-06-12,7472.2900390625,7507.52001953125,7459.2001953125,7493.5498046875,1978930000
2019-06-13,7510.68017578125,7530.91015625,7487.08984375,7500.85009765625,1848360000
2019-06-14,7479.10986328125,7500.740234375,7454.8701171875,7476.47021484375,1808370000
2019-06-17,7526.52001953125,7546.990234375,7492.169921875,7500.27978515625,1950550000
2019-06-18,7635.39990234375,7689.080078125,7595.58984375,7606.60986328125,2250550000
2019-06-19,7667.740234375,7681.56005859375,7606.27978515625,7652.52001953125,2027520000
2019-06-20,7738.0498046875,7770.60986328125,7681.43017578125,7770.169921875,2108250000
2019-06-21,7728.77978515625,7772.52978515625,7708.25,7719.419921875,2909540000
2019-06-24,7723.02001953125,7746.68017578125,7720.77978515625,7737.0,2073470000
2019-06-25,7591.5400390625,7723.0400390625,7584.169921875,7720.91015625,2132550000
2019-06-26,7627.0498046875,7688.64013671875,7616.91015625,7642.919921875,2122730000
2019-06-27,7657.0498046875,7672.97998046875,7636.72021484375,7656.68017578125,2083920000
2019-06-28,7671.080078125,7682.259765625,7639.4501953125,7674.52001953125,4101490000
2019-07-01,7768.14013671875,7820.81005859375,7735.669921875,7816.56005859375,2219030000
2019-07-02,7799.81982421875,7800.47021484375,7746.009765625,7763.02978515625,1956590000
2019-07-03,7857.68994140625,7857.68994140625,7811.2900390625,7819.06005859375,1548240000
2019-07-05,7841.2998046875,7854.7099609375,7774.58984375,7806.06982421875,1690700000
2019-07-08,7785.7900390625,7841.2998046875,7756.10986328125,7790.4599609375,1957160000
2019-07-09,7826.85986328125,7833.93017578125,7748.22998046875,7748.2900390625,1871430000
2019-07-10,7903.39990234375,7923.93017578125,7858.68017578125,7869.72998046875,2066640000
2019-07-11,7896.77978515625,7934.60009765625,7873.16015625,7918.64990234375,1970690000
2019-07-12,7943.240234375,7944.080078125,7900.39013671875,7908.580078125,1835960000
2019-07-15,7966.93017578125,7969.7900390625,7940.4501953125,7961.06982421875,1790770000
2019-07-16,7927.080078125,7965.759765625,7904.9501953125,7958.43994140625,1947010000
2019-07-17,7888.759765625,7941.10009765625,7887.97998046875,7927.91015625,1887120000
2019-07-18,7904.1298828125,7912.330078125,7827.490234375,7850.1201171875,2063790000
2019-07-19,7834.89990234375,7950.22021484375,7832.39013671875,7944.85986328125,1893050000
2019-07-22,7905.1201171875,7918.47021484375,7862.27001953125,7862.3798828125,1860440000
2019-07-23,7954.56005859375,7955.08984375,7895.0498046875,7946.0498046875,1845050000
2019-07-24,8010.60986328125,8010.830078125,7926.990234375,7928.77978515625,1953670000
2019-07-25,7929.8701171875,7983.9599609375,7921.2099609375,7979.14013671875,2058090000
2019-07-26,8016.9501953125,8027.18017578125,7986.72021484375,7992.1298828125,1975110000
2019-07-29,7989.080078125,8010.0498046875,7939.97998046875,8010.0498046875,1882980000
2019-07-30,7952.47021484375,7983.10986328125,7923.4501953125,7927.56005859375,1893610000
2019-07-31,7848.77978515625,7979.2001953125,7774.93017578125,7972.759765625,2679230000
2019-08-01,7801.14990234375,8000.93994140625,7769.02001953125,7866.60009765625,2815420000
2019-08-02,7692.7998046875,7755.08984375,7645.18017578125,7740.91015625,2262550000
2019-08-05,7415.68994140625,7528.89990234375,7356.27001953125,7510.02001953125,2661780000
2019-08-06,7521.31982421875,7541.740234375,7432.31005859375,7492.02001953125,2217620000
2019-08-07,7551.89990234375,7569.89990234375,7386.39013671875,7436.14013671875,2470170000
2019-08-08,7724.830078125,7726.4599609375,7576.81982421875,7608.02978515625,2442950000
2019-08-09,7646.27001953125,7709.509765625,7591.14013671875,7684.56005859375,2221180000
2019-08-12,7561.68017578125,7623.43994140625,7528.9501953125,7597.18994140625,2068920000
2019-08-13,7728.14990234375,7778.33984375,7553.330078125,7553.43017578125,2353570000
2019-08-14,7490.1298828125,7621.7001953125,7480.580078125,7594.64013671875,2543670000
2019-08-15,7484.89013671875,7523.5,7429.35986328125,7503.14013671875,2190810000
2019-08-16,7604.10986328125,7622.72998046875,7548.89990234375,7548.89990234375,2018710000
2019-08-19,7719.31982421875,7740.740234375,7604.10986328125,7715.41015625,1946440000
2019-08-20,7664.47021484375,7731.31005859375,7664.2099609375,7708.31005859375,1750730000
2019-08-21,7733.22021484375,7754.66015625,7706.56982421875,7731.75,1721410000
2019-08-22,7707.43017578125,7764.7900390625,7649.27978515625,7750.97998046875,1780760000
2019-08-23,7464.990234375,7722.43017578125,7442.93017578125,7658.47998046875,2214370000
2019-08-26,7575.02001953125,7577.77001953125,7506.169921875,7540.68994140625,1691990000
2019-08-27,7566.02978515625,7640.68017578125,7531.9599609375,7630.4599609375,1914930000
2019-08-28,7587.89990234375,7598.14990234375,7500.22021484375,7536.7001953125,1663450000
2019-08-29,7702.31005859375,7723.93994140625,7654.31005859375,7678.68994140625,1703760000
2019-08-30,7691.0,7747.080078125,7642.89990234375,7743.22998046875,1668110000
2019-09-03,7609.509765625,7670.169921875,7584.81982421875,7634.02978515625,1938780000
2019-09-04,7719.25,7724.91015625,7663.64013671875,7683.77978515625,1893740000
2019-09-05,7862.5400390625,7879.97021484375,7803.4501953125,7803.4501953125,2108700000
2019-09-06,7852.5400390625,7874.990234375,7835.89013671875,7868.8701171875,1878730000
2019-09-09,7832.39990234375,7877.41015625,7795.85986328125,7876.39990234375,2186660000
2019-09-10,7814.740234375,7817.580078125,7743.60986328125,7793.27978515625,2366080000
2019-09-11,7887.580078125,7888.33984375,7812.06982421875,7820.7099609375,2322610000
2019-09-12,7917.33984375,7975.330078125,7907.330078125,7931.9599609375,2228100000
2019-09-13,7892.9501953125,7923.41015625,7879.58984375,7903.72998046875,1984570000
2019-09-16,7852.41015625,7868.740234375,7831.759765625,7833.72998046875,1876540000
2019-09-17,7888.7900390625,7891.2099609375,7840.990234375,7849.8798828125,1857350000
2019-09-18,7888.56005859375,7891.169921875,7791.580078125,7877.580078125,2045590000
2019-09-19,7901.7900390625,7950.2099609375,7888.31005859375,7904.39013671875,1818430000
2019-09-20,7823.5498046875,7920.52978515625,7794.27001953125,7901.4599609375,3363230000
2019-09-23,7818.60986328125,7842.97998046875,7790.2900390625,7815.22998046875,1781750000
2019-09-24,7710.0400390625,7873.25,7684.7998046875,7855.97021484375,2310940000
2019-09-25,7803.5400390625,7822.43017578125,7647.6298828125,7706.5,2022080000
2019-09-26,7771.990234375,7798.1201171875,7718.68994140625,7794.27978515625,1886310000
2019-09-27,7681.580078125,7790.7998046875,7626.81982421875,7786.02978515625,2041250000
2019-09-30,7749.4501953125,7761.83984375,7693.490234375,7705.97021484375,1809050000
2019-10-01,7684.14013671875,7821.72021484375,7675.419921875,7782.81982421875,2250500000
2019-10-02,7550.7900390625,7631.33984375,7513.68994140625,7627.58984375,2503630000
2019-10-03,7638.39013671875,7640.419921875,7463.56982421875,7557.18994140625,2157220000
2019-10-04,7754.10009765625,7759.35986328125,7670.919921875,7677.330078125,1748000000
2019-10-07,7725.1298828125,7784.7900390625,7712.68017578125,7725.68017578125,1759580000
2019-10-08,7604.27001953125,7707.169921875,7603.759765625,7671.3798828125,1943700000
2019-10-09,7690.52978515625,7717.93994140625,7655.47998046875,7678.66015625,1563500000
2019-10-10,7740.35986328125,7772.68017578125,7682.60986328125,7688.419921875,1793470000
2019-10-11,7843.8798828125,7904.0498046875,7831.10986328125,7835.93017578125,2184790000
2019-10-14,7842.330078125,7865.669921875,7827.16015625,7834.740234375,1423700000
2019-10-15,7942.85009765625,7960.14013671875,7863.64990234375,7867.9599609375,1841660000
2019-10-16,7920.2099609375,7941.759765625,7898.31005859375,7911.990234375,1900010000
2019-10-17,7942.14013671875,7981.14013671875,7914.93994140625,7976.64013671875,1864020000
2019-10-18,7868.490234375,7946.81005859375,7829.75,7938.2998046875,2020020000
2019-10-21,7940.330078125,7941.47998046875,7887.740234375,7911.580078125,1756640000
2019-10-22,7874.6201171875,7977.009765625,7871.97998046875,7968.25,1850870000
2019-10-23,7889.47021484375,7890.2099609375,7845.08984375,7858.47998046875,1822180000
2019-10-24,7966.72021484375,7969.66015625,7912.72021484375,7956.22998046875,1893620000
2019-10-25,8029.22021484375,8033.2900390625,7926.60009765625,7926.60009765625,1911580000
2019-10-28,8110.669921875,8119.72998046875,8070.89990234375,8071.39013671875,1959920000
2019-10-29,8047.509765625,8108.60986328125,8045.64013671875,8101.5498046875,1842720000
2019-10-30,8083.10986328125,8096.330078125,8017.919921875,8056.89990234375,1936060000
2019-10-31,8083.830078125,8110.43994140625,8041.64990234375,8100.6201171875,2276140000
2019-11-01,8161.169921875,8161.97998046875,8111.72998046875,8121.9501953125,2071350000
2019-11-04,8210.66015625,8228.330078125,8197.3203125,8218.9296875,2166830000
2019-11-05,8210.1796875,8229.08984375,8191.0498046875,8225.349609375,2327420000
2019-11-06,8196.0302734375,8204.33984375,8157.35986328125,8204.33984375,2342570000
2019-11-07,8219.650390625,8271.8203125,8198.91015625,8237.6796875,2403680000
2019-11-08,8255.8896484375,8256.2900390625,8186.31005859375,8208.3701171875,1982140000
2019-11-11,8241.91015625,8245.8896484375,8202.3603515625,8212.3701171875,1719300000
2019-11-12,8263.7900390625,8293.1796875,8238.330078125,8249.6201171875,2001440000
2019-11-13,8259.8095703125,8274.6103515625,8233.3798828125,8235.6796875,2180010000
2019-11-14,8257.830078125,8264.9404296875,8212.58984375,8238.849609375,2113840000
2019-11-15,8315.51953125,8315.900390625,8284.2001953125,8303.83984375,2199480000
2019-11-18,8328.48046875,8340.41015625,8274.6796875,8303.2197265625,2053260000
2019-11-19,8338.740234375,8357.7998046875,8308.2802734375,8357.4296875,2094030000
2019-11-20,8283.75,8339.259765625,8226.25,8315.5498046875,2608780000
2019-11-21,8265.6201171875,8282.330078125,8242.2197265625,8273.9501953125,2073720000
2019-11-22,8272.0498046875,8292.1103515625,8229.490234375,8287.25,1885730000
2019-11-25,8371.9296875,8372.8203125,8309.5498046875,8309.5498046875,2262750000
2019-11-26,8385.75,8398.0400390625,8364.1103515625,8374.259765625,2439370000
2019-11-27,8444.7099609375,8445.6103515625,8399.6298828125,8407.23046875,1748520000
2019-11-29,8403.6796875,8435.9599609375,8402.1298828125,8422.01953125,1099090000
2019-12-02,8309.259765625,8409.8701171875,8274.6103515625,8409.8701171875,2240300000
2019-12-03,8254.740234375,8258.400390625,8167.35986328125,8201.6298828125,2318760000
2019-12-04,8296.5302734375,8316.4599609375,8285.8798828125,8291.8603515625,2158870000
2019-12-05,8308.400390625,8321.1904296875,8272.830078125,8321.1904296875,2133380000
2019-12-06,8397.3701171875,8405.849609375,8365.25,8370.23046875,2057020000
2019-12-09,8362.740234375,8425.76953125,8359.8701171875,8388.75,2123870000
2019-12-10,8354.2900390625,8392.8896484375,8339.3701171875,8364.5498046875,2058760000
2019-12-11,8402.6103515625,8408.080078125,8361.3701171875,8371.650390625,1982080000
2019-12-12,8466.8896484375,8493.1103515625,8380.08984375,8391.919921875,2396400000
2019-12-13,8487.7099609375,8517.51953125,8441.8896484375,8461.419921875,2219630000
2019-12-16,8570.330078125,8584.7802734375,8542.419921875,8544.26953125,2368050000
2019-12-17,8575.7001953125,8592.4501953125,8564.150390625,8586.330078125,2382450000
2019-12-18,8580.6201171875,8608.099609375,8578.5595703125,8587.2001953125,2742330000
2019-12-19,8641.2900390625,8642.740234375,8592.6796875,8592.6796875,2446890000
2019-12-20,8678.490234375,8687.66015625,8656.48046875,8666.5703125,3830200000
2019-12-23,8696.009765625,8710.900390625,8690.150390625,8703.0595703125,2028670000
2019-12-24,8699.509765625,8708.2197265625,8684.1201171875,8705.2998046875,1014530000
2019-12-26,8778.3095703125,8778.330078125,8716.0302734375,8717.9501953125,1639960000
2019-12-27,8770.98046875,8811.099609375,8749.8603515625,8805.8603515625,1833740000
2019-12-30,8709.73046875,8768.2998046875,8671.919921875,8766.3896484375,2051320000
2019-12-31,8733.0703125,8735.4296875,8674.3798828125,8681.330078125,2186830000
2020-01-02,8872.2197265625,8873.6298828125,8786.900390625,8802.2197265625,2862700000
2020-01-03,8793.900390625,8843.650390625,8755.169921875,8755.169921875,2586520000
2020-01-06,8848.51953125,8849.98046875,8713.8896484375,8713.8896484375,2810450000
2020-01-07,8846.4501953125,8872.4697265625,8821.6796875,8857.1396484375,2381740000
2020-01-08,8912.3701171875,8953.5498046875,8834.9404296875,8845.4501953125,2472620000
2020-01-09,8989.6298828125,9004.5498046875,8938.5302734375,8990.0400390625,2540960000
2020-01-10,8966.6396484375,9024.8701171875,8951.830078125,9021.8798828125,2382900000
2020-01-13,9070.650390625,9071.5302734375,8991.349609375,9007.9404296875,2536820000
2020-01-14,9033.419921875,9080.16015625,9020.919921875,9068.01953125,2553160000
2020-01-15,9035.669921875,9078.8701171875,9008.9501953125,9039.3095703125,2443220000
2020-01-16,9125.0,9126.0703125,9066.3095703125,9088.080078125,2312110000
2020-01-17,9173.73046875,9176.4697265625,9118.98046875,9159.48046875,2542540000
2020-01-21,9166.6298828125,9187.419921875,9141.7802734375,9145.6396484375,2686610000
2020-01-22,9188.580078125,9242.48046875,9179.26953125,9212.349609375,2454580000
2020-01-23,9216.98046875,9221.1298828125,9145.23046875,9186.1396484375,2465850000
2020-01-24,9141.4697265625,9272.3701171875,9101.4404296875,9266.349609375,2622970000
2020-01-27,8952.1796875,9001.4404296875,8910.9697265625,8913.16015625,2593910000
2020-01-28,9090.9296875,9111.3203125,8994.2802734375,9013.23046875,2169020000
2020-01-29,9101.6103515625,9153.080078125,9067.2900390625,9141.51953125,2234620000
2020-01-30,9136.08984375,9140.6904296875,9019.7197265625,9038.919921875,2345370000
2020-01-31,8991.509765625,9170.2197265625,8961.58984375,9169.91015625,2696090000
2020-02-03,9126.23046875,9148.5,9031.0703125,9033.51953125,2427320000
2020-02-04,9334.0595703125,9352.9599609375,9224.8603515625,9256.9404296875,2447340000
2020-02-05,9367.48046875,9442.75,9311.8798828125,9441.33984375,2470240000
2020-02-06,9445.919921875,9448.7197265625,9357.8603515625,9395.6904296875,2313860000
2020-02-07,9401.099609375,9453.240234375,9376.91015625,9397.76953125,2243720000
2020-02-10,9516.83984375,9517.740234375,9373.2001953125,9373.2001953125,2187520000
2020-02-11,9517.8603515625,9600.0498046875,9493.6298828125,9567.8095703125,2450070000
2020-02-12,9613.2001953125,9615.91015625,9552.0302734375,9569.8203125,2366510000
2020-02-13,9595.7001953125,9636.41015625,9532.740234375,9540.669921875,2254870000
2020-02-14,9623.580078125,9634.75,9583.080078125,9613.8798828125,2226720000
2020-02-18,9629.7998046875,9647.7197265625,9567.2802734375,9567.2802734375,2279420000
2020-02-19,9718.73046875,9736.5703125,9676.0703125,9683.9404296875,2470860000
2020-02-20,9627.830078125,9714.23046875,9513.23046875,9696.66015625,2745730000
2020-02-21,9446.6904296875,9594.0,9406.3798828125,9582.5400390625,2750160000
2020-02-24,9079.6298828125,9194.91015625,9028.8701171875,9055.2998046875,3188590000
2020-02-25,8834.8701171875,9183.7802734375,8807.1103515625,9167.330078125,3595520000
2020-02-26,8873.759765625,9032.8798828125,8813.919921875,8883.009765625,3587950000
2020-02-27,8436.669921875,8786.6796875,8430.5302734375,8632.5400390625,4559900000
2020-02-28,8461.830078125,8490.4697265625,8133.85009765625,8133.85009765625,5320020000
2020-03-02,8877.98046875,8879.3896484375,8446.5,8569.91015625,4249020000
2020-03-03,8594.490234375,9000.4599609375,8516.580078125,8892.6796875,4336700000
2020-03-04,8949.2802734375,8952.1103515625,8669.759765625,8745.6396484375,3634760000
2020-03-05,8671.66015625,8864.1904296875,8613.91015625,8713.1904296875,3763860000
2020-03-06,8530.33984375,8571.8798828125,8319.900390625,8395.9501953125,4292730000
2020-03-09,7948.02978515625,8241.76953125,7912.14013671875,7912.14013671875,4554110000
2020-03-10,8372.26953125,8376.4404296875,7942.1298828125,8213.9697265625,4447260000
2020-03-11,8006.1201171875,8224.73046875,7900.990234375,8166.259765625,4302610000
2020-03-12,7263.64990234375,7808.31005859375,7255.6201171875,7452.759765625,5099350000
2020-03-13,7995.259765625,7998.509765625,7301.8798828125,7683.0400390625,4701070000
2020-03-16,7020.3798828125,7563.4501953125,6993.60986328125,7502.259765625,4618120000
2020-03-17,7473.9501953125,7550.1298828125,6959.14990234375,7198.52978515625,4920210000
2020-03-18,7175.18017578125,7336.8798828125,6837.52978515625,7023.85986328125,4935000000
2020-03-19,7288.52001953125,7514.14013671875,7037.47021484375,7190.2099609375,4778490000
2020-03-20,6994.2900390625,7487.830078125,6969.77001953125,7391.22021484375,5260300000
2020-03-23,7006.919921875,7145.2900390625,6771.91015625,6952.7099609375,4348410000
2020-03-24,7553.830078125,7555.91015625,7304.39013671875,7349.0,4441080000
2020-03-25,7469.6201171875,7777.60986328125,7390.41015625,7543.9599609375,4683630000
2020-03-26,7897.1298828125,7913.10986328125,7549.830078125,7549.830078125,4014670000
2020-03-27,7588.3701171875,7817.740234375,7580.22021484375,7657.43994140625,3989120000
2020-03-30,7889.009765625,7902.08984375,7651.43017578125,7678.830078125,3870770000
2020-03-31,7813.5,8011.60009765625,7765.4599609375,7855.740234375,4078960000
2020-04-01,7486.2900390625,7701.68017578125,7423.97021484375,7582.77978515625,3700040000
2020-04-02,7635.66015625,7641.8701171875,7432.27978515625,7445.8798828125,3622170000
2020-04-03,7528.10986328125,7673.490234375,7439.77978515625,7631.56982421875,3294260000
2020-04-06,8081.66015625,8110.66015625,7763.08984375,7819.06005859375,3849130000
2020-04-07,8049.31005859375,8305.58984375,8043.06982421875,8287.48046875,4085960000
2020-04-08,8229.5400390625,8254.41015625,8058.41015625,8134.2998046875,3487440000
2020-04-09,8238.5302734375,8334.23046875,8167.93017578125,8284.3095703125,4145460000
2020-04-13,8332.740234375,8338.150390625,8158.580078125,8209.6796875,3184660000
2020-04-14,8692.16015625,8708.5498046875,8470.740234375,8489.26953125,3767410000
2020-04-15,8591.9599609375,8666.240234375,8500.5595703125,8548.4697265625,3347920000
2020-04-16,8757.830078125,8793.349609375,8605.509765625,8689.08984375,4057800000
2020-04-17,8832.41015625,8879.240234375,8704.3798828125,8876.66015625,4348310000
2020-04-20,8726.509765625,8855.1796875,8725.330078125,8742.5400390625,3827370000
2020-04-21,8403.0,8663.08984375,8359.83984375,8639.740234375,3788180000
2020-04-22,8664.6396484375,8708.48046875,8550.6103515625,8575.5703125,3041520000
2020-04-23,8641.5,8796.490234375,8624.6298828125,8693.73046875,3759890000
2020-04-24,8786.599609375,8791.3603515625,8599.990234375,8666.5703125,3696020000
2020-04-27,8837.66015625,8887.6201171875,8803.8896484375,8865.580078125,3694980000
2020-04-28,8677.599609375,8918.3798828125,8668.669921875,8913.2802734375,3730350000
2020-04-29,8982.759765625,9025.8203125,8832.0,8871.0400390625,4407140000
2020-04-30,9000.509765625,9023.0302734375,8920.419921875,9005.240234375,4335660000
2020-05-01,8718.1796875,8887.580078125,8688.580078125,8791.8798828125,3741300000
2020-05-04,8834.1103515625,8840.330078125,8665.400390625,8683.9404296875,3443140000
2020-05-05,8930.6201171875,9031.0,8900.5703125,8922.3896484375,3933550000
2020-05-06,8984.8603515625,9065.580078125,8950.8896484375,8997.01953125,3656750000
2020-05-07,9101.8798828125,9136.1796875,9045.23046875,9104.669921875,3787220000
2020-05-08,9220.349609375,9224.490234375,9126.9697265625,9165.7001953125,3813630000
2020-05-11,9298.919921875,9346.26953125,9155.2099609375,9155.2099609375,3925450000
2020-05-12,9112.4501953125,9354.4501953125,9109.08984375,9326.0595703125,4336510000
2020-05-13,9000.080078125,9209.490234375,8890.16015625,9123.6904296875,4273210000
2020-05-14,9094.419921875,9097.75,8860.76953125,8946.4501953125,3965970000
2020-05-15,9152.6396484375,9157.4599609375,8958.080078125,8976.2900390625,4240690000
2020-05-18,9331.9296875,9367.5400390625,9248.7802734375,9281.3603515625,4341820000
2020-05-19,9298.5400390625,9422.900390625,9296.25,9326.2802734375,4193550000
2020-05-20,9485.01953125,9498.2802734375,9412.830078125,9415.25,4315500000
2020-05-21,9377.990234375,9515.0498046875,9361.830078125,9487.6298828125,3745270000
2020-05-22,9413.990234375,9421.9296875,9325.0703125,9363.669921875,3668070000
2020-05-26,9389.98046875,9570.5302734375,9379.900390625,9570.5302734375,4448950000
2020-05-27,9442.0498046875,9445.0595703125,9182.4501953125,9366.6298828125,4489110000
2020-05-28,9416.7099609375,9568.8896484375,9391.83984375,9404.830078125,4113660000
2020-05-29,9555.5302734375,9573.5498046875,9379.9296875,9440.6396484375,4742290000
2020-06-01,9598.8896484375,9609.3798828125,9515.33984375,9526.4296875,3847770000
2020-06-02,9657.3095703125,9660.080078125,9511.8798828125,9603.1796875,3990080000
2020-06-03,9704.6904296875,9729.6904296875,9648.9296875,9689.7197265625,4679030000
2020-06-04,9629.66015625,9741.9697265625,9577.7099609375,9672.169921875,6141320000
2020-06-05,9824.3896484375,9846.6298828125,9659.4501953125,9673.08984375,6607730000
2020-06-08,9901.51953125,9904.51953125,9753.8701171875,9805.6904296875,6197330000
2020-06-09,9967.169921875,10006.900390625,9859.0,9861.1796875,5319450000
2020-06-10,10094.259765625,10155.2001953125,10022.4404296875,10037.98046875,5170860000
2020-06-11,9588.48046875,9978.1904296875,9586.25,9907.5595703125,5300850000
2020-06-12,9663.7802734375,9849.009765625,9499.08984375,9785.580078125,4388990000
2020-06-15,9776.8896484375,9809.41015625,9489.580078125,9517.1396484375,4476010000
2020-06-16,9949.3701171875,10010.8896484375,9801.4501953125,9983.650390625,4669320000
2020-06-17,9982.48046875,10058.650390625,9952.5,9998.8603515625,4279700000
2020-06-18,10012.0498046875,10018.5595703125,9942.1103515625,9972.349609375,4335320000
2020-06-19,10008.6396484375,10121.669921875,9937.8095703125,10104.6298828125,6093830000
2020-06-22,10130.330078125,10134.6396484375,9989.490234375,10009.0,4506960000
2020-06-23,10209.8203125,10306.900390625,10172.0703125,10192.419921875,5755170000
2020-06-24,10002.7001953125,10232.419921875,9943.240234375,10183.76953125,5589130000
2020-06-25,10101.830078125,10110.2900390625,9901.2099609375,10003.5,4779640000
2020-06-26,9849.3603515625,10093.98046875,9837.740234375,10087.080078125,7309380000
2020-06-29,9961.16015625,9965.080078125,9742.8896484375,9850.5498046875,4336290000
2020-06-30,10156.849609375,10185.349609375,9956.830078125,9970.2099609375,4510190000
2020-07-01,10279.25,10321.76953125,10142.75,10160.41015625,4624430000
2020-07-02,10341.8896484375,10432.5498046875,10328.7802734375,10386.3798828125,4038920000
2020-07-06,10604.0595703125,10625.099609375,10485.8203125,10487.7001953125,4570260000
2020-07-07,10524.009765625,10704.9296875,10516.6298828125,10595.9404296875,4337130000
2020-07-08,10666.7001953125,10669.1298828125,10528.8203125,10594.41015625,4030210000
2020-07-09,10754.58984375,10785.9599609375,10574.9697265625,10745.8701171875,4013180000
2020-07-10,10836.330078125,10842.7802734375,10639.48046875,10751.76953125,3537510000
2020-07-13,10602.2099609375,11069.259765625,10574.5595703125,10951.5400390625,4851880000
2020-07-14,10689.51953125,10701.8798828125,10370.7900390625,10502.849609375,4461770000
2020-07-15,10701.6796875,10780.400390625,10570.9599609375,10752.1103515625,4647070000
2020-07-16,10626.4599609375,10658.900390625,10495.08984375,10589.8603515625,4277760000
2020-07-17,10645.2197265625,10680.7001953125,10558.7802734375,10651.599609375,4361480000
2020-07-20,10952.080078125,10971.51953125,10621.900390625,10672.9599609375,4314630000
2020-07-21,10833.0703125,11017.4296875,10800.8701171875,11015.5400390625,5350750000
2020-07-22,10870.75,10910.240234375,10776.240234375,10850.919921875,4128960000
2020-07-23,10580.58984375,10885.3798828125,10531.2197265625,10853.16015625,4501540000
2020-07-24,10483.1298828125,10543.419921875,10313.9404296875,10389.5400390625,4233390000
2020-07-27,10674.3798828125,10689.5498046875,10527.6396484375,10547.1103515625,4244570000
2020-07-28,10532.5,10662.1904296875,10527.4296875,10644.33984375,3894660000
2020-07-29,10662.98046875,10694.8798828125,10587.2001953125,10602.400390625,4009640000
2020-07-30,10715.509765625,10737.0302734375,10531.7900390625,10578.6298828125,4185810000
2020-07-31,10905.8798828125,10908.33984375,10707.400390625,10886.3603515625,4438730000
2020-08-03,11055.080078125,11085.5,10997.669921875,11018.01953125,4203890000
2020-08-04,11096.5400390625,11097.849609375,11002.5498046875,11048.5,4016520000
2020-08-05,11125.4404296875,11141.6904296875,11077.7001953125,11107.240234375,4160740000
2020-08-06,11267.080078125,11282.240234375,11090.5,11116.490234375,4120000000
2020-08-07,11139.3896484375,11276.2998046875,11044.599609375,11235.240234375,4263930000
2020-08-10,11085.169921875,11159.3798828125,10941.8701171875,11153.509765625,4048420000
2020-08-11,10876.080078125,11090.919921875,10855.0595703125,11039.6796875,4331770000
2020-08-12,11157.7197265625,11190.259765625,10970.8701171875,10972.0703125,3745230000
2020-08-13,11178.3701171875,11271.2197265625,11139.6396484375,11174.6396484375,3480470000
2020-08-14,11164.4501953125,11213.26953125,11106.9296875,11187.8203125,3514260000
2020-08-17,11288.5703125,11306.4697265625,11228.1396484375,11231.9697265625,3214870000
2020-08-18,11399.0302734375,11421.099609375,11279.080078125,11339.759765625,3228590000
2020-08-19,11318.6396484375,11440.2197265625,11303.400390625,11397.23046875,3496480000
2020-08-20,11477.0498046875,11497.1796875,11268.4599609375,11277.0498046875,4215130000
2020-08-21,11555.16015625,11574.7900390625,11461.5302734375,11476.849609375,3929290000
2020-08-24,11626.169921875,11728.08984375,11535.5498046875,11703.33984375,3907310000
2020-08-25,11721.8095703125,11723.9501953125,11580.8896484375,11610.580078125,3475280000
2020-08-26,11971.9404296875,11979.650390625,11768.0,11779.349609375,3471520000
2020-08-27,11926.16015625,12047.990234375,11842.83984375,11997.8896484375,3547400000
2020-08-28,11995.849609375,12018.1396484375,11928.6904296875,11992.6796875,3012980000
2020-08-31,12110.7001953125,12167.4599609375,12000.1103515625,12017.4599609375,3612050000
2020-09-01,12292.8603515625,12300.4404296875,12132.7802734375,12203.3603515625,3511060000
2020-09-02,12420.5400390625,12439.48046875,12176.1796875,12417.4501953125,3982360000
2020-09-03,11771.3701171875,12235.0,11662.1103515625,12195.75,4465010000
2020-09-04,11622.1298828125,11846.1796875,11145.990234375,11686.240234375,4284440000
2020-09-08,11068.259765625,11400.4599609375,11055.16015625,11143.91015625,3905420000
2020-09-09,11395.849609375,11480.3701171875,11197.1298828125,11308.25,3550660000
2020-09-10,11154.1201171875,11566.33984375,11095.9404296875,11501.4296875,3840010000
2020-09-11,11087.400390625,11280.41015625,10945.2197265625,11251.1904296875,3630250000
2020-09-14,11277.759765625,11363.25,11192.8203125,11250.7998046875,3737610000
2020-09-15,11438.8701171875,11495.400390625,11367.2001953125,11432.9404296875,3786110000
2020-09-16,11247.599609375,11486.08984375,11242.9599609375,11467.900390625,3678020000
2020-09-17,11080.9501953125,11160.0400390625,10936.7998046875,10965.740234375,3740110000
2020-09-18,10936.98046875,11153.9697265625,10769.400390625,11147.7998046875,5759090000
2020-09-21,10980.2197265625,10984.759765625,10677.849609375,10768.009765625,3900970000
2020-09-22,11186.3701171875,11207.080078125,10943.259765625,11082.08984375,3515440000
2020-09-23,10833.330078125,11179.58984375,10806.0498046875,11167.2197265625,4097320000
2020-09-24,10896.4697265625,11026.4296875,10728.41015625,10746.349609375,4086360000
2020-09-25,11151.1298828125,11177.73046875,10851.6796875,10910.5,3785270000
2020-09-28,11364.4501953125,11369.400390625,11243.240234375,11332.3203125,3591740000
2020-09-29,11322.9501953125,11396.2197265625,11305.7900390625,11354.7001953125,3389040000
2020-09-30,11418.0595703125,11535.009765625,11328.5498046875,11328.5498046875,4260630000
2020-10-01,11583.2001953125,11606.73046875,11488.599609375,11554.9599609375,4005900000
2020-10-02,11255.6904296875,11479.080078125,11225.169921875,11328.849609375,3731510000
2020-10-05,11509.0595703125,11512.0595703125,11336.0703125,11345.240234375,3623920000
2020-10-06,11291.26953125,11536.419921875,11256.259765625,11476.6796875,4390960000
2020-10-07,11503.1904296875,11519.5498046875,11382.48046875,11412.650390625,3910770000
2020-10-08,11550.9404296875,11582.7802734375,11510.240234375,11576.4404296875,3507570000
2020-10-09,11725.849609375,11727.599609375,11600.8603515625,11615.5703125,3504230000
2020-10-12,12088.1103515625,12204.75,11880.23046875,11900.1201171875,3885030000
2020-10-13,12083.169921875,12187.7802734375,12032.75,12131.0703125,3634130000
2020-10-14,11985.3603515625,12159.2099609375,11913.5703125,12105.099609375,3410410000
2020-10-15,11898.5703125,11928.6298828125,11765.490234375,11767.26953125,3325270000
2020-10-16,11852.169921875,12034.1298828125,11824.1396484375,11952.1201171875,3166980000
2020-10-19,11634.349609375,11962.4697265625,11606.48046875,11913.009765625,3477410000
2020-10-20,11677.83984375,11801.400390625,11613.759765625,11679.080078125,3510040000
2020-10-21,11665.3701171875,11789.4599609375,11646.48046875,11686.1904296875,3467310000
2020-10-22,11662.91015625,11739.2197265625,11529.73046875,11712.6396484375,3434040000
2020-10-23,11692.5703125,11693.009765625,11569.08984375,11680.73046875,3145570000
2020-10-26,11504.51953125,11708.080078125,11360.73046875,11584.169921875,3205100000
2020-10-27,11598.9501953125,11633.490234375,11503.099609375,11560.8603515625,3104770000
2020-10-28,11142.759765625,11426.099609375,11136.099609375,11400.48046875,3930690000
2020-10-29,11350.740234375,11467.3701171875,11187.080078125,11214.330078125,3244190000
2020-10-30,11052.9501953125,11293.759765625,10960.01953125,11265.7001953125,3671600000
2020-11-02,11084.759765625,11222.51953125,10957.1103515625,11152.48046875,3209000000
2020-11-03,11279.91015625,11356.080078125,11115.5498046875,11155.849609375,3216580000
2020-11-04,11777.01953125,11846.4599609375,11564.91015625,11627.759765625,3620760000
2020-11-05,12078.0703125,12117.0400390625,11977.0703125,12021.76953125,3848160000
2020-11-06,12091.349609375,12116.91015625,11895.5,12044.2900390625,4183220000
2020-11-09,11830.3896484375,12268.66015625,11818.240234375,12194.7099609375,5863900000
2020-11-10,11624.2900390625,11761.9501953125,11512.4599609375,11704.4599609375,4736560000
2020-11-11,11892.9296875,11904.1298828125,11714.3203125,11734.8095703125,3854680000
2020-11-12,11827.1396484375,11976.8896484375,11786.08984375,11924.150390625,3886670000
2020-11-13,11937.83984375,11957.08984375,11808.9501953125,11910.6201171875,3654230000
2020-11-16,12013.3798828125,12035.5,11891.849609375,11925.3603515625,4172570000
2020-11-17,11977.490234375,12047.1298828125,11964.2001953125,12030.26953125,4145030000
2020-11-18,11894.7099609375,12027.150390625,11892.5400390625,11963.3603515625,4731420000
2020-11-19,11985.4296875,12000.2900390625,11842.66015625,11863.1201171875,5385190000
2020-11-20,11906.4404296875,12017.419921875,11903.5703125,11976.0,5350970000
2020-11-23,11905.9404296875,12001.830078125,11817.5302734375,11959.8896484375,5473250000
2020-11-24,12079.8095703125,12094.16015625,11878.3095703125,11952.7001953125,6339580000
2020-11-25,12152.2197265625,12174.990234375,12081.509765625,12112.1103515625,4448640000
2020-11-27,12258.2099609375,12306.7099609375,12214.4501953125,12220.3701171875,3401830000
2020-11-30,12268.3203125,12299.6103515625,12090.9296875,12278.7802734375,7760390000
2020-12-01,12455.330078125,12510.01953125,12338.3603515625,12387.6201171875,6512420000
2020-12-02,12456.41015625,12472.25,12318.26953125,12390.580078125,5194960000
2020-12-03,12467.1298828125,12538.919921875,12445.3603515625,12469.16015625,5209980000
2020-12-04,12528.48046875,12531.2099609375,12450.509765625,12479.91015625,5086900000
2020-12-07,12596.4697265625,12610.0,12523.1201171875,12523.5703125,4771820000
2020-12-08,12635.7197265625,12651.349609375,12504.9697265625,12574.83984375,4809480000
2020-12-09,12364.6396484375,12643.240234375,12311.2998046875,12626.9697265625,5168450000
2020-12-10,12401.740234375,12447.849609375,12226.1298828125,12268.4697265625,4518580000
2020-12-11,12375.41015625,12378.6103515625,12236.7998046875,12327.0703125,4292680000
2020-12-14,12462.2099609375,12544.3095703125,12426.25,12427.8603515625,4491930000
2020-12-15,12595.919921875,12596.83984375,12467.5703125,12565.2802734375,4423650000
2020-12-16,12668.16015625,12698.1103515625,12568.7099609375,12607.8701171875,4592700000
2020-12-17,12752.0595703125,12760.9697265625,12685.98046875,12741.6396484375,5029830000
2020-12-18,12738.1796875,12793.4697265625,12611.2197265625,12786.919921875,7125800000
2020-12-21,12690.259765625,12706.4404296875,12474.0302734375,12575.599609375,5192860000
2020-12-22,12717.5595703125,12761.23046875,12606.419921875,12715.48046875,5811850000
2020-12-23,12653.1396484375,12737.58984375,12649.599609375,12733.75,7100250000
2020-12-24,12711.009765625,12732.5498046875,12665.7998046875,12668.2001953125,3305960000
2020-12-28,12838.8603515625,12861.91015625,12747.0498046875,12813.9697265625,5109140000
2020-12-29,12843.490234375,12925.5302734375,12816.58984375,12909.8603515625,4726920000
2020-12-30,12845.3603515625,12917.4501953125,12828.7900390625,12900.0302734375,5343010000
2020-12-31,12888.2802734375,12904.08984375,12804.75,12852.9599609375,4815840000
2021-01-04,12694.66015625,12950.2197265625,12537.419921875,12950.2197265625,6636170000
2021-01-05,12802.3798828125,12809.669921875,12663.1298828125,12663.1298828125,6971860000
2021-01-06,12623.349609375,12803.2900390625,12569.419921875,12601.259765625,7689880000
2021-01-07,12939.5703125,12966.6796875,12744.8203125,12745.41015625,6841480000
2021-01-08,13105.2001953125,13113.08984375,12939.73046875,13037.240234375,7289390000
2021-01-11,12902.490234375,13023.2099609375,12883.58984375,12961.5,6960470000
2021-01-12,12892.08984375,12957.4296875,12783.7099609375,12916.099609375,7264070000
2021-01-13,12973.6298828125,13008.849609375,12878.01953125,12911.8701171875,7104810000
2021-01-14,12898.6904296875,13037.0498046875,12886.16015625,13010.9404296875,6734100000
2021-01-15,12803.9296875,12941.2900390625,12758.099609375,12898.08984375,6458360000
2021-01-19,12996.5400390625,13012.08984375,12861.2998046875,12921.6103515625,6297860000
2021-01-20,13296.4501953125,13332.259765625,13138.2998046875,13155.1201171875,6820990000
2021-01-21,13404.990234375,13433.6904296875,13297.7900390625,13356.7001953125,7258640000
2021-01-22,13366.400390625,13404.76953125,13336.900390625,13356.1796875,5972750000
2021-01-25,13483.2900390625,13563.7001953125,13205.58984375,13515.6298828125,7193710000
2021-01-26,13490.1904296875,13536.2998046875,13440.3203125,13507.4697265625,6849600000
2021-01-27,13112.650390625,13393.509765625,13034.1396484375,13371.16015625,11621190000
2021-01-28,13201.5302734375,13401.849609375,13150.099609375,13163.3203125,9959270000
2021-01-29,12925.3798828125,13167.8701171875,12845.4296875,13124.7001953125,7872250000
2021-02-01,13248.900390625,13280.2197265625,12983.099609375,13067.650390625,7092520000
2021-02-02,13456.1201171875,13501.23046875,13363.759765625,13371.3701171875,7325270000
2021-02-03,13402.3701171875,13561.4501953125,13400.080078125,13555.0302734375,7546940000
2021-02-04,13560.8896484375,13563.1298828125,13406.4404296875,13454.849609375,7295370000
2021-02-05,13603.9599609375,13642.9599609375,13527.8095703125,13592.76953125,6792910000
2021-02-08,13695.01953125,13698.41015625,13607.9599609375,13672.330078125,8564530000
2021-02-09,13687.080078125,13741.7900390625,13664.7001953125,13667.1396484375,8766770000
2021-02-10,13655.26953125,13770.91015625,13531.9296875,13751.419921875,10785930000
2021-02-11,13734.349609375,13747.2001953125,13637.1904296875,13723.6298828125,10916780000
2021-02-12,13807.7001953125,13816.25,13656.7802734375,13695.900390625,7416940000
2021-02-16,13773.76953125,13879.76953125,13726.7802734375,13841.0302734375,7722100000
2021-02-17,13699.7099609375,13713.1396484375,13552.66015625,13636.150390625,7280500000
2021-02-18,13637.509765625,13669.9404296875,13477.169921875,13556.009765625,6499420000
2021-02-19,13580.7802734375,13701.6904296875,13545.4501953125,13686.23046875,6737820000
2021-02-22,13223.740234375,13447.3701171875,13220.76953125,13414.0400390625,6483740000
2021-02-23,13194.7099609375,13259.849609375,12758.1201171875,12982.3603515625,7516510000
2021-02-24,13302.1904296875,13312.4296875,12971.8203125,13095.8603515625,5886230000
2021-02-25,12828.3095703125,13294.5595703125,12773.759765625,13197.75,6390380000
2021-02-26,12909.4404296875,13090.3603515625,12764.33984375,12958.9599609375,5906110000
2021-03-01,13282.9501953125,13293.7802734375,13051.7001953125,13106.01953125,5079530000
2021-03-02,13059.9501953125,13301.6201171875,13052.1201171875,13297.759765625,4948140000
2021-03-03,12683.330078125,13057.2900390625,12679.8896484375,13020.099609375,5529980000
2021-03-04,12464.0,12799.080078125,12314.16015625,12655.919921875,7864380000
2021-03-05,12668.509765625,12700.9599609375,12208.3896484375,12594.16015625,7725200000
2021-03-08,12299.080078125,12718.580078125,12287.5703125,12629.5595703125,6010230000
2021-03-09,12794.490234375,12868.51953125,12592.830078125,12635.4501953125,6345560000
2021-03-10,12752.0703125,12979.3798828125,12726.849609375,12950.25,6023880000
2021-03-11,13052.900390625,13117.8603515625,12920.009765625,12960.5302734375,6008850000
2021-03-12,12937.2900390625,12943.580078125,12778.1298828125,12873.3896484375,5497210000
2021-03-15,13082.5400390625,13085.009765625,12885.6396484375,12936.1298828125,5972370000
2021-03-16,13152.2802734375,13297.48046875,13091.7802734375,13156.650390625,5493890000
2021-03-17,13202.3798828125,13280.2900390625,12950.080078125,13024.830078125,5536110000
2021-03-18,12789.1396484375,13040.3603515625,12781.5302734375,13006.2900390625,5739720000
2021-03-19,12866.990234375,12906.01953125,12704.0703125,12792.669921875,7630590000
2021-03-22,13086.509765625,13167.4599609375,12943.1396484375,12943.1396484375,5321760000
2021-03-23,13017.7900390625,13180.66015625,12993.5,13127.169921875,5675010000
2021-03-24,12798.8798828125,13077.490234375,12797.849609375,13072.8203125,6248650000
2021-03-25,12780.509765625,12845.66015625,12627.9296875,12707.580078125,5634290000
2021-03-26,12979.1201171875,12992.2998046875,12721.66015625,12777.26953125,5224360000
2021-03-29,12965.740234375,13013.4697265625,12836.599609375,12950.509765625,4965090000
2021-03-30,12896.5302734375,12929.4599609375,12798.0302734375,12904.009765625,4721950000
2021-03-31,13091.4404296875,13167.0595703125,12966.650390625,12970.330078125,5004720000
2021-04-01,13329.51953125,13333.41015625,13255.8203125,13268.8798828125,4576480000
2021-04-05,13598.16015625,13623.599609375,13420.8095703125,13434.0400390625,4459000000
2021-04-06,13578.4599609375,13660.2900390625,13551.599609375,13567.2001953125,4073710000
2021-04-07,13616.7001953125,13648.7998046875,13532.6298828125,13553.900390625,4098740000
2021-04-08,13758.509765625,13763.1796875,13703.509765625,13730.73046875,4153600000
2021-04-09,13845.0595703125,13849.3095703125,13674.919921875,13709.669921875,3926110000
2021-04-12,13819.349609375,13839.3896484375,13747.6298828125,13792.740234375,4250900000
2021-04-13,13986.490234375,14002.5302734375,13874.580078125,13874.580078125,4219360000
2021-04-14,13803.91015625,13990.5400390625,13782.1796875,13988.8603515625,4120770000
2021-04-15,14026.1904296875,14040.1103515625,13931.009765625,13934.8701171875,4406880000
2021-04-16,14041.91015625,14050.3798828125,13966.5400390625,14035.9599609375,4427780000
2021-04-19,13907.669921875,14025.6396484375,13835.75,13970.830078125,4379610000
2021-04-20,13809.2998046875,13934.8896484375,13730.58984375,13891.9599609375,4245120000
2021-04-21,13935.150390625,13939.7001953125,13717.4404296875,13768.919921875,3999620000
2021-04-22,13762.3603515625,13954.0302734375,13716.759765625,13920.8798828125,4420820000
2021-04-23,13941.4404296875,13989.4296875,13789.4501953125,13794.490234375,4355100000
2021-04-26,14026.16015625,14039.400390625,13919.9296875,13954.9404296875,4506210000
2021-04-27,13960.2802734375,14048.33984375,13931.1796875,14048.1298828125,4691460000
2021-04-28,13901.6201171875,13992.080078125,13895.150390625,13953.6103515625,4559710000
2021-04-29,13970.2001953125,14073.48046875,13836.099609375,14063.9404296875,4928030000
2021-04-30,13860.759765625,13969.2099609375,13838.8203125,13857.7900390625,4792460000
2021-05-03,13799.7197265625,13955.0,13784.66015625,13923.0400390625,4761430000
2021-05-04,13544.669921875,13705.3798828125,13396.1103515625,13680.6298828125,5879730000
2021-05-05,13503.3701171875,13676.8603515625,13478.580078125,13649.1201171875,4535690000
2021-05-06,13613.73046875,13617.33984375,13403.4599609375,13490.9404296875,5021400000
2021-05-07,13719.6298828125,13814.650390625,13669.7802734375,13715.5595703125,4391100000
2021-05-10,13359.080078125,13648.490234375,13358.6201171875,13647.73046875,4818670000
2021-05-11,13351.26953125,13381.66015625,13094.759765625,13102.6396484375,4738390000
2021-05-12,13001.6298828125,13236.8896484375,12967.1796875,13155.0703125,4752930000
2021-05-13,13109.150390625,13226.6396484375,13006.76953125,13133.73046875,4698110000
2021-05-14,13393.1201171875,13430.0,13220.1904296875,13238.990234375,4022610000
2021-05-17,13312.91015625,13350.1396484375,13196.5703125,13329.8603515625,3997780000
2021-05-18,13217.6796875,13400.51953125,13212.849609375,13352.259765625,4301300000
2021-05-19,13237.91015625,13243.98046875,12994.349609375,12998.5302734375,4333520000
2021-05-20,13494.08984375,13526.009765625,13293.099609375,13294.58984375,3990760000
2021-05-21,13411.740234375,13573.83984375,13401.5302734375,13573.2197265625,3733940000
2021-05-24,13641.75,13687.6103515625,13500.1201171875,13504.3896484375,3509470000
2021-05-25,13657.73046875,13734.41015625,13614.5400390625,13701.2998046875,4128990000
2021-05-26,13702.740234375,13726.0595703125,13661.0595703125,13687.7099609375,4264500000
2021-05-27,13657.849609375,13724.759765625,13652.1298828125,13686.8603515625,5087180000
2021-05-28,13686.509765625,13765.7998046875,13684.830078125,13717.0,4447940000
2021-06-01,13654.58984375,13773.4501953125,13602.1201171875,13764.26953125,4186280000
2021-06-02,13675.7900390625,13712.6796875,13610.16015625,13655.7099609375,5097630000
2021-06-03,13529.6796875,13608.5400390625,13469.849609375,13568.91015625,5396250000
2021-06-04,13770.76953125,13784.76953125,13613.580078125,13619.7900390625,4360710000
2021-06-07,13802.8896484375,13808.419921875,13710.1103515625,13744.150390625,4639210000
2021-06-08,13810.8603515625,13913.400390625,13746.419921875,13873.4599609375,5958410000
2021-06-09,13814.9404296875,13900.7099609375,13811.0498046875,13865.509765625,5640490000
2021-06-10,13960.349609375,13962.98046875,13817.830078125,13834.259765625,4919880000
2021-06-11,13998.2998046875,13998.650390625,13934.0,13959.4697265625,4157580000
2021-06-14,14128.2001953125,14129.330078125,13963.9404296875,14002.1396484375,4415160000
2021-06-15,14030.41015625,14126.259765625,14008.9296875,14120.8095703125,4554580000
2021-06-16,13983.009765625,14100.1103515625,13843.599609375,14053.1201171875,4683030000
2021-06-17,14163.8095703125,14205.4296875,13946.51953125,13946.7001953125,4558280000
2021-06-18,14049.580078125,14140.6201171875,14024.599609375,14125.1201171875,6126070000
2021-06-21,14137.23046875,14150.91015625,13967.8896484375,14055.0400390625,4562010000
2021-06-22,14270.419921875,14288.490234375,14128.009765625,14140.2998046875,4433140000
2021-06-23,14274.240234375,14324.740234375,14247.580078125,14275.08984375,4417470000
2021-06-24,14365.9599609375,14429.1396484375,14337.650390625,14358.2998046875,4324620000
2021-06-25,14345.1796875,14401.7099609375,14324.259765625,14396.6298828125,7468090000
2021-06-28,14524.98046875,14530.0703125,14400.58984375,14401.6298828125,4283000000
2021-06-29,14572.75,14575.1904296875,14481.849609375,14523.6298828125,4901300000
2021-06-30,14554.7998046875,14582.2998046875,14530.8701171875,14560.0703125,5293810000
2021-07-01,14560.0498046875,14576.6396484375,14483.419921875,14530.6298828125,4410470000
2021-07-02,14727.6298828125,14738.1396484375,14626.8203125,14633.509765625,3751420000
2021-07-06,14786.3603515625,14797.4501953125,14635.3095703125,14755.150390625,4489540000
2021-07-07,14810.5400390625,14891.1904296875,14735.75,14889.759765625,4605630000
2021-07-08,14722.1396484375,14763.669921875,14551.759765625,14577.669921875,4575010000
2021-07-09,14826.08984375,14838.7197265625,14685.5400390625,14709.3203125,3826500000
2021-07-12,14877.8896484375,14899.4599609375,14813.7900390625,14878.7099609375,3897090000
2021-07-13,14874.5400390625,15002.2802734375,14843.7998046875,14871.0400390625,4583460000
2021-07-14,14900.4404296875,15001.1298828125,14871.73046875,14984.8603515625,4496220000
2021-07-15,14794.6904296875,14907.509765625,14717.5498046875,14903.490234375,4512550000
2021-07-16,14681.3798828125,14875.9697265625,14667.099609375,14842.080078125,4069530000
2021-07-19,14549.08984375,14578.9599609375,14455.0703125,14517.9599609375,4537130000
2021-07-20,14728.2099609375,14790.599609375,14530.7802734375,14601.33984375,4652450000
2021-07-21,14842.6298828125,14843.169921875,14710.1103515625,14723.669921875,4098520000
2021-07-22,14940.169921875,14941.3798828125,14865.4697265625,14865.4697265625,3597540000
2021-07-23,15111.7900390625,15125.83984375,14948.0400390625,15004.4296875,3997250000
2021-07-26,15125.9501953125,15142.349609375,15048.23046875,15088.2802734375,4437090000
2021-07-27,14956.9697265625,15107.740234375,14787.7998046875,15103.009765625,4329230000
2021-07-28,15018.099609375,15078.849609375,14913.5498046875,15005.169921875,4268210000
2021-07-29,15048.3603515625,15091.9599609375,15004.419921875,15015.2998046875,3928640000
2021-07-30,14959.900390625,14990.8603515625,14882.3896484375,14882.3896484375,3645050000
2021-08-02,14963.6201171875,15059.8896484375,14945.1298828125,15046.099609375,3746130000
2021-08-03,15061.419921875,15063.66015625,14864.5302734375,14997.2001953125,4141370000
2021-08-04,15083.3896484375,15117.3798828125,15017.1396484375,15059.16015625,4337330000
2021-08-05,15181.6396484375,15184.26953125,15083.83984375,15105.400390625,4107300000
2021-08-06,15109.3603515625,15162.33984375,15063.01953125,15125.740234375,4173090000
2021-08-09,15133.1103515625,15154.6796875,15081.75,15136.1396484375,4111640000
2021-08-10,15053.580078125,15169.4501953125,15010.16015625,15157.3701171875,3991770000
2021-08-11,15027.759765625,15127.7802734375,14972.599609375,15101.8203125,4002340000
2021-08-12,15088.98046875,15097.91015625,14956.25,15012.599609375,4049000000
2021-08-13,15136.6796875,15150.48046875,15079.2998046875,15101.83984375,4061070000
2021-08-16,15140.76953125,15142.0302734375,14931.150390625,15090.0498046875,3973920000
2021-08-17,15002.830078125,15062.7001953125,14906.2197265625,15018.9404296875,4168880000
2021-08-18,14857.919921875,15039.900390625,14846.509765625,14975.01953125,3841840000
2021-08-19,14933.9404296875,15000.1904296875,14773.1904296875,14773.1904296875,4191490000
2021-08-20,15092.5703125,15103.9404296875,14968.8701171875,14974.0595703125,3886340000
2021-08-23,15312.8203125,15341.4697265625,15140.1396484375,15140.1396484375,3906780000
2021-08-24,15357.6796875,15384.419921875,15319.5498046875,15338.919921875,3809750000
2021-08-25,15368.919921875,15404.3603515625,15341.919921875,15384.830078125,3654150000
2021-08-26,15278.51953125,15369.2802734375,15265.23046875,15348.98046875,3630900000
2021-08-27,15432.9501953125,15447.0302734375,15292.740234375,15305.75,4048610000
2021-08-30,15605.08984375,15620.6201171875,15459.740234375,15460.9296875,4061760000
2021-08-31,15582.509765625,15604.4501953125,15522.7802734375,15601.33984375,4188020000
2021-09-01,15611.5703125,15696.419921875,15603.669921875,15637.1298828125,4271690000
2021-09-02,15604.25,15681.759765625,15554.2900390625,15656.2802734375,4050510000
2021-09-03,15652.8603515625,15668.1201171875,15554.9697265625,15578.9599609375,3706990000
2021-09-07,15675.759765625,15701.400390625,15610.23046875,15662.2998046875,4014250000
2021-09-08,15620.849609375,15669.009765625,15528.4501953125,15669.009765625,4131560000
2021-09-09,15561.0498046875,15675.4599609375,15556.740234375,15639.4404296875,4031140000
2021-09-10,15440.75,15673.5,15433.4296875,15648.0498046875,4587150000
2021-09-13,15434.5,15562.2802734375,15351.7001953125,15545.66015625,4723370000
2021-09-14,15382.900390625,15525.9697265625,15352.0595703125,15505.7802734375,4593140000
2021-09-15,15503.5302734375,15518.9501953125,15316.400390625,15419.9501953125,4465140000
2021-09-16,15515.91015625,15539.1396484375,15370.8798828125,15452.669921875,3701500000
2021-09-17,15333.4697265625,15485.2099609375,15291.0400390625,15481.4296875,6709540000
2021-09-20,15012.1904296875,15157.259765625,14821.0302734375,15068.650390625,4879490000
2021-09-21,15027.76953125,15139.900390625,14986.98046875,15096.9697265625,4083010000
2021-09-22,15176.509765625,15230.33984375,15029.900390625,15073.9599609375,4252490000
2021-09-23,15316.580078125,15356.919921875,15199.4296875,15231.2001953125,4196130000
2021-09-24,15329.6796875,15345.5400390625,15209.16015625,15222.9697265625,3992150000
2021-09-27,15204.8203125,15240.580078125,15106.4501953125,15205.23046875,4650790000
2021-09-28,14770.2998046875,15040.5703125,14758.98046875,15001.98046875,4989510000
2021-09-29,14752.8896484375,14914.919921875,14727.41015625,14835.509765625,5294600000
2021-09-30,14689.6201171875,14888.2197265625,14684.5498046875,14830.2998046875,5950950000
2021-10-01,14791.8701171875,14830.83984375,14555.1201171875,14731.3798828125,4710720000
2021-10-04,14472.1201171875,14727.599609375,14384.9296875,14713.599609375,4557110000
2021-10-05,14674.150390625,14763.6396484375,14520.23046875,14533.4296875,4176390000
2021-10-06,14766.75,14775.6396484375,14499.48046875,14529.8896484375,4465910000
2021-10-07,14897.1298828125,15010.3203125,14878.2197265625,14899.0703125,3984180000
2021-10-08,14820.75,14948.349609375,14805.5,14942.3603515625,3571380000
2021-10-11,14713.73046875,14907.5703125,14709.0498046875,14765.6904296875,3539540000
2021-10-12,14662.1103515625,14784.7802734375,14636.330078125,14772.2900390625,4063830000
2021-10-13,14774.599609375,14800.830078125,14676.580078125,14751.7998046875,4053580000
2021-10-14,15052.419921875,15059.8896484375,14901.58984375,14925.580078125,4262400000
2021-10-15,15146.919921875,15150.1396484375,15064.58984375,15106.9697265625,4494440000
2021-10-18,15300.8896484375,15307.509765625,15074.7099609375,15091.580078125,4167740000
2021-10-19,15410.7197265625,15414.9697265625,15320.6201171875,15349.4501953125,4483400000
2021-10-20,15388.7099609375,15457.1103515625,15333.4296875,15448.0,4117050000
2021-10-21,15489.58984375,15497.580078125,15350.5,15365.8095703125,4961860000
2021-10-22,15355.0703125,15474.2802734375,15291.9501953125,15422.0703125,5775770000
2021-10-25,15514.1904296875,15555.650390625,15338.490234375,15417.25,5750200000
2021-10-26,15559.490234375,15710.7900390625,15518.58984375,15615.3603515625,7173230000
2021-10-27,15598.3896484375,15729.75,15578.6796875,15603.16015625,6130110000
2021-10-28,15778.16015625,15784.0,15650.009765625,15674.3896484375,5714890000
2021-10-29,15850.4697265625,15856.900390625,15638.740234375,15638.740234375,5338290000
2021-11-01,15905.2802734375,15910.349609375,15785.3095703125,15879.6103515625,5273950000
2021-11-02,15972.490234375,15988.330078125,15877.26953125,15885.33984375,5129370000
2021-11-03,16144.5,16157.599609375,15950.58984375,16000.599609375,5325110000
2021-11-04,16346.240234375,16387.94921875,16169.5595703125,16193.2197265625,5297250000
2021-11-05,16359.3798828125,16454.48046875,16302.0595703125,16397.58984375,5566400000
2021-11-08,16336.0302734375,16401.9296875,16314.0,16351.490234375,5723650000
2021-11-09,16219.9404296875,16401.890625,16168.6298828125,16389.990234375,5574660000
2021-11-10,15985.5703125,16224.509765625,15905.2802734375,16087.01953125,5369110000
2021-11-11,16032.4697265625,16116.25,16019.3896484375,16114.0498046875,4570460000
2021-11-12,16199.8896484375,16218.5498046875,16012.7802734375,16078.1298828125,5446540000
2021-11-15,16189.1201171875,16256.73046875,16096.3701171875,16227.009765625,5020180000
2021-11-16,16309.76953125,16329.5,16156.6904296875,16170.2900390625,5533020000
2021-11-17,16308.0703125,16398.94921875,16276.76953125,16329.0703125,5049320000
2021-11-18,16482.970703125,16501.919921875,16309.509765625,16398.759765625,5391360000
2021-11-19,16573.33984375,16625.859375,16523.830078125,16558.560546875,4875310000
2021-11-22,16380.98046875,16764.859375,16374.7802734375,16644.76953125,5567830000
2021-11-23,16306.7197265625,16417.5,16121.7001953125,16330.1796875,5434380000
2021-11-24,16367.8095703125,16370.5595703125,16106.01953125,16202.259765625,4197090000
2021-11-26,16025.580078125,16302.580078125,15988.9501953125,16237.41015625,3502170000
2021-11-29,16399.240234375,16437.16015625,16214.5595703125,16263.4296875,4836230000
2021-11-30,16135.919921875,16454.560546875,16073.759765625,16333.9501953125,6631470000
2021-12-01,15877.7197265625,16427.189453125,15864.0,16347.9599609375,6320260000
2021-12-02,15990.759765625,16066.3203125,15770.919921875,15791.2998046875,5418340000
2021-12-03,15712.0400390625,16089.6103515625,15543.3095703125,16039.41015625,5900290000
2021-12-06,15846.16015625,15898.58984375,15557.7802734375,15744.91015625,5115230000
2021-12-07,16325.66015625,16343.669921875,16128.4404296875,16139.5595703125,5116490000
2021-12-08,16394.33984375,16401.099609375,16250.3896484375,16313.8798828125,4615390000
2021-12-09,16149.5703125,16413.279296875,16141.3896484375,16337.8095703125,4515600000
2021-12-10,16331.98046875,16339.1201171875,16139.0,16278.2998046875,4426210000
2021-12-13,16082.5498046875,16332.6298828125,16075.5400390625,16317.900390625,4573920000
2021-12-14,15914.900390625,15995.2099609375,15742.7998046875,15877.650390625,4865990000
2021-12-15,16289.58984375,16301.26953125,15746.9404296875,15908.4501953125,5343920000
2021-12-16,15863.9404296875,16340.5302734375,15802.6298828125,16335.0302734375,4906480000
2021-12-17,15801.4599609375,15960.25,15664.099609375,15714.5400390625,7668770000
2021-12-20,15627.6396484375,15662.6103515625,15508.740234375,15566.830078125,4602640000
2021-12-21,15986.2802734375,15997.6103515625,15617.48046875,15794.3798828125,4581720000
2021-12-22,16180.1396484375,16186.25,15947.5595703125,15963.5400390625,4107900000
2021-12-23,16308.2099609375,16360.75,16188.0302734375,16203.759765625,3935010000
2021-12-27,16567.5,16567.640625,16361.0703125,16361.0703125,3743920000
2021-12-28,16488.66015625,16607.189453125,16458.490234375,16602.919921875,3648500000
2021-12-29,16491.009765625,16548.919921875,16396.16015625,16510.630859375,3714380000
2021-12-30,16429.099609375,16569.619140625,16415.119140625,16485.400390625,3750920000
2021-12-31,16320.080078125,16464.619140625,16317.259765625,16411.259765625,3392580000
2022-01-03,16501.76953125,16504.140625,16306.6396484375,16395.509765625,4429960000
2022-01-04,16279.73046875,16513.869140625,16151.900390625,16513.869140625,5131110000
2022-01-05,15771.7802734375,16249.23046875,15763.83984375,16190.5498046875,5031850000
2022-01-06,15765.3603515625,15900.599609375,15608.5703125,15675.2197265625,4790820000
2022-01-07,15592.1904296875,15835.0,15526.7998046875,15774.1298828125,4238070000
2022-01-10,15614.4296875,15627.919921875,15165.5302734375,15383.1796875,5317180000
2022-01-11,15844.1201171875,15848.5595703125,15496.91015625,15582.7197265625,4390710000
2022-01-12,15905.099609375,16017.3896484375,15815.9501953125,15955.48046875,4338530000
2022-01-13,15495.6201171875,15990.3798828125,15468.08984375,15970.08984375,4302020000
2022-01-14,15611.58984375,15617.1796875,15396.4697265625,15396.4697265625,4374020000
2022-01-18,15210.759765625,15446.2998046875,15182.9599609375,15378.0595703125,5060790000
2022-01-19,15047.83984375,15382.0,15038.4404296875,15287.25,4665340000
2022-01-20,14846.4599609375,15347.6201171875,14832.6904296875,15176.3798828125,5102050000
2022-01-21,14438.400390625,14868.4501953125,14432.6396484375,14728.66015625,5870830000
2022-01-24,14509.580078125,14532.5703125,13724.849609375,14160.91015625,6998770000
2022-01-25,14149.1201171875,14410.4296875,14033.8095703125,14237.599609375,5019380000
2022-01-26,14172.759765625,14646.5400390625,14006.400390625,14492.51953125,5771140000
2022-01-27,14003.1103515625,14419.4501953125,13972.8798828125,14346.4599609375,5177380000
2022-01-28,14454.6103515625,14457.7802734375,13880.48046875,14091.3095703125,4971930000
2022-01-31,14930.0498046875,14934.51953125,14442.8798828125,14505.0703125,5124940000
2022-02-01,15019.6796875,15034.419921875,14749.490234375,14966.599609375,4671850000
2022-02-02,15139.740234375,15196.400390625,14960.849609375,15173.0302734375,4673140000
2022-02-03,14501.1103515625,14856.509765625,14471.2001953125,14693.849609375,4326300000
2022-02-04,14694.349609375,14832.0498046875,14452.2802734375,14566.2802734375,4121340000
2022-02-07,14571.25,14813.8603515625,14524.6298828125,14716.4296875,4268730000
2022-02-08,14747.0302734375,14785.2197265625,14485.7802734375,14533.25,4293770000
2022-02-09,15056.9599609375,15057.900390625,14870.3603515625,14930.990234375,4729730000
2022-02-10,14705.6396484375,15037.259765625,14636.6201171875,14770.6796875,5212510000
2022-02-11,14253.83984375,14769.6396484375,14194.5400390625,14739.4599609375,5237320000
2022-02-14,14268.58984375,14400.7802734375,14119.73046875,14233.400390625,4347350000
2022-02-15,14620.8203125,14624.5302734375,14444.4599609375,14482.1103515625,4416840000
2022-02-16,14603.6396484375,14647.7900390625,14399.2900390625,14514.83984375,4238560000
2022-02-17,14171.740234375,14497.4599609375,14155.4296875,14485.080078125,4278370000
2022-02-18,14009.5400390625,14225.7197265625,13918.759765625,14207.5498046875,4501940000
2022-02-22,13870.5302734375,14109.259765625,13720.919921875,13892.8095703125,4849170000
2022-02-23,13509.4296875,14035.9296875,13502.580078125,14016.9404296875,4639330000
2022-02-24,13974.669921875,13989.099609375,13065.4404296875,13065.4404296875,6180200000
2022-02-25,14189.16015625,14193.0,13850.2900390625,13973.900390625,4628720000
2022-02-28,14237.8095703125,14296.599609375,14009.3603515625,14058.6103515625,5928130000
2022-03-01,14005.990234375,14271.580078125,13906.919921875,14197.66015625,6131350000
2022-03-02,14243.6904296875,14292.7197265625,13962.6904296875,14075.1103515625,5246390000
2022-03-03,14035.2099609375,14342.5595703125,13965.1103515625,14339.7001953125,5092580000
2022-03-04,13837.830078125,13992.9697265625,13738.6103515625,13957.599609375,5343900000
2022-03-07,13319.3798828125,13879.099609375,13314.4404296875,13853.5302734375,6195370000
2022-03-08,13267.6103515625,13663.26953125,13129.400390625,13275.23046875,6683960000
2022-03-09,13742.2001953125,13793.1103515625,13504.48046875,13610.48046875,5396550000
2022-03-10,13591.0,13633.6904296875,13399.4599609375,13577.83984375,5071250000
2022-03-11,13301.830078125,13714.4404296875,13285.1904296875,13701.7998046875,5288210000
2022-03-14,13046.6396484375,13386.669921875,13020.400390625,13248.08984375,5876710000
2022-03-15,13458.5595703125,13488.1796875,13092.4501953125,13174.9697265625,5440100000
2022-03-16,13956.7900390625,13960.25,13475.08984375,13633.1201171875,6552210000
2022-03-17,14118.599609375,14125.669921875,13827.33984375,13878.990234375,5612090000
2022-03-18,14420.080078125,14427.4697265625,14014.4296875,14061.2900390625,8149290000
2022-03-21,14376.08984375,14470.6796875,14190.5302734375,14377.150390625,5673940000
2022-03-22,14654.330078125,14688.9697265625,14385.5498046875,14396.0302734375,5445100000
2022-03-23,14447.5498046875,14681.330078125,14446.0400390625,14525.2197265625,5024230000
2022-03-24,14765.6904296875,14767.73046875,14440.669921875,14529.7197265625,5149520000
2022-03-25,14754.3095703125,14805.8798828125,14577.58984375,14766.900390625,5585100000
2022-03-28,14987.400390625,14989.080078125,14705.919921875,14763.16015625,5129500000
2022-03-29,15239.3203125,15265.419921875,15039.6103515625,15142.9296875,6060890000
2022-03-30,15071.5498046875,15229.009765625,15010.33984375,15177.150390625,5479200000
2022-03-31,14838.490234375,15088.3798828125,14835.16015625,15074.23046875,5453890000
2022-04-01,14861.2099609375,14925.9296875,14723.830078125,14886.91015625,5002790000
2022-04-04,15159.580078125,15161.8896484375,14884.5703125,14903.3798828125,4630100000
2022-04-05,14820.6396484375,15120.669921875,14782.5703125,15109.26953125,4727710000
2022-04-06,14498.8896484375,14639.349609375,14395.400390625,14600.2998046875,5360420000
2022-04-07,14531.8095703125,14624.240234375,14315.6904296875,14469.5,4856090000
2022-04-08,14327.259765625,14490.1904296875,14307.6796875,14450.5302734375,4574080000
2022-04-11,13990.2099609375,14187.669921875,13979.1396484375,14149.599609375,4946680000
2022-04-12,13940.240234375,14264.740234375,13882.75,14175.66015625,4991720000
2022-04-13,14217.2900390625,14258.8095703125,13919.48046875,13939.6103515625,4909720000
2022-04-14,13893.2099609375,14235.3896484375,13884.8203125,14225.4697265625,4642240000
2022-04-18,13910.759765625,13997.9296875,13788.9599609375,13859.4697265625,4365230000
2022-04-19,14210.259765625,14236.509765625,13844.740234375,13882.75,4562840000
2022-04-20,13998.5302734375,14263.6103515625,13962.8603515625,14246.2001953125,4678930000
2022-04-21,13720.4501953125,14277.2099609375,13682.6796875,14174.919921875,5233110000
2022-04-22,13356.8701171875,13769.400390625,13342.7900390625,13714.6298828125,4475090000
2022-04-25,13533.2197265625,13541.76953125,13239.73046875,13275.41015625,4845160000
2022-04-26,13009.7099609375,13447.66015625,13009.650390625,13447.66015625,5168160000
2022-04-27,13003.3603515625,13241.9404296875,12936.41015625,13009.400390625,4810720000
2022-04-28,13456.0595703125,13542.5595703125,13038.169921875,13254.9599609375,5067150000
2022-04-29,12854.7998046875,13428.5302734375,12835.48046875,13274.9404296875,4733070000
2022-05-02,13075.849609375,13083.5703125,12716.6298828125,12864.830078125,4918240000
2022-05-03,13089.900390625,13178.740234375,12982.7001953125,13045.349609375,4547280000
2022-05-04,13535.7099609375,13556.669921875,12887.5302734375,13110.2998046875,5498050000
2022-05-05,12850.5498046875,13344.7900390625,12710.58984375,13344.7900390625,5308920000
2022-05-06,12693.5302734375,12926.580078125,12522.76953125,12776.8603515625,5324480000
2022-05-09,12187.7197265625,12542.3203125,12136.1904296875,12465.91015625,5939140000
2022-05-10,12345.8603515625,12537.8896484375,12173.4697265625,12496.83984375,6218260000
2022-05-11,11967.5595703125,12470.8896484375,11939.08984375,12240.2099609375,6152370000
2022-05-12,11945.5,12128.73046875,11692.1201171875,11790.1298828125,6679470000
2022-05-13,12387.400390625,12429.2802734375,12069.1298828125,12125.9296875,5894020000
2022-05-16,12243.580078125,12395.509765625,12196.2099609375,12297.0703125,4930250000
2022-05-17,12564.099609375,12572.990234375,12333.990234375,12496.6298828125,5093960000
2022-05-18,11928.3095703125,12389.9599609375,11887.0,12352.919921875,5064120000
2022-05-19,11875.6298828125,12066.849609375,11795.7900390625,11872.5595703125,5154410000
2022-05-20,11835.6201171875,12044.7001953125,11492.2900390625,12037.0302734375,5434370000
2022-05-23,12034.2802734375,12047.8095703125,11785.759765625,11867.080078125,4552200000
2022-05-24,11769.83984375,11842.8095703125,11576.1103515625,11807.7802734375,4724430000
2022-05-25,11943.9296875,12028.8896484375,11714.26953125,11732.4501953125,4519690000
2022-05-26,12276.7900390625,12337.73046875,11901.8701171875,11906.830078125,4672620000
2022-05-27,12681.419921875,12682.580078125,12405.2900390625,12421.7998046875,4793900000
2022-05-31,12642.099609375,12762.83984375,12482.3203125,12688.9501953125,6045500000
2022-06-01,12548.3603515625,12820.4697265625,12457.91015625,12750.3095703125,4719900000
2022-06-02,12892.8896484375,12897.6298828125,12447.76953125,12498.6298828125,4445840000
2022-06-03,12548.0302734375,12724.8095703125,12505.759765625,12650.3798828125,4130040000
2022-06-06,12599.6298828125,12804.4599609375,12534.580078125,12745.8896484375,4647010000
2022-06-07,12711.6796875,12737.2998046875,12413.5595703125,12456.490234375,4411240000
2022-06-08,12615.1298828125,12776.650390625,12578.5498046875,12682.8095703125,4708980000
2022-06-09,12269.7802734375,12666.41015625,12265.8603515625,12543.3701171875,5408460000
2022-06-10,11832.8203125,12082.6904296875,11825.349609375,12052.58984375,5152020000
2022-06-13,11288.3203125,11568.650390625,11254.1904296875,11472.1904296875,5937320000
2022-06-14,11311.6904296875,11418.2197265625,11205.919921875,11385.1796875,4819890000
2022-06-15,11593.76953125,11751.2900390625,11346.5400390625,11468.1298828125,5368500000
2022-06-16,11127.5703125,11311.0498046875,11037.2099609375,11286.8701171875,5696630000
2022-06-17,11265.990234375,11357.9697265625,11089.9296875,11172.650390625,7452830000
2022-06-21,11546.759765625,11638.4697265625,11446.98046875,11446.98046875,5226260000
2022-06-22,11527.7099609375,11708.080078125,11423.2001953125,11427.740234375,5238180000
2022-06-23,11697.6796875,11729.6201171875,11515.48046875,11622.08984375,5258200000
2022-06-24,12105.849609375,12112.8203125,11812.1796875,11826.9501953125,9468130000
2022-06-27,12008.240234375,12175.98046875,11965.669921875,12157.9296875,5047860000
2022-06-28,11637.76953125,12133.8701171875,11633.1298828125,12021.33984375,5433220000
2022-06-29,11658.259765625,11710.2099609375,11537.7197265625,11619.009765625,5650860000
2022-06-30,11503.7197265625,11650.9599609375,11322.8603515625,11532.3203125,5654520000
2022-07-01,11585.6796875,11592.849609375,11378.6298828125,11472.6298828125,4865730000
2022-07-05,11779.900390625,11781.740234375,11366.0703125,11419.33984375,5053570000
2022-07-06,11852.58984375,11941.3095703125,11727.3603515625,11807.080078125,4851170000
2022-07-07,12109.0498046875,12137.7099609375,11897.509765625,11913.73046875,4685050000
2022-07-08,12125.6904296875,12179.3203125,11956.0302734375,11977.9501953125,4526570000
2022-07-11,11860.2802734375,12026.0595703125,11830.8896484375,12008.759765625,4362910000
2022-07-12,11744.990234375,11990.4404296875,11684.01953125,11926.83984375,4317860000
2022-07-13,11728.5302734375,11819.6904296875,11498.9599609375,11523.91015625,4433060000
2022-07-14,11768.400390625,11801.1103515625,11488.26953125,11637.1796875,4481070000
2022-07-15,11983.6201171875,11987.51953125,11828.1298828125,11896.150390625,4369060000
2022-07-18,11877.5,12156.08984375,11836.51953125,12089.6796875,5057920000
2022-07-19,12249.419921875,12258.3701171875,11967.919921875,12046.6904296875,5302740000
2022-07-20,12439.6796875,12488.3896484375,12232.2001953125,12269.0703125,5467080000
2022-07-21,12619.41015625,12620.5,12351.419921875,12466.1298828125,4680930000
2022-07-22,12396.4697265625,12662.8603515625,12322.8203125,12575.759765625,4721880000
2022-07-25,12328.41015625,12415.58984375,12244.400390625,12391.2099609375,4346520000
2022-07-26,12086.900390625,12259.009765625,12051.2099609375,12248.2099609375,4349760000
2022-07-27,12601.4697265625,12660.76953125,12256.9404296875,12299.33984375,4588480000
2022-07-28,12717.8701171875,12741.830078125,12433.5498046875,12580.6103515625,4924950000
2022-07-29,12947.9697265625,12986.6396484375,12726.25,12784.2001953125,4907410000
2022-08-01,12940.7802734375,13084.6103515625,12833.16015625,12877.0400390625,4396390000
2022-08-02,12901.599609375,13073.26953125,12809.009765625,12853.0400390625,4792140000
2022-08-03,13253.259765625,13289.1904296875,12974.849609375,12983.580078125,5667990000
2022-08-04,13311.0400390625,13326.7197265625,13170.4404296875,13253.76953125,5451470000
2022-08-05,13207.6904296875,13286.01953125,13070.3603515625,13107.4501953125,4911300000
2022-08-08,13159.16015625,13394.5400390625,13103.7998046875,13227.08984375,5238600000
2022-08-09,13008.169921875,13095.7001953125,12945.599609375,13064.240234375,5307340000
2022-08-10,13378.3203125,13386.849609375,13220.0498046875,13330.66015625,5196210000
2022-08-11,13291.990234375,13555.3798828125,13271.349609375,13471.0302734375,5815960000
2022-08-12,13565.8701171875,13565.8701171875,13341.650390625,13384.650390625,4782610000
2022-08-15,13667.1796875,13685.650390625,13524.5302734375,13529.66015625,4476040000
2022-08-16,13635.2099609375,13720.91015625,13508.4697265625,13617.66015625,5028410000
2022-08-17,13470.8603515625,13591.580078125,13389.8203125,13499.240234375,5229520000
2022-08-18,13505.990234375,13553.2802734375,13405.740234375,13474.240234375,4724350000
2022-08-19,13242.900390625,13402.6103515625,13210.8203125,13370.25,4628170000
2022-08-22,12890.5400390625,13073.0703125,12859.8203125,13056.3896484375,4270980000
2022-08-23,12881.7900390625,13000.7099609375,12852.7001953125,12885.2802734375,3836180000
2022-08-24,12917.8603515625,12995.1396484375,12843.580078125,12876.23046875,3917170000
2022-08-25,13143.580078125,13146.83984375,12951.6103515625,12984.740234375,4323470000
2022-08-26,12605.169921875,13175.25,12603.41015625,13129.91015625,4530000000
2022-08-29,12484.3203125,12594.33984375,12440.400390625,12488.4599609375,4209850000
2022-08-30,12342.7001953125,12572.8798828125,12240.8203125,12562.400390625,4681520000
2022-08-31,12272.0302734375,12502.150390625,12268.080078125,12448.0703125,4952010000
2022-09-01,12274.6201171875,12290.330078125,12012.98046875,12158.8798828125,4792890000
2022-09-02,12098.4404296875,12451.2802734375,12035.5302734375,12392.4599609375,4257410000
2022-09-06,12011.3095703125,12152.419921875,11928.8095703125,12106.5703125,4622940000
2022-09-07,12259.3896484375,12298.1201171875,12026.98046875,12038.1796875,4445640000
2022-09-08,12321.1904296875,12374.1298828125,12120.259765625,12139.5703125,4329910000
2022-09-09,12588.2900390625,12610.4296875,12424.150390625,12424.150390625,4401590000
2022-09-12,12739.7197265625,12752.830078125,12639.759765625,12649.23046875,4146680000
2022-09-13,12033.6201171875,12420.009765625,12004.419921875,12364.830078125,5188380000
2022-09-14,12134.400390625,12170.25,12016.4296875,12092.0302734375,4861530000
2022-09-15,11927.490234375,12153.33984375,11867.8798828125,12034.4296875,4805910000
2022-09-16,11861.3798828125,11875.08984375,11710.259765625,11775.9404296875,7451840000
2022-09-19,11953.26953125,11956.7900390625,11752.4296875,11753.599609375,4168670000
2022-09-20,11851.5400390625,11951.1298828125,11761.6904296875,11855.83984375,4028100000
2022-09-21,11637.7900390625,12062.51953125,11636.25,11892.7197265625,4471000000
2022-09-22,11501.650390625,11617.990234375,11448.8603515625,11574.3203125,4916470000
2022-09-23,11311.240234375,11402.41015625,11169.66015625,11398.75,5134350000
2022-09-26,11254.1103515625,11473.3603515625,11235.740234375,11283.1396484375,4697730000
2022-09-27,11271.75,11502.3798828125,11175.2900390625,11411.33984375,4445050000
2022-09-28,11493.830078125,11546.8701171875,11210.8095703125,11258.740234375,4556100000
2022-09-29,11164.7802734375,11339.91015625,11038.9404296875,11334.5703125,4516630000
2022-09-30,10971.2197265625,11296.16015625,10966.9501953125,11123.1103515625,4649710000
2022-10-03,11229.73046875,11296.4296875,10985.009765625,11059.169921875,4415440000
2022-10-04,11582.5400390625,11609.25,11462.3701171875,11477.849609375,5004780000
2022-10-05,11573.1796875,11647.6201171875,11312.51953125,11429.4697265625,4091860000
2022-10-06,11485.5,11660.5498046875,11472.830078125,11556.400390625,4423320000
2022-10-07,11039.4697265625,11293.650390625,10991.66015625,11272.4599609375,4634190000
2022-10-10,10926.9697265625,11063.2099609375,10824.25,11048.509765625,3989640000
2022-10-11,10791.349609375,10981.91015625,10716.330078125,10865.3203125,4738840000
2022-10-12,10785.6201171875,10886.490234375,10754.849609375,10810.2998046875,4091030000
2022-10-13,11033.580078125,11087.66015625,10440.6396484375,10481.580078125,5300080000
2022-10-14,10692.0595703125,11152.8896484375,10677.48046875,11130.080078125,4393000000
2022-10-17,11062.5302734375,11090.8701171875,10959.740234375,10967.25,4439190000
2022-10-18,11147.740234375,11374.3798828125,11035.7998046875,11368.759765625,5047360000
2022-10-19,11103.3798828125,11231.4599609375,11008.1103515625,11081.8203125,4955090000
2022-10-20,11046.7099609375,11279.8095703125,11001.2802734375,11081.2197265625,4628010000
2022-10-21,11310.330078125,11327.76953125,10962.009765625,10998.169921875,4706440000
2022-10-24,11430.259765625,11468.1796875,11166.490234375,11321.1103515625,4808710000
2022-10-25,11669.990234375,11681.849609375,11480.41015625,11482.8701171875,5141760000
2022-10-26,11405.900390625,11657.0595703125,11388.33984375,11409.7900390625,5224440000
2022-10-27,11191.6298828125,11417.0400390625,11179.900390625,11387.7099609375,4773520000
2022-10-28,11546.2099609375,11563.16015625,11176.990234375,11176.990234375,4731940000
2022-10-31,11405.5703125,11482.990234375,11331.259765625,11465.2099609375,4753740000
2022-11-01,11288.9501953125,11574.3896484375,11278.2802734375,11571.5302734375,4677520000
2022-11-02,10906.33984375,11410.91015625,10903.48046875,11300.26953125,5436420000
2022-11-03,10690.599609375,10852.1796875,10680.830078125,10769.4296875,5102190000
2022-11-04,10857.0302734375,10934.6201171875,10632.3896484375,10911.98046875,5453750000
2022-11-07,10977.0,11001.16015625,10817.58984375,10900.830078125,4456690000
2022-11-08,11059.5,11191.900390625,10897.5302734375,11039.580078125,5134500000
2022-11-09,10797.5498046875,11012.66015625,10790.349609375,10971.4296875,4977460000
2022-11-10,11605.9599609375,11612.2001953125,11235.740234375,11350.419921875,6433000000
2022-11-11,11817.009765625,11840.0703125,11535.5595703125,11604.3603515625,5867750000
2022-11-14,11700.9404296875,11863.8203125,11669.099609375,11728.1103515625,5004060000
2022-11-15,11871.150390625,12024.9501953125,11735.400390625,12006.4501953125,5617310000
2022-11-16,11699.08984375,11796.990234375,11673.1396484375,11767.419921875,4585190000
2022-11-17,11676.8603515625,11737.6103515625,11519.3798828125,11521.6396484375,4354360000
2022-11-18,11677.01953125,11794.6796875,11579.6396484375,11791.849609375,4175420000
2022-11-21,11553.4501953125,11664.9404296875,11524.4404296875,11623.349609375,3977130000
2022-11-22,11724.83984375,11731.759765625,11503.33984375,11590.830078125,4186360000
2022-11-23,11838.7197265625,11866.419921875,11722.009765625,11725.080078125,4431530000
2022-11-25,11756.0302734375,11803.91015625,11748.7900390625,11777.330078125,2184080000
2022-11-28,11587.75,11764.830078125,11555.259765625,11684.0703125,4271360000
2022-11-29,11503.4501953125,11613.330078125,11450.33984375,11590.2998046875,4592830000
2022-11-30,12030.0595703125,12031.33984375,11481.8896484375,11505.740234375,6653460000
2022-12-01,12041.8896484375,12115.33984375,11928.66015625,12030.240234375,5158120000
2022-12-02,11994.259765625,12027.6201171875,11825.5302734375,11845.5302734375,4523010000
2022-12-05,11786.7998046875,11957.3603515625,11732.150390625,11899.5400390625,4510030000
2022-12-06,11549.6904296875,11790.9296875,11488.599609375,11775.2001953125,4713330000
2022-12-07,11497.3896484375,11577.6904296875,11431.9599609375,11490.990234375,4343860000
2022-12-08,11637.5,11672.1396484375,11470.6796875,11543.6796875,4281800000
2022-12-09,11563.330078125,11707.08984375,11550.3095703125,11594.3798828125,4337440000
2022-12-12,11706.4404296875,11707.7099609375,11529.41015625,11572.259765625,4829990000
2022-12-13,11834.2099609375,12166.41015625,11724.900390625,12141.240234375,6126890000
2022-12-14,11740.919921875,11941.2802734375,11617.41015625,11824.5400390625,5485150000
2022-12-15,11345.2197265625,11591.330078125,11300.349609375,11573.3798828125,5536070000
2022-12-16,11243.7197265625,11383.3896484375,11175.5400390625,11313.6396484375,7968170000
2022-12-19,11084.58984375,11251.5703125,11029.76953125,11243.0,4631820000
2022-12-20,11072.419921875,11143.6201171875,10967.0703125,11023.4697265625,4707190000
2022-12-21,11235.8798828125,11285.7802734375,11083.3603515625,11110.650390625,4401420000
2022-12-22,10956.1396484375,11114.23046875,10784.01953125,11099.3603515625,5125070000
2022-12-23,10985.4501953125,11007.08984375,10830.900390625,10911.0400390625,3544680000
2022-12-27,10822.509765625,10957.4404296875,10807.6103515625,10944.2998046875,3827290000
2022-12-28,10679.33984375,10898.6396484375,10671.1904296875,10807.1201171875,3842970000
2022-12-29,10951.0498046875,10981.0595703125,10776.6201171875,10800.7998046875,4154100000
2022-12-30,10939.759765625,10942.900390625,10778.6396484375,10835.58984375,3959030000
