Date,Close,High,Low,Open,Volume
2017-01-03,112.69750213623047,113.12174114950987,112.08470685607102,112.44295297411394,22307600
2017-01-04,113.31028747558594,113.51769575461483,112.81062599939023,112.820048417393,19749100
2017-01-05,113.95136260986328,114.02677791616698,113.22543364429269,113.22543364429269,20644300
2017-01-06,114.95069885253906,115.25238169072964,113.78167875363636,114.07393198019048,24074300
2017-01-09,115.32779693603516,115.53520522285895,114.96954364327198,115.04496614624168,18909200
2017-01-10,115.58232879638672,115.9311524476369,115.11094898303058,115.37492052768039,16176600
2017-01-11,115.89344787597656,115.89344787597656,115.03553311375573,115.62947631611955,20686000
2017-01-12,115.71434020996094,115.78976272305529,114.63959457276987,115.47865025105611,19622500
2017-01-13,116.11029052734375,116.30826920535264,115.77089645284681,115.77089645284681,16930800
2017-01-17,115.76146697998047,115.98772729902008,115.42207290507811,115.80860065040888,14538500
2017-01-18,115.99714660644531,116.11028035225866,115.63890053373085,115.93115371955882,12499700
2017-01-19,115.94058227539062,116.57222950022854,115.69546275803368,116.16684257227425,12710700
2017-01-20,116.19512939453125,116.7419317296912,115.88401697700726,116.44967134079648,22091000
2017-01-23,116.28939056396484,116.45908757287573,115.55403925624594,116.11969355505397,17434200
2017-01-24,117.07189178466797,117.2510184170119,116.31768119944789,116.51565985971399,17640900
2017-01-25,118.25033569335938,118.27861733023744,117.70353340476726,117.80723753511008,15036200
2017-01-26,118.3729248046875,118.6180443803446,118.16551648626127,118.41063606191835,16052200
2017-01-27,118.59917449951172,118.71230106149244,118.21263956558217,118.6274561400069,15053000
2017-01-30,117.67524719238281,118.20319024073856,117.02474079874119,118.20319024073856,25006700
2017-01-31,117.4395523071289,117.46783394170397,116.76076430659016,117.26042569790778,19091100
2017-02-01,118.25033569335938,118.48602559092306,117.71296301462156,118.26918772038313,22861900
2017-02-02,118.14663696289062,118.50488303419445,117.71296839467487,118.04293282780803,15101400
2017-02-03,118.48602294921875,118.60857910385286,118.15605853852328,118.26918508351332,16957200
2017-02-06,118.62747192382812,118.64632395577132,118.1749440376374,118.28807780735677,11630100
2017-02-07,119.06112670898438,119.30624625179796,118.75944388424683,118.87257044809472,17541100
2017-02-08,119.25908660888672,119.42878362062257,118.67457308119997,118.90084055863761,12569100
2017-02-09,119.69277954101562,119.95675112579671,119.31567419446282,119.38166709065808,17542700
2017-02-10,120.08873748779297,120.25843453491233,119.74934339355426,119.95675169477639,13915700
2017-02-13,120.76751708984375,120.91834770117525,120.40926381901879,120.45639748597422,19120200
2017-02-14,121.17290496826172,121.18232738667406,120.42812393059587,120.81465167339022,16333500
2017-02-15,121.88937377929688,121.94595143502723,121.02203673456002,121.08803680689432,17891400
2017-02-16,121.8516616821289,122.20991488458945,121.54054933031337,121.9647882153826,15098300
2017-02-17,122.37962341308594,122.38906021587987,121.65369448108899,121.67255370130673,15563700
2017-02-21,122.98299407958984,123.05841657821097,122.54933269423174,122.61531838966853,18479600
2017-02-22,123.03011322021484,123.11495812167145,122.66243759520134,122.86984583345185,12110900
2017-02-23,122.56816864013672,123.21867505636413,122.07794401271084,123.21867505636413,17489000
2017-02-24,122.8038558959961,122.8038558959961,121.97423725991611,122.01194131299593,18624500
2017-02-27,122.95469665527344,122.96411907187736,122.37019034771475,122.57759859595213,12008700
2017-02-28,122.5776138305664,122.98299357545118,122.23821978084796,122.92643029805987,16598600
2017-03-01,123.91634368896484,124.14259682204786,123.12442895243,123.36011888963957,25813800
2017-03-02,123.29411315917969,123.90690121372896,123.1432681537803,123.88805637708265,19951400
2017-03-03,123.52039337158203,123.55809743412406,122.87930922538362,123.20928091046159,13722700
2017-03-06,123.2469711303711,123.45437941448942,122.75674644551992,123.11498534823865,12026200
2017-03-07,123.03955841064453,123.57693832340695,122.82272771610903,123.0018543536965,15500900
2017-03-08,123.25643157958984,123.64295219653228,122.99245996468441,123.11500896672143,15776000
2017-03-09,123.35064697265625,123.52035115953285,122.69071821339845,123.22809802224496,20855300
2017-03-10,123.86919403076172,124.06717989352614,123.33182849246592,123.91633489193146,21922600
2017-03-13,124.07656860351562,124.10485023545992,123.75603385123547,123.82201953064975,10731600
2017-03-14,123.77490234375,123.84090242114843,123.27524090339325,123.79376156377383,14019700
2017-03-15,124.5385513305664,124.8308045105778,123.6334957674429,124.02945308088125,22709100
2017-03-16,124.45368194580078,124.77423112292287,124.17086559152979,124.77423112292287,18457300
2017-03-17,124.41024017333984,124.74088368646663,124.34410282154032,124.60862339815786,21234500
2017-03-20,124.52361297607422,124.80703202319259,124.19296943384575,124.37245422890555,10105200
2017-03-21,122.63416290283203,125.10932594149374,122.55858353478176,124.99596409706358,35841900
2017-03-22,123.46553039550781,123.58834867931378,122.51135341878427,122.67196859697277,29177900
2017-03-23,123.15377807617188,123.64503682478706,122.94593839080746,123.3049368319446,20311700
2017-03-24,123.40886688232422,124.03237157469793,122.93650654293269,123.55056921802426,22967600
2017-03-27,123.60722351074219,123.82451959903895,122.24682372006005,122.53024274566724,18472400
2017-03-28,124.36304473876953,124.73148527179762,123.33330253303653,123.60726522055165,23721900
2017-03-29,124.9393081665039,124.98654708289585,124.31578906683431,124.44804938355574,13710000
2017-03-30,125.14710998535156,125.27937026203885,124.77866961348778,124.89203144628001,16092400
2017-03-31,125.0621337890625,125.40223382558831,124.82595360856664,124.96765595074646,19841400
2017-04-03,124.98649597167969,125.46829812514821,124.28739777472661,125.16599513138978,23700300
2017-04-04,125.18489837646484,125.20379682125338,124.58027788083871,124.62751678516521,13400000
2017-04-05,124.67476654052734,126.10128931749095,124.43858641362861,125.36440847479018,32011200
2017-04-06,124.74089050292969,125.07154844941554,124.41968898738352,124.79758584269466,18832200
2017-04-07,124.67476654052734,125.05264897744894,124.23074674873445,124.70310700253191,16743100
2017-04-10,124.7220230102539,125.24162224565067,124.38192300302084,124.79760239133826,15619300
2017-04-11,124.18350982666016,124.79758681559383,123.28602821314757,124.60863117881966,33778400
2017-04-12,123.6828384399414,124.26856069005709,123.55057811200257,124.16464083129837,15955200
2017-04-13,123.1915512084961,124.24019157223826,123.17266717692688,123.51276714395924,23683000
2017-04-17,124.21186828613281,124.23076673560666,123.49388577435276,123.54112469039073,13325500
2017-04-18,124.0229263305664,124.38192479205743,123.7111667848442,123.79618818405211,12841100
2017-04-19,124.2213134765625,124.97707840360071,124.05125627727453,124.56141345984648,17764800
2017-04-20,125.26049041748047,125.53446744112861,124.5330659953331,124.7220072164715,21977900
2017-04-21,125.2321548461914,125.42109607470917,124.91095331618205,125.37387157904851,22454900
2017-04-24,126.74369812011719,126.86650197533673,126.40359818395162,126.62087984960769,22469900
2017-04-25,127.66012573242188,127.88684949759478,127.04604856605609,127.15942486393789,19384400
2017-04-26,127.48059844970703,128.01908168890893,127.40501907283283,127.70732216503744,25398500
2017-04-27,128.24578857421875,128.24578857421875,127.71674748028511,127.79232683874544,16136500
2017-04-28,128.47256469726562,128.80320827125126,128.26472500376934,128.75596935631248,22771900
2017-05-01,129.6156768798828,129.78573410147212,128.8410134034915,128.89769433892332,24815500
2017-05-02,129.83290100097656,129.88959632654814,129.4455766422726,129.77622009069245,18345100
2017-05-03,129.4173126220703,129.58735545335136,129.06775611005486,129.54011652845242,23827600
2017-05-04,129.46449279785156,129.8329332214211,129.01103098775624,129.39836985787295,14630100
2017-05-05,129.93679809570312,129.93679809570312,129.31329377627705,129.79509584476196,19330700
2017-05-08,130.2202911376953,130.2202911376953,129.7384887949558,130.0030094241414,13279900
2017-05-09,130.6737518310547,130.9666128916022,130.30529698228548,130.41867324932656,28426100
2017-05-10,130.7493133544922,130.79655226324425,130.2864095284786,130.7493133544922,20499400
2017-05-11,130.6453857421875,130.683182633055,129.78570108136958,130.39032159763778,27232100
2017-05-12,130.9382781982422,130.96661866242837,130.5887217811258,130.7020980531626,19738600
2017-05-15,131.3539581298828,131.42953751476557,130.87215576846052,130.99497407080673,20481300
2017-05-16,131.90188598632812,131.9207844346712,131.30672180879924,131.69404630043155,21786000
2017-05-17,128.5481414794922,131.09888426640066,128.52924303084012,130.85324767980174,55642200
2017-05-18,129.6723175048828,130.10689523358872,128.35915671951568,128.5008734293345,41319900
2017-05-19,130.2202911376953,130.7682308453778,130.05024833977308,130.1352697387342,36730100
2017-05-22,131.31619262695312,131.3823300030136,130.4659496638321,130.51317417210893,19509700
2017-05-23,131.44839477539062,131.71291533194585,131.10829485763546,131.7034733175293,19687500
2017-05-24,132.05307006835938,132.1192074425981,131.47678981335892,131.84523034260215,15891900
2017-05-25,133.17724609375,133.5173460402885,132.27030809788394,132.55372712254774,23928600
2017-05-26,133.4134521484375,133.47013308133143,133.02611321993808,133.2056124509643,13851600
2017-05-30,133.5267791748047,133.68737991453173,133.26225861345551,133.34727999061286,20306400
2017-05-31,133.47959899902344,133.99919833574504,132.7994132672102,133.99919833574504,33229400
2017-06-01,133.99913024902344,134.05581116326624,133.18667017587018,133.75350814887514,20120700
2017-06-02,135.52964782714844,135.55798829698725,134.25426902322226,134.47155076375145,37222900
2017-06-05,135.50128173828125,135.73746191093974,135.3123404832132,135.52018018837617,15727500
2017-06-06,134.9628143310547,135.78471681578276,134.76441661993303,135.34069688568255,22393000
2017-06-07,135.49183654785156,135.60519841517885,134.71717309562604,135.34067778121957,18842400
2017-06-08,135.63352966308594,135.85081134269961,134.8966344079827,135.79413041891263,25417400
2017-06-09,132.2419891357422,135.94529225827407,130.4753661787567,135.79414791379995,109783700
2017-06-12,131.53341674804688,131.7695968471353,129.87071403996845,131.1271938969536,104454000
2017-06-13,132.60096740722656,132.7899086205358,131.58066755700793,132.27030947246746,51193000
2017-06-14,132.02471923828125,133.13948275687338,130.95718022295955,133.13948275687338,60093800
2017-06-15,131.43894958496094,131.58065187423108,129.88960875602234,130.69261242070124,55145200
2017-06-16,130.86871337890625,131.46551346633788,130.3855984466686,131.37077824610375,48087400
2017-06-19,133.0569610595703,133.18009948698807,131.9391462916987,132.1380844507022,39626500
2017-06-20,132.01492309570312,133.09483792847047,131.967555493784,132.9243319070369,40935100
2017-06-21,133.32220458984375,133.38850767427368,132.23280747533954,132.31806049299112,35743400
2017-06-22,133.2843017578125,133.77689882866767,132.94327524023024,133.53060752052187,24099100
2017-06-23,133.79588317871094,133.96638925408075,132.76332116666927,133.13276545120448,21654300
2017-06-26,133.1705780029297,134.7904424750222,132.87691920708588,134.56310119026972,34411100
2017-06-27,130.7550506591797,132.82962779967266,130.74558291840447,132.66858947909748,65957800
2017-06-28,132.64013671875,132.75380739625092,130.48030711885903,131.2381309082815,57427200
2017-06-29,130.3382110595703,132.09071118602833,129.06884024660704,132.09071118602833,88769400
2017-06-30,130.38555908203125,131.3612708466924,129.95927962880583,130.70763560628504,68898300
2017-07-03,129.01205444335938,131.1339851055907,128.92680139808797,130.98242895440887,32797000
2017-07-05,130.2813720703125,130.6318663039659,128.983583622839,129.4193308666412,42116600
2017-07-06,129.1067352294922,129.83615589591983,128.642570268227,129.2867234612334,48430500
2017-07-07,130.4992218017578,130.84973042580629,129.53299228783376,129.54246002459615,36970400
2017-07-10,131.3518524169922,131.66446132125603,130.25298738162223,130.58454622223832,24853500
2017-07-11,131.72128295898438,131.88232126479312,130.6697856467093,131.16238275860732,31517700
2017-07-12,133.2843017578125,133.4358723110854,132.58331324441153,132.84855448535734,36045800
2017-07-13,133.5779571533203,133.90004818418487,133.18957749581014,133.44533653633957,31073600
2017-07-14,134.6295166015625,134.80003716199218,133.74853947881363,134.17481919803308,34544800
2017-07-17,134.69578552246094,135.1694326959954,134.44001200147423,134.7715708047742,25343200
2017-07-18,135.59571838378906,135.6241360591191,134.17477679902618,134.601056383542,25748500
2017-07-19,136.39141845703125,136.59035660427253,135.93672127634613,135.9935566171114,33752300
2017-07-20,136.57144165039062,136.82721520390447,135.95570602831756,136.741962170922,36139400
2017-07-21,136.5146026611328,136.5146026611328,135.79466408861228,136.06937311687642,39697100
2017-07-24,137.1398162841797,137.23453705278652,136.33461025091069,136.49564856665137,26712700
2017-07-25,136.78929138183594,137.11138242987823,136.4198471823604,136.68508843046777,28120900
2017-07-26,137.2344970703125,137.31028233585775,136.9124205326663,137.13029413700798,18610600
2017-07-27,136.37249755859375,138.26708621097754,134.79998550801977,138.13446558349327,80665900
2017-07-28,136.2587890625,136.48614486547194,135.33991256717755,135.557800632153,38013200
2017-07-31,135.6809539794922,136.81770421035654,135.3872950690966,136.6471981802804,33848600
2017-08-01,135.9935760498047,136.18303203094874,135.57676421854885,136.14514661654587,20149400
2017-08-02,136.36300659179688,136.9029712611797,135.09363574545736,136.87455358958726,41769700
2017-08-03,135.83253479003906,136.5714232186325,135.58624346536274,136.4956379369095,27112800
2017-08-04,136.0787811279297,136.38192215460512,135.51988112137659,136.13563091135114,29472900
2017-08-07,136.9408416748047,136.9408416748047,136.13565031026033,136.3251062516495,17933900
2017-08-08,136.7040557861328,137.80292078523124,136.31566160384642,136.6756381098256,30810400
2017-08-09,136.52403259277344,136.5903501235616,135.26412959885704,135.5767384127968,36169500
2017-08-10,133.59690856933594,135.8419913440736,133.4642879508823,135.7472705906429,63331700
2017-08-11,134.61050415039062,134.904163023405,133.47373960966692,133.7768806750763,45862500
2017-08-14,136.3441162109375,136.5525221966841,135.6431273993987,135.68101282654823,34161000
2017-08-15,136.43881225585938,136.69458579297526,136.06936801538777,136.68510359798526,25509200
2017-08-16,136.6755828857422,137.31975034908197,136.2208857939823,136.77978580828716,31913000
2017-08-17,133.88113403320312,136.35357326771842,133.88113403320312,136.14516732039783,70191000
2017-08-18,133.78634643554688,134.705222901466,133.2369141035341,133.95686689595976,60751900
2017-08-21,133.61587524414062,134.07057249944694,132.79171930410186,133.77691355425816,37111500
2017-08-22,135.65249633789062,135.79459910898032,134.2883906809609,134.33575827132415,36294200
2017-08-23,135.16941833496094,135.4725449774438,134.8757594312996,134.97048018320416,25702300
2017-08-24,134.77159118652344,135.62415044599368,134.01375270334609,135.47257985844485,38160800
2017-08-25,134.48739624023438,135.63361444737106,134.3074079793039,135.2926023166393,26380400
2017-08-28,134.9042510986328,135.21686010596937,134.46848914625033,134.89476890004713,15362100
2017-08-29,135.4346923828125,135.66204826068426,133.6253564646537,133.74850937198838,24498300
2017-08-30,137.02610778808594,137.25346361223873,135.4630780539046,135.54833106750073,33642700
2017-08-31,138.49440002441406,138.50388221670926,137.3387000201921,137.4144852857465,38480700
2017-09-01,138.30499267578125,138.8638929442107,137.9355484105149,138.6744369410476,22293600
2017-09-05,137.06402587890625,138.1913085015665,136.03147847588124,137.8976495570883,44794300
2017-09-06,137.48080444335938,137.79341324701656,136.48614269618855,137.41448691475256,30722700
2017-09-07,137.80291748046875,138.15341178289617,137.3008526049939,137.73659993429845,22721100
2017-09-08,136.6093292236328,137.68924424121008,136.4672263935569,137.62292669626163,27890100
2017-09-11,138.18177795410156,138.41860146575502,137.6418278639029,137.67971326576102,27126300
2017-09-12,138.51336669921875,138.69335491984887,137.8597313525359,138.57020204161498,30256700
2017-09-13,138.7028045654297,138.72175449527754,138.0491693040113,138.27652509850157,28450900
2017-09-14,137.88815307617188,138.57967385325446,137.802900060072,138.16287651191175,35296400
2017-09-15,138.36178588867188,138.8638506486888,137.63236532136793,137.8597211286549,46422400
2017-09-18,138.18045043945312,138.95892430123354,137.76272639772736,138.52222333848334,24858200
2017-09-19,138.41778564453125,138.61714470905656,137.9525903503079,138.4272741045853,20871200
2017-09-20,137.99058532714844,138.5222288610131,136.92728377321924,138.37032656956612,34236200
2017-09-21,137.14564514160156,137.90512760645717,136.66145841112674,137.8956391458163,28841800
2017-09-22,137.0127716064453,137.21213073763832,136.56656756931358,136.70896694873716,21702400
2017-09-25,135.5696563720703,136.54750355406455,134.90510214443282,136.47155243002086,54947700
2017-09-26,135.92095947265625,136.51906570468458,135.44627566595443,136.26273239292956,29628800
2017-09-27,137.14564514160156,137.65829725399902,136.30070858618015,136.64246700364552,33249400
2017-09-28,137.09815979003906,137.2405591160294,136.50005364848374,136.81334665186046,24149400
2017-09-29,138.08551025390625,138.1899412661258,137.01273474968662,137.3734845759182,43102400
2017-10-02,138.208984375,138.76910797452751,137.59188653151287,138.294424011632,27351300
2017-10-03,138.5032196044922,138.6646103360317,138.0854955999438,138.38930014368734,19715200
2017-10-04,138.63613891601562,138.93044053182118,138.10449541827674,138.23740629271146,26381100
2017-10-05,139.99375915527344,140.06969581893532,138.99692023185392,139.13931958397072,31562400
2017-10-06,140.1836395263672,140.1836395263672,139.5190850266498,139.5190850266498,23561100
2017-10-09,140.022216796875,140.5158774633107,139.84183465536267,140.3639896738988,13704800
2017-10-10,140.12667846679688,140.63933065142547,139.5095807694052,140.4969312907513,19223100
2017-10-11,140.5443878173828,140.57288217566452,139.87983332517484,140.06021550581733,12439100
2017-10-12,140.28807067871094,140.83870568930993,140.14565683037233,140.33554196149046,14513500
2017-10-13,140.82919311523438,140.99058387669228,140.29754955132583,140.85767298571514,18409900
2017-10-16,141.31336975097656,141.35133808016099,140.87665429125775,141.18045886953163,21809400
2017-10-17,141.4937744140625,141.51276582671957,141.04758486314662,141.26593540699113,13138200
2017-10-18,141.32284545898438,141.6551298757117,141.11398345181834,141.63613846973342,17218200
2017-10-19,140.80072021484375,140.81971162483794,139.8133841881659,140.4969300859434,27680300
2017-10-20,141.1804962158203,141.49377485151197,141.00960247378504,141.3703668843679,30173300
2017-10-23,140.2595977783203,141.48427581217956,140.06022417521643,141.47478734963266,29297100
2017-10-24,140.49691772460938,140.79121936571977,139.9747626422199,140.53488605505584,20289500
2017-10-25,139.96530151367188,140.67732743343237,138.92100552307917,140.22163490092288,36179100
2017-10-26,139.51910400390625,140.23112988321003,139.48112117806937,139.87985393213506,28230200
2017-10-27,143.5823974609375,143.84821929747136,141.6456789533868,141.86402950063882,60165100
2017-10-30,143.9051513671875,144.48426621813306,143.34502792554204,143.47793881824097,31733400
2017-10-31,144.4462432861328,144.6551052718293,143.95258267102912,144.37030664242212,26319300
2017-11-01,144.39881896972656,145.0918532674231,143.82919261045268,145.02539058148778,29481600
2017-11-02,144.12350463867188,144.29439835325104,143.13616862912943,144.23742412425725,31017400
2017-11-03,145.50962829589844,145.52860522464064,144.15202460816303,144.6456999933582,26199200
2017-11-06,146.0032196044922,146.06019382217826,145.34816820618363,145.3956249916247,28693900
2017-11-07,146.08872985839844,146.2786005317618,145.57606310549318,145.88935623533445,21333100
2017-11-08,146.67730712890625,146.715275462325,145.8418589316815,146.01275264756893,17373500
2017-11-09,145.90835571289062,145.98430688367455,144.40835268386837,145.47164010243418,40594500
2017-11-10,145.8988037109375,146.01273767191066,145.31020044300843,145.5665337474484,20150800
2017-11-13,146.07923889160156,146.26912406674504,145.34823601487815,145.34823601487815,12522400
2017-11-14,145.54754638671875,145.72792855092558,144.8450236244817,145.56653779510899,25173800
2017-11-15,144.864013671875,145.2532579050409,144.09502815369936,144.92097341600632,24808000
2017-11-16,146.7152862548828,147.04757076309534,145.56655938539822,145.5950392591076,34790600
2017-11-17,146.15521240234375,146.85774999361539,146.01281298542725,146.75331892580755,28725800
2017-11-20,146.04119873046875,146.39246005657745,145.83233672948575,146.2595491910608,21143900
2017-11-21,147.6266632080078,147.6931258940177,146.66780713789458,146.73425533770438,20147800
2017-11-22,147.8070831298828,147.94948251313792,147.4747985873492,147.7596118400632,17299000
2017-11-24,148.34820556640625,148.39567685311997,147.8735216716749,147.9589757822407,8280600
2017-11-27,148.28175354003906,148.63301497752062,147.93998056517506,148.30074495147664,22653400
2017-11-28,148.66148376464844,148.75642632855318,147.8165470962212,148.61401248269607,25227300
2017-11-29,146.06971740722656,148.52857631571914,145.36718008214223,148.49060798099646,71986300
2017-11-30,147.2943878173828,147.57920101487153,146.34502014988772,146.686793089634,56595500
2017-12-01,146.6678009033203,147.37982657984446,144.55070079505822,146.39247619612593,59015800
2017-12-04,144.97793579101562,147.7500875062627,144.83552195613154,147.58869674902095,51319100
2017-12-05,145.07286071777344,146.7247655577114,144.39881783367574,144.94943829412176,40604200
2017-12-06,145.7279052734375,145.95575867912427,144.36081381171263,144.53170748752714,28647800
2017-12-07,146.22164916992188,146.63937336701642,145.56658299595128,145.71848533784106,32666200
2017-12-08,146.8671875,147.6551644680127,146.63934851198815,147.2944000887244,28081700
2017-12-11,148.00643920898438,148.05391049782338,146.92416045999153,146.93366340948143,20821500
2017-12-12,147.8070831298828,148.24378422933432,147.4937900005178,147.9399940496555,20310300
2017-12-13,148.09182739257812,148.56651109723083,147.87346245837603,148.40512037599254,24418500
2017-12-14,147.98741149902344,148.72791699494846,147.82602076131656,148.34816130075708,24594700
2017-12-15,149.6678009033203,149.82920614809152,148.31970060861093,148.566545463296,49816200
2017-12-18,150.9226531982422,151.0463337448778,150.38038948702456,150.65627549510089,26844500
2017-12-19,150.02833557128906,150.7894207243,149.60973801130845,150.63720079039945,31415000
2017-12-20,149.86666870117188,150.58018360244066,149.27683436140234,150.55164416770972,38972600
2017-12-21,149.88571166992188,150.5516560604122,149.71446053151067,150.0759794219907,18638700
2017-12-22,149.71444702148438,149.77152589030442,149.3148804232465,149.65736815266436,23330400
2017-12-26,148.9058074951172,149.0960752325415,148.3635292011352,148.87726806032845,21918700
2017-12-27,148.92481994628906,149.32440105516284,148.78212277633233,148.91531164045776,22388200
2017-12-28,149.1055908203125,149.4290619578784,148.92483138015766,149.40050800519734,25393800
2017-12-29,148.18276977539062,149.26731184689763,148.12569090581098,149.23877241210778,33186000
2018-01-02,150.77996826171875,150.8180160010385,148.57282195224533,148.94384910572612,32573300
2018-01-03,152.24501037597656,152.3781992073972,150.8940909382835,150.92263036526694,29383600
2018-01-04,152.5114288330078,152.96807430338134,152.29262166210978,152.7682982610607,24776100
2018-01-05,154.04307556152344,154.14772497187312,152.9490254213635,153.23443422381666,26992300
2018-01-08,154.6424560546875,154.7185660479874,153.9860200644106,154.0430989302613,23159100
2018-01-09,154.6519012451172,155.10854650205803,154.1857476865806,154.94681827598504,24782400
2018-01-10,154.2904052734375,154.31895921541127,153.28197352913944,153.96694877366136,34004000
2018-01-11,155.34645080566406,155.35597362780368,154.31900216938877,154.55684045892414,20473500
2018-01-12,156.4880828857422,156.64981117721243,155.01348261863532,155.21325864836456,37762700
2018-01-16,156.04095458984375,158.32419644365524,155.5747862999041,157.52506324647098,41231800
2018-01-17,157.72479248046875,157.96263070784633,156.02187715970226,156.7829623906092,33849900
2018-01-18,157.75340270996094,158.11490707334556,157.10647495209096,157.47750213852422,26432200
2018-01-19,158.2480926513672,158.50496208785478,157.4870071647547,158.21955321581282,38937600
2018-01-22,159.9414520263672,159.9414520263672,158.01020671467077,158.19096609636054,26081400
2018-01-23,161.26382446289062,161.40653610744127,160.36004211337595,160.436152087171,37989700
2018-01-24,160.21734619140625,161.95832374927897,159.29453271237273,161.6063133032654,54287400
2018-01-25,160.1603240966797,161.37805508511508,159.64658521676253,161.32097621323507,28925000
2018-01-26,162.61476135253906,162.63379247716117,160.74060929736322,161.05454301290663,32038200
2018-01-29,161.82516479492188,162.595758467465,161.48267710529205,162.2723019040635,37277800
2018-01-30,160.4932403564453,161.17821564430318,159.65605962855886,160.35054322001412,44987700
2018-01-31,161.15916442871094,161.72047363384735,160.15073274633536,161.39700263744072,42449200
2018-02-01,159.78927612304688,161.4731606904141,159.2755373099714,159.92246497893743,38037900
2018-02-02,156.6022186279297,159.54189592743526,156.46902978797945,159.16136053229025,68478100
2018-02-05,150.427978515625,157.68680880925857,150.31382076538674,155.13718894394253,105372200
2018-02-06,154.41409301757812,154.60436070184664,147.5548464650146,148.2302989216419,118537900
2018-02-07,152.41627502441406,155.59379065441877,152.40675220357582,153.91940003434814,91028300
2018-02-08,145.98513793945312,152.9775893973666,145.98513793945312,152.80633828181715,94184800
2018-02-09,148.50625610351562,149.59079828607463,142.82667573481203,148.04959606712285,113836600
2018-02-12,151.14146423339844,152.16892733616967,148.84871426639137,150.02838283452036,63050600
2018-02-13,151.92153930664062,152.22596467080095,150.04737302628757,150.2757029367772,31785600
2018-02-14,154.7660675048828,155.00390570637163,150.31374334092834,151.02725794539478,52107400
2018-02-15,157.63919067382812,157.63919067382812,154.5377850907051,156.15508230256074,51633900
2018-02-16,156.93521118164062,158.64763512027386,156.66881896284627,157.12547889521142,62256300
2018-02-20,157.2491455078125,158.5715257193007,156.31682354631266,156.38342523038213,36785600
2018-02-21,156.80209350585938,159.56101289620057,156.70695234763963,158.01982484525848,41161800
2018-02-22,156.78298950195312,158.3241768365884,156.38342295284383,157.4869814861713,37074400
2018-02-23,159.98898315429688,159.98898315429688,157.4013026273484,158.04823001733067,50096900
2018-02-26,162.1105499267578,162.1105499267578,160.60742491923892,160.7406137623037,39266700
2018-02-27,160.1032257080078,162.42452986862034,160.02713022554335,162.15815213050067,42209900
2018-02-28,159.0757293701172,161.53972996800553,158.9710799674485,161.0164829546621,42936300
2018-03-01,156.4785614013672,159.89393022830475,155.0705628097992,159.16138424120987,76809900
2018-03-02,157.9151153564453,158.19100138401788,154.08116330476466,154.5948876209849,57445100
2018-03-05,159.66555786132812,160.07463263762475,156.583169260388,157.1730179255853,38540200
2018-03-06,160.34103393554688,160.8833121327514,159.33260204231942,160.4456833499287,29480900
2018-03-07,160.71205139160156,160.84525474417882,158.83789938261225,159.11378535860732,34609400
2018-03-08,161.5968780517578,161.71103580666937,160.73114303301213,161.37807084934403,25828400
2018-03-09,164.73626708984375,164.73626708984375,162.51010484939818,162.74794306781737,38310500
2018-03-12,165.611572265625,165.9921077515892,164.85048677719828,165.2215139567878,37635000
2018-03-13,163.35684204101562,166.68657778609833,162.93824436756591,165.9920795931041,55638900
2018-03-14,163.3283233642578,164.33677003011195,162.61480840765753,164.21308945902157,40536400
2018-03-15,163.1855926513672,164.13694573136885,162.58623556568742,163.4424620475865,28810400
2018-03-16,162.70037841796875,163.82296788167955,162.62426844333683,163.46146364779463,31176700
2018-03-19,159.22901916503906,161.24915519624497,157.83778380578104,161.13481226317217,71395100
2018-03-20,159.75308227539062,160.12471130521527,158.76207637587348,159.29569605561701,34075700
2018-03-21,159.0574951171875,160.81082133178202,158.36188468618874,159.33384326734244,43863500
2018-03-22,155.1315460205078,157.96164965941247,154.93143136702992,156.85628628030204,66607300
2018-03-23,151.04364013671875,155.6080231534615,150.9674066612354,154.95052214996025,80110400
2018-03-26,156.65611267089844,156.84670352250134,151.66294642377844,154.10235810787378,57481500
2018-03-27,151.58680725097656,157.8187452084613,150.2527431604102,157.8187452084613,78889100
2018-03-28,149.84295654296875,152.25378323384282,148.68994551948575,150.7196194723734,89369700
2018-03-29,152.5873260498047,154.09290431248485,149.25218819375357,150.6529472564988,68692600
2018-04-02,148.18492126464844,152.21568370500128,146.6317099429961,151.50101136962542,85549400
2018-04-03,149.85250854492188,150.48142376729666,147.16534779303055,149.48087946625455,64090000
2018-04-04,152.2156982421875,152.68260824026206,146.78417634256303,146.95570528025877,65768700
2018-04-05,153.0828399658203,153.96904140512137,151.96795263770522,153.73081724424082,43054900
2018-04-06,149.25216674804688,152.9017616795007,148.5374944530113,151.39618363315364,59870900
2018-04-09,150.3004150390625,153.30204881981953,150.04314336018052,150.53863924991376,41810400
2018-04-10,153.6164093017578,154.11190487790037,151.57721192904614,152.66351306142445,48296800
2018-04-11,152.73023986816406,154.36922290417752,152.5587254886036,152.65400640834417,41622100
2018-04-12,154.5693359375,155.1029556106139,153.56879178038864,153.65454896927218,30467900
2018-04-13,153.76890563964844,155.56987946749538,153.10188098860272,155.34119361002078,44604900
2018-04-16,154.94097900390625,155.5031844575967,153.87372502091523,154.84568353648044,28180800
2018-04-17,158.2760772705078,158.61912051149315,156.18923209951728,156.50368961542412,35536100
2018-04-18,158.60008239746094,159.13370206600553,157.52330479054706,158.2761011044225,29573900
2018-04-19,157.1421356201172,158.1712653905179,156.5989777384985,157.79963640732132,34705700
2018-04-20,154.65509033203125,156.85627871387717,154.11193239882493,156.74193579743178,49197100
2018-04-23,154.26441955566406,156.0177456914315,153.43540422256638,155.40789249029294,33040600
2018-04-24,150.99600219726562,155.23638917508467,149.97639585223644,154.99816502419543,70256800
2018-04-25,151.17706298828125,151.80597833046718,149.09975506051916,151.26283474588874,52089300
2018-04-26,154.3596954345703,154.87425310083134,152.63494071051625,153.13045091731806,43005500
2018-04-27,154.45494079589844,156.66566694806193,153.57827804108803,156.627542957829,51043400
2018-04-30,153.35919189453125,155.77954303079198,152.97802450374857,154.81712263165807,35615300
2018-05-01,155.11248779296875,155.13154979377458,152.59684166831497,152.95894698339387,36513500
2018-05-02,154.19772338867188,155.86529231535917,154.01667072165256,155.37930577966583,38646800
2018-05-03,154.1786346435547,154.75036373807754,151.720160278986,153.41631464414627,60337100
2018-05-04,157.10403442382812,157.4661397307893,153.39726778272032,153.51162524494524,41543200
2018-05-07,158.4094696044922,158.92402715514027,157.71384490930143,157.8377260681791,32500200
2018-05-08,158.24754333496094,158.59057214816573,157.0945320659576,158.0760143883105,26040200
2018-05-09,159.9722900390625,160.08663298123355,157.97120131077764,158.53340682985007,29122700
2018-05-10,161.63027954101562,161.74463699400053,160.36292560909908,160.48680679148072,27067600
2018-05-11,161.47787475585938,161.8590276046768,160.77272599149305,161.43975074694814,24688800
2018-05-14,161.75418090820312,162.77378714263483,161.48737105135208,161.84947637424136,21821700
2018-05-15,159.96270751953125,160.56303687996794,159.1146303395712,160.47727969706116,49361600
2018-05-16,161.02041625976562,161.39204524337325,160.0961056651439,160.17233911563315,22941200
2018-05-17,160.4010009765625,161.62070681161657,159.6196192015845,160.45817241569935,27480200
2018-05-18,159.57203674316406,160.33434222731356,159.33381264435607,159.78166057327363,26217900
2018-05-21,160.46774291992188,161.51593474312227,159.78165637019885,160.8107861947834,22954600
2018-05-22,160.25814819335938,161.46833098421374,159.9722908365068,161.2015210911189,19477700
2018-05-23,161.61123657226562,161.63028403158825,159.01935717995238,159.03840463927497,26557800
2018-05-24,161.56358337402344,161.84945519468238,159.93412417429883,161.56358337402344,27696500
2018-05-25,161.7255859375,162.30685335101512,161.2396139845792,161.54453328639838,27460500
2018-05-29,161.01087951660156,161.91612804041952,160.04845954454876,160.99181752050902,41220500
2018-05-30,162.16390991210938,162.44978175340916,161.24913746800502,161.59218076955563,22665800
2018-05-31,162.0591278076172,163.1358910522485,161.63985098738644,162.163932472627,35670900
2018-06-01,164.60337829589844,164.69865924019192,162.8214516110211,162.86909935319258,45543300
2018-06-04,166.08985900878906,166.1279684702853,164.9178004121652,165.02260506629148,20459600
2018-06-05,166.60443115234375,166.88077929732228,165.87071126957483,166.48056448670806,24779300
2018-06-06,167.57632446289062,167.60491018537155,165.93734185378815,166.77589515334066,25036600
2018-06-07,166.21371459960938,167.6430592213387,165.37517564209236,167.60494976237922,39600300
2018-06-08,166.22325134277344,166.64252808770397,165.02259256591873,165.43234558120818,31780300
2018-06-11,166.671142578125,167.08088112407538,166.07081308610233,166.09939882000361,22319700
2018-06-12,167.54779052734375,167.70978118481895,166.71877523907457,166.89981335739643,22511800
2018-06-13,167.53822326660156,168.7960387378539,167.16657977595676,167.80503304959578,37858600
2018-06-14,169.2344512939453,169.51078492553884,168.18625916021333,168.31014037784956,35916000
2018-06-15,168.6436309814453,168.97715059715043,167.81461561789823,168.59598324490918,49615700
2018-06-18,168.5461883544922,168.68942291272947,167.05649066416194,167.58170832964134,31633200
2018-06-19,168.06875610351562,168.10694713677037,165.88195881325572,166.41672070583445,38236000
2018-06-20,169.26242065429688,169.95951991472316,168.68945317622408,168.84224644653258,33038000
2018-06-21,167.7917938232422,169.86400298292546,167.46710454233803,169.69210694348615,43469400
2018-06-22,167.4193878173828,168.4220589682542,166.8177734699263,168.35522102474076,30073200
2018-06-25,163.6473846435547,166.14932697875955,162.1576867513442,165.90103428261273,77799700
2018-06-26,164.3158416748047,165.26121897292182,163.64737482942212,164.24898916179973,39008100
2018-06-27,162.081298828125,165.7578086110848,161.96671115984978,165.01295962495902,52843500
2018-06-28,163.4755096435547,164.0293743177392,161.54653468465932,161.8807681406706,46407700
2018-06-29,163.9147186279297,165.12749113232164,163.67598468610564,164.25849608700284,36408500
2018-07-02,165.01295471191406,165.06070442932986,162.02400016993465,162.37732185070917,31770000
2018-07-03,163.10302734375,165.6336012268669,162.9406900164522,165.6336012268669,25512700
2018-07-05,165.12753295898438,165.261223417423,163.32270448447957,164.16305283533205,31626200
2018-07-06,167.69630432128906,167.82045065871637,165.20392088577267,165.50950738677327,37005600
2018-07-09,169.2051239013672,169.24331493270128,167.89686615344692,168.56531848555335,27362100
2018-07-10,169.32928466796875,169.71125329849903,168.74677303515006,169.5202689832339,23902500
2018-07-11,168.46981811523438,169.09053529751938,167.87776242025083,168.0018941997735,30280600
2018-07-12,171.37281799316406,171.37281799316406,169.10006568988695,169.21465334512217,27930100
2018-07-13,171.51608276367188,171.79300783630836,170.88582140656482,171.3632894823424,28049800
2018-07-16,171.10543823242188,171.84074308712553,170.8189690680148,171.5542593515504,21405300
2018-07-17,172.1463165283203,172.50918229935425,169.29105264720513,169.29105264720513,31034100
2018-07-18,171.82167053222656,172.30869733978798,171.29646725758127,172.16544816119966,23220800
2018-07-19,170.9622344970703,171.7739361324612,170.76170604580386,171.20096855792988,31094100
2018-07-20,170.92404174804688,172.050859509865,170.73304284433416,171.47790651223852,35897300
2018-07-23,171.4683074951172,171.54470412439971,169.7303315352326,170.4178866276083,22184700
2018-07-24,172.1749725341797,173.8461106197865,171.46831461235985,173.23495213132557,36900300
2018-07-25,174.5813751220703,174.68640407486438,172.1653740710263,172.2513293696573,35026600
2018-07-26,171.93626403808594,172.76705386116413,171.70707410671235,172.21318912205538,40873500
2018-07-27,169.61575317382812,173.13946987531463,168.6417287985384,173.02488220084976,59456100
2018-07-30,167.21885681152344,169.7207846672759,166.41671400495414,169.62529980239944,60193000
2018-07-31,168.49847412109375,169.14783825454253,166.94193816625477,167.8777714764926,47285100
2018-08-01,169.13827514648438,169.64439010713974,168.1642508285259,168.8899970093678,37101900
2018-08-02,171.43968200683594,171.6402250051621,167.86821564014755,167.94461227897804,47178200
2018-08-03,171.9648895263672,171.9744336414629,171.00995345474442,171.76434654001244,28934400
2018-08-06,172.97706604003906,173.02481574311545,171.64016178088144,171.85024881748674,24808800
2018-08-07,173.60731506347656,173.93198970793077,173.0916416200139,173.46406596422023,29895700
2018-08-08,173.8174285888672,174.13255916988663,172.90068375579563,173.36860757085446,22680700
2018-08-09,173.71240234375,174.39995739416432,173.45456555705306,173.71240234375,18852900
2018-08-10,172.38507080078125,173.05352316410458,171.7357066684324,172.5378495044204,33818500
2018-08-13,172.19406127929688,173.80789083045465,172.11766465307937,172.70017617821716,26089200
2018-08-14,173.2731475830078,173.47369056971124,171.9266842225981,172.8529733793763,20913000
2018-08-15,171.15316772460938,172.44233709676908,170.09318822805946,171.89801660638324,58528000
2018-08-16,171.7166290283203,172.83390259832052,171.38239554045998,172.47102219106299,27711800
2018-08-17,171.75482177734375,172.18454014375877,170.23647674946477,171.26780957156268,36092600
2018-08-20,171.6020050048828,172.20361937822435,170.93355268515208,172.13676686066742,24939000
2018-08-21,172.2322540283203,173.26358663581524,172.0126228327288,172.117666373432,26258700
2018-08-22,172.90072631835938,173.10126930879886,171.6497623704402,171.86939359145993,18042400
2018-08-23,172.65243530273438,173.84610532754425,172.36595158254656,172.59514147293027,25776200
2018-08-24,174.25669860839844,174.3999477358152,173.18717506528074,173.22536608989262,23136100
2018-08-27,176.03289794921875,176.03289794921875,174.85833075444143,175.13525578187932,29343600
2018-08-28,176.29074096679688,176.68226823592312,175.91831649818513,176.500828058954,20277000
2018-08-29,178.3247833251953,178.42026819825867,176.52949868603898,176.59633664006637,29175600
2018-08-30,178.0096435546875,179.0696232183987,177.41757325878294,177.98099663711437,29315500
2018-08-31,178.23880004882812,178.74491496732958,177.59899467206526,177.7899789594148,28653200
2018-09-04,177.47486877441406,178.00007193921942,176.51993273488785,177.69449998357817,29063500
2018-09-05,175.18299865722656,177.18836999836722,174.58139891181747,177.15972308530806,42623300
2018-09-06,173.61692810058594,175.46950644560263,172.44236079042824,175.25941934021918,46091400
2018-09-07,172.9484405517578,174.43813821679066,172.30863525055346,172.36592907287545,46629500
2018-09-10,173.53097534179688,174.03709026851672,172.58558343298964,173.94159083770768,26132000
2018-09-11,174.8678741455078,175.15435785726459,172.38504930967184,172.83387039148516,30116500
2018-09-12,174.35223388671875,174.73420249606093,172.85297722415532,174.61007071216736,36204000
2018-09-13,176.21437072753906,176.5486042163474,175.3644781169486,175.44087475928106,31133200
2018-09-14,175.69871520996094,176.6154457944167,175.0016012985655,176.3385207100542,31224100
2018-09-17,173.16807556152344,175.52676844043359,173.00573820429537,175.40262210854388,33071200
2018-09-18,174.6005096435547,175.45040217323896,173.22539935481427,173.31135467623673,31877300
2018-09-19,174.466796875,175.03976427912906,173.33042075188274,174.62913423956442,31843400
2018-09-20,176.3957977294922,176.63453175472472,175.24987732260985,175.67005153840603,33295800
2018-09-21,175.43128967285156,177.12151581202352,175.2116439132533,176.87323771080324,38605400
2018-09-24,175.9192352294922,175.98620806639414,173.44150301718489,174.1589940545444,34945600
2018-09-25,176.1583709716797,176.292302026851,175.2399761666549,175.84267321362086,25277500
2018-09-26,176.28268432617188,177.9281308188171,175.9382882091674,176.31138278614011,36210600
2018-09-27,177.7751007080078,178.40649615730572,176.90454164282937,177.00021292813707,33113300
2018-09-28,177.73684692382812,178.20561292026264,176.95239776360035,177.27765681546575,28076800
2018-10-01,178.10037231445312,179.40142306072693,177.65074351701654,178.7700275667875,27371300
2018-10-02,177.69859313964844,179.06660222005937,177.2872386656421,177.94731808225293,25618600
2018-10-03,177.889892578125,178.86568420724674,177.61246920966482,178.4447539124339,29128700
2018-10-04,174.4746551513672,177.28722176160568,173.21186418457054,177.17241329355815,80557300
2018-10-05,172.34129333496094,175.03906589080785,170.6958465131086,174.45550609239058,83325600
2018-10-08,171.2889862060547,172.8100633138272,169.26086879830257,171.7386149758826,66864500
2018-10-09,171.84385681152344,173.17360601594328,171.001996159267,171.4133505978262,49097900
2018-10-10,164.2863006591797,170.87765068206812,164.0662741746699,170.7724180855823,114471100
2018-10-11,162.24859619140625,165.88387132563798,160.5361765974651,163.60704372215176,143084500
2018-10-12,166.76400756835938,167.28059453871228,163.52093503086564,166.62050064514764,102078400
2018-10-15,164.7454376220703,166.4961020836967,164.12360359054506,166.18041902151768,64885300
2018-10-16,169.53834533691406,169.94969984688362,166.17091674069883,166.47705324826026,71979700
2018-10-17,169.60531616210938,170.53327244811064,167.86421208765918,170.361081597872,66987600
2018-10-18,165.6734619140625,169.0217535252349,164.96554674431755,168.96435657605483,82486200
2018-10-19,165.5203399658203,168.4381386570558,164.91764305327695,167.0127184184163,82923700
2018-10-22,166.37179565429688,167.65370924299526,165.10900464640417,166.51528799728925,52909300
2018-10-23,165.75955200195312,166.5822755685153,161.50244181344763,163.243545651238,77567000
2018-10-24,158.17327880859375,165.84565330920555,157.88627948961383,165.56822987920637,102997400
2018-10-25,163.6453399658203,164.6211317834034,159.91439271828398,160.63188369645567,83481100
2018-10-26,159.43606567382812,162.59302890269376,157.11138730990848,158.03934347773182,130970900
2018-10-29,156.15472412109375,162.49734870294577,153.1508293023412,161.87552906046207,111871900
2018-10-30,158.72811889648438,158.842912769665,154.98759615652483,155.6955257683815,92584000
2018-10-31,162.45904541015625,163.827054096008,161.23451443753638,161.3110485356618,73828600
2018-11-01,164.60194396972656,164.7741493421587,161.4641188915486,162.69821116892055,52706800
2018-11-02,162.03814697265625,165.07074004382773,160.92842422811066,164.09494834794182,75966800
2018-11-05,161.63636779785156,162.30602309903213,159.83785247691733,162.2486261585582,39573500
2018-11-06,162.8608856201172,163.76970457767615,161.4067665295883,161.6459301814402,34410400
2018-11-07,167.96937561035156,167.96937561035156,164.4201814838012,164.8124132778795,51169600
2018-11-08,166.89797973632812,167.70156615375726,166.1039546105142,167.18496445870156,40296500
2018-11-09,164.0854034423828,165.7404118369484,162.7843525837498,165.33861865084876,50602700
2018-11-12,159.1202850341797,163.24346204656646,158.97677815459045,162.93734031206685,62578400
2018-11-13,159.25424194335938,162.13376612143824,158.80461325610844,159.866500109367,64128100
2018-11-14,158.039306640625,161.38759709740685,157.1304878646904,160.83273578431073,75270700
2018-11-15,160.80406188964844,161.23455352324828,156.37476119198362,157.75233150002506,73254300
2018-11-16,160.23959350585938,161.01448114484324,158.59414695997847,159.2351035823156,65390700
2018-11-19,155.03546142578125,159.66566676237372,154.53799688463062,159.47433873805196,67280500
2018-11-20,152.26109313964844,154.38486673136822,150.3190861900628,151.50532811155233,102652800
2018-11-21,153.41867065429688,154.9493236250147,152.3280851568117,154.35620253262113,42965800
2018-11-23,152.30899047851562,153.86832760342162,152.19418199637803,152.19418199637803,23503700
2018-11-26,155.82945251464844,155.9059866271178,153.79177373764617,154.44230639494106,42012600
2018-11-27,156.35562133789062,156.74785320513442,154.19357272154483,154.97803645603238,36608100
2018-11-28,161.38760375976562,161.38760375976562,156.38430504364118,157.48445182875884,70141000
2018-11-29,160.86141967773438,161.9233065674492,159.5890822651105,160.70836607901748,44885700
2018-11-30,162.028564453125,162.12423573999004,160.2778850046948,161.08148586115001,36722800
2018-12-03,164.86026000976562,165.7977772658087,162.16248750491806,165.60644929889617,50771700
2018-12-04,158.53677368164062,164.45846695290177,158.3454457146666,163.99926231529827,70594700
2018-12-06,159.65606689453125,159.67520407155732,154.75800058786876,155.341560409357,71715500
2018-12-07,154.38494873046875,159.87613767107433,153.8874841715737,158.95775728261452,80432200
2018-12-10,156.0016326904297,156.68084910800317,152.5002742474463,154.09788526875153,73960800
2018-12-11,156.51820373535156,158.5845804360051,155.19801618814753,158.54630609114918,59058300
2018-12-12,157.89581298828125,160.33528464859765,157.80971759491882,158.80463175656718,53780000
2018-12-13,157.94366455078125,159.58911146650902,156.92003722409706,158.92901752274287,46378500
2018-12-14,154.097900390625,156.70956294902484,153.73436702885482,156.1355790380802,56547400
2018-12-17,150.60614013671875,154.66236125844,149.40076048800827,153.43784442874906,74834100
2018-12-18,151.5531768798828,153.01685683383346,150.23298923616787,151.77320328803978,63642100
2018-12-19,147.831787109375,153.75347953384346,146.6933661621979,151.32356944884324,81856500
2018-12-20,145.6888885498047,149.1137129687845,143.87125107371565,147.46826627369057,99002100
2018-12-21,141.1735382080078,147.41091621474007,140.36037589062676,146.41600176987342,141129400
2018-12-24,137.6726837158203,141.97075364505872,137.63431449608152,140.14791560483098,56163300
2018-12-26,146.26882934570312,146.34556778052837,138.23871282076317,139.18851564218568,98982100
2018-12-27,146.83485412597656,146.95956505116953,141.10728639716444,144.26367760665292,85824300
2018-12-28,146.75811767578125,149.27171869983704,145.55887831099852,147.89019260934296,77856600
2018-12-31,147.9956817626953,148.68644460025791,146.50863710878085,148.1971603566294,53015300
2019-01-02,148.590576171875,149.4252421820383,144.7530097594952,144.8585434214018,58576700
2019-01-03,143.73606872558594,147.03636381251502,143.41946771404415,146.40317642858673,74820200
2019-01-04,149.88572692871094,150.6244624678023,145.57806854948535,146.153694654406,74709300
2019-01-07,151.67018127441406,152.40891674339727,149.77059042189381,150.2598747605147,52059300
2019-01-08,153.04212951660156,153.60816696356372,150.81633430670357,153.0613068055769,49388700
2019-01-09,154.28933715820312,154.96090823293463,152.9941528690305,153.63694337192717,46491700
2019-01-10,154.73068237304688,154.81702410716326,152.25545018762818,153.1189114462559,38943400
2019-01-11,154.1645965576172,154.32769132849782,153.3011355692991,153.81921509011997,30176600
2019-01-14,152.80230712890625,153.4642896877256,152.14991321617327,152.85986828373328,30710200
2019-01-15,155.7859649658203,155.9970322242899,153.4162672686704,153.50260897282172,40874200
2019-01-16,155.75721740722656,157.12914023887947,155.69964161977416,156.0450231487253,33812200
2019-01-17,156.9852752685547,157.68562714053965,155.00893062430688,155.2583672068773,39329000
2019-01-18,158.53941345214844,159.2781488573624,157.1674909101864,158.08849836681068,57183200
2019-01-22,155.36383056640625,157.47448851354926,154.23174121201754,157.39773545230682,56711700
2019-01-23,155.5653076171875,156.87008048966734,153.8096342606312,156.16014023202075,38106100
2019-01-24,156.57266235351562,156.802921543141,155.47895682130752,156.07377476223564,32417800
2019-01-25,158.4435272216797,158.9232230529765,157.29226015439832,157.82951714318594,36515900
2019-01-28,156.4863739013672,156.49596254785016,155.18160066109257,156.40003216555573,33491200
2019-01-29,155.00892639160156,156.61110879866612,154.45247744030246,156.57272493214572,30784200
2019-01-30,158.95196533203125,159.52760604654804,156.2752696795766,156.76455403950982,41346500
2019-01-31,161.3312530517578,162.1275496295598,159.70987932676405,159.93053523846933,37258400
2019-02-01,160.65005493164062,161.75336360487802,160.20874317366415,160.53493267115078,32143700
2019-02-04,162.6456756591797,162.6456756591797,160.53501682197404,160.6789197230188,26718800
2019-02-05,164.08473205566406,164.2766074336591,162.79915092002898,162.86630071470842,28156400
2019-02-06,163.5954132080078,164.41088705261248,162.85667778712488,164.12308136578136,27970000
2019-02-07,161.39845275878906,162.56891173986293,160.17043262113037,162.16596900461442,42036200
2019-02-08,161.7150421142578,161.74382269047777,159.80586224228344,159.9881343452919,29020700
2019-02-11,161.56155395507812,162.69364375613648,161.15861120393524,162.30028965175106,21434100
2019-02-12,163.9503936767578,164.19024152370955,162.45374545404314,162.7415657982154,29722100
2019-02-13,164.06549072265625,165.16879943241673,163.88321868389622,164.67950053084132,26094100
2019-02-14,164.26699829101562,164.85222763632427,162.93344481749605,163.4802903085035,30326800
2019-02-15,164.95779418945312,165.55261229744013,164.1902779809561,165.51424307463463,32521700
2019-02-19,165.28395080566406,165.78283843740982,164.42050439304546,164.44928496418933,19487700
2019-02-20,165.25515747070312,166.05145403553283,164.3629305558536,165.39906031530788,32593000
2019-02-21,164.65077209472656,165.2647820973129,163.77773691545374,164.81386690050618,25207400
2019-02-22,165.8691864013672,165.9843086902809,164.91938360037395,165.00573995621093,27735400
2019-02-25,166.4736328125,167.56733863964382,166.35849586706377,167.1356153519312,32608800
2019-02-26,166.64633178710938,167.1740001386204,165.7924737779934,166.07070556295162,21939700
2019-02-27,166.54080200195312,166.74228070055946,164.78511343096162,165.87881938544666,25162000
2019-02-28,166.15699768066406,166.7518156597411,165.68689062804296,166.02268347122245,25085500
2019-03-01,167.30825805664062,167.55769453920993,166.14738807417316,167.35623055229058,31431200
2019-03-04,167.3370361328125,168.65139758696483,165.46622594354272,168.41154975143922,38063500
2019-03-05,167.46180725097656,167.97987227542907,166.63672988673434,167.46180725097656,22319900
2019-03-06,166.51199340820312,167.65367168353433,166.24336494802557,167.62489110845482,27194600
2019-03-07,164.4684600830078,166.14739502696247,163.8544501747847,166.0898338854339,39407400
2019-03-08,164.21900939941406,164.30535110424591,162.4633215387511,162.62641630537232,39303200
2019-03-11,167.6344451904297,167.74958210616163,164.87140807841496,164.9001886475604,30518400
2019-03-12,168.5554962158203,168.98721946616212,167.67285778603292,168.07580046229546,33953500
2019-03-13,169.82191467285156,170.70455325482033,169.1887272947829,169.42857521289903,42426100
2019-03-14,169.5340576171875,170.13846423344867,169.4860851202396,169.93700024107852,23751500
2019-03-15,171.1074676513672,171.61594393889348,170.0809117929434,170.19603408018662,38192000
2019-03-18,171.5149688720703,172.03399128931244,170.688390108064,171.0344001642944,32935100
2019-03-19,172.0916748046875,173.00475250977462,171.36120090798215,172.2166127087598,36893300
2019-03-20,172.77406311035156,173.83132017398233,171.3131447425264,172.10126982703818,50105000
2019-03-21,175.4748992919922,175.72478978918917,172.235855595799,172.25508245428983,42428500
2019-03-22,171.6207275390625,175.18655448862748,171.43810904850366,174.71559178485975,70794500
2019-03-25,171.2938995361328,171.88979999954316,170.0540241429049,170.99594930442765,46336500
2019-03-26,172.0916748046875,173.66793974092255,171.2170361472085,172.6203033705152,33248100
2019-03-27,170.98635864257812,172.7356359654996,169.73689160139955,172.35118682449,37096700
2019-03-28,171.3804168701172,172.02437720362752,170.35200742178662,171.42847667591812,30368200
2019-03-29,172.677978515625,172.84137014184384,171.64955428108863,172.70681146932273,35205500
2019-04-01,174.9654541015625,175.1769055128066,173.74482010531844,174.45605242878176,30969500
2019-04-02,175.62864685058594,175.80165922244683,174.71556918171356,175.15769887354116,22645200
2019-04-03,176.63783264160156,177.7335287061231,176.08999194223733,176.61860578691366,31633500
2019-04-04,176.5706024169922,177.32989470015622,175.5517841986328,176.68593424081544,28530800
2019-04-05,177.48367309570312,177.58939881854934,176.86854561708756,177.07999706278002,25674700
2019-04-08,177.93539428710938,178.07955904920993,176.49368800292484,177.1953142881388,22697500
2019-04-09,177.3106231689453,177.9161444230543,176.93578017016182,177.32985002333731,25631900
2019-04-10,178.26219177246094,178.31985768191004,177.34911398599303,177.54133857275534,24563000
2019-04-11,177.8392791748047,178.56013233516273,177.51249592856652,178.56013233516273,20654100
2019-04-12,178.608154296875,178.72348608503793,177.86807443598155,178.62738115016614,24989100
2019-04-15,178.63702392578125,178.83886926230588,177.4452080954626,178.617797068542,21073000
2019-04-16,179.25213623046875,179.64620610872836,178.7042808388697,179.29057527590672,27195700
2019-04-17,179.87684631347656,180.6265322612404,179.34823251205242,180.45353458058347,29651600
2019-04-18,180.1075439453125,180.49199305424875,179.05028689704764,180.17483060556273,28580900
2019-04-22,180.61700439453125,180.68429107667936,179.18490386596088,179.3194772302571,17936000
2019-04-23,182.9140625,183.13512000313438,180.81878993595814,181.07828648345762,33665600
2019-04-24,182.3374481201172,183.2985858654504,182.27976753612677,183.06790752688312,24977100
2019-04-25,183.0775146484375,183.78876186364877,182.08754393847212,183.70226298587664,29517500
2019-04-26,183.24085998535156,183.2793136985063,181.26091906592305,182.78912418344763,26359500
2019-04-29,183.59649658203125,183.88484077653817,182.9429154300959,183.2408657202949,21716200
2019-04-30,182.17404174804688,182.47200676828967,180.8957414530031,182.11637582987024,31495300
2019-05-01,181.58773803710938,183.88487121188325,181.46280010925364,183.3658486427068,34797100
2019-05-02,180.79954528808594,182.47192953635604,179.60772970894945,181.53000438548398,44110100
2019-05-03,183.68299865722656,183.8175573282468,181.97217498319984,182.29895823199251,30386200
2019-05-06,182.5584259033203,182.80831632819869,179.50200158283357,179.7807396199976,38371800
2019-05-07,179.0022430419922,181.33779999383313,177.33946470271968,180.56888710465077,58818100
2019-05-08,178.55047607421875,179.89606239584938,177.77195722629025,178.4159174420557,37165300
2019-05-09,177.5894012451172,178.2045287321378,175.01354481048355,176.56097695739734,55351700
2019-05-10,177.81044006347656,178.66585186417717,173.99472296020218,176.95502826277595,58526400
2019-05-13,171.6399383544922,174.2157798425932,171.14014274269852,173.28347528431027,67185800
2019-05-14,173.5238037109375,174.57145500914666,171.90909932327278,172.54345376091175,43360600
2019-05-15,175.9746551513672,176.4167848387298,172.34155670271264,172.38001041420185,40944500
2019-05-16,177.74314880371094,178.83885962034893,175.84010068188633,176.05155210273287,39281200
2019-05-17,175.9265899658203,178.36788726795479,175.77281912194675,175.98427053129046,44702300
2019-05-20,172.9567108154297,174.13890597497377,172.37041628388735,173.47573334016346,38608300
2019-05-21,174.76364135742188,175.24421012934488,173.88900267273115,174.44646420805728,31613800
2019-05-22,173.98512268066406,174.99432003710754,173.72561143682543,173.79289810462603,24332600
2019-05-23,171.32276916503906,172.0628491887525,170.25590589244263,171.9859564244632,45351300
2019-05-24,171.2362823486328,172.86060727722543,171.02483089841385,172.24547978544206,25903300
2019-05-28,170.59230041503906,172.67796703332684,170.5730735585873,171.71682953185996,24763800
2019-05-29,169.18899536132812,170.1212997024523,168.28552396553428,169.5350053710834,42178800
2019-05-30,169.90032958984375,170.38089848016287,168.9391918092055,169.6408182826478,30354800
2019-05-31,167.18991088867188,168.47783197089956,167.11301810776,167.901158112758,45446200
2019-06-03,163.50869750976562,167.1898556853486,162.69173948069485,166.73811991277094,75842300
2019-06-04,168.11257934570312,168.17024525456176,164.71014406508706,165.34449839412338,47797800
2019-06-05,169.36203002929688,169.74647912825142,167.60314680328335,169.7176461791195,34412700
2019-06-06,170.7076416015625,171.1209237103194,168.90069830646945,169.650384425541,29913200
2019-06-07,174.0043182373047,174.70595913816908,171.3996439495383,171.62070145755905,45888300
2019-06-10,176.03236389160156,177.66630971426662,175.1289067728564,175.1673458279062,41385300
2019-06-11,176.2726287841797,178.19490397120802,175.67672816925557,177.8681207092042,41260300
2019-06-12,175.2538604736328,176.15733233948615,174.92707714600888,175.79209528755428,27758100
2019-06-13,176.2918243408203,176.72433324794804,175.63825793285724,175.98426799171804,23715800
2019-06-14,175.5421600341797,175.99389585205444,174.86936668813058,175.38837450771274,22844100
2019-06-17,176.59939575195312,177.08957055902525,175.73436326996364,175.926587821808,20379500
2019-06-18,179.16563415527344,180.4247218582743,178.2237089023622,178.6850654340796,48177300
2019-06-19,179.8384246826172,180.24210064235385,178.35827949691614,179.40591577331315,31672900
2019-06-20,181.51083374023438,182.38545777222978,179.8865089202789,182.34701872285004,40922000
2019-06-21,181.24172973632812,182.39509195794477,180.85726588525836,181.2993956475395,39980400
2019-06-24,181.2474822998047,181.78690696824495,181.15115016691755,181.60388473469132,19375200
2019-06-25,178.13616943359375,181.22824926115817,177.8664570453092,181.12228977303047,33921100
2019-06-26,178.9645538330078,180.4479864833148,178.67558680860344,179.32097099347484,22595700
2019-06-27,179.64849853515625,180.0723364866331,179.1572398358841,179.60997449330506,19709200
2019-06-28,179.87966918945312,180.27459569792146,179.23428498980536,180.0819461111674,21179200
2019-07-01,182.30706787109375,183.56895417851402,181.45940680816952,183.32813853711798,31025600
2019-07-02,183.0294952392578,183.04876460401232,181.72909973359387,182.2492549962157,18035800
2019-07-03,184.40699768066406,184.40699768066406,183.2992368525991,183.49190113450334,15792100
2019-07-05,184.0313262939453,184.3684593916523,182.43230681888133,183.14512644827906,21415600
2019-07-08,182.74053955078125,182.8946503836838,181.9891812611155,182.83685698406788,17598800
2019-07-09,183.6556396484375,183.88681325148448,181.71947253359951,181.87359806777746,19193500
2019-07-10,185.48583984375,185.9963678347162,184.43588716030789,184.7730349422156,28374500
2019-07-11,185.35098266601562,186.23718247002574,184.76339190813474,185.76519321577777,23736100
2019-07-12,186.420166015625,186.4297933480042,185.3798408881909,185.5532357585386,20211900
2019-07-15,187.01742553710938,187.0559642716239,186.33351733079311,186.8536726609742,15606100
2019-07-16,186.05413818359375,186.95960724728963,185.4858168600293,186.78622705971486,20190900
2019-07-17,185.1390380859375,186.38165486492625,185.11976872163035,186.05413446457842,16765100
2019-07-18,185.35098266601562,185.7073851148511,183.6845425290303,184.2624912543132,28877000
2019-07-19,183.99278259277344,186.70919016010856,183.8001330138226,186.6225000543138,29387900
2019-07-22,185.4569549560547,185.85189616614008,184.40700220572938,184.40700220572938,18954900
2019-07-23,186.67063903808594,186.68990840416853,185.2257452445055,186.46836213798773,23786700
2019-07-24,187.9806671142578,187.99030914591907,185.93855535985384,185.95782472495736,20422900
2019-07-25,186.19866943359375,187.37385101877695,185.84225226548324,187.34495431571682,23434700
2019-07-26,188.11553955078125,188.3659972241417,187.2871331582773,187.38346529391134,20431200
2019-07-29,187.4701385498047,188.00956318515065,186.2853298187256,187.94214245484187,20451700
2019-07-30,186.66104125976562,187.39311560640274,185.900070208539,186.03492639603064,18705000
2019-07-31,184.07948303222656,187.28713445634463,182.3648768332426,187.16192031701684,41627500
2019-08-01,183.1643524169922,187.81691190137286,182.27815271018903,184.3973272002156,63251600
2019-08-02,180.4672393798828,182.04698932806812,179.3691206927079,181.786904331621,55214000
2019-08-05,174.0904541015625,176.76832308474556,172.61666342730067,176.691260309188,75040000
2019-08-06,176.5275421142578,177.04771227694,174.41800884896722,175.6991354869922,41897200
2019-08-07,177.48109436035156,177.73153728898615,173.28126977561888,174.61057656978005,49990600
2019-08-08,181.34378051757812,181.40158861011642,177.78935448293322,178.28061303287154,38418100
2019-08-09,179.63885498046875,181.0933762751488,178.23248505919963,180.47688877363035,33608900
2019-08-12,177.5774688720703,179.0705141660501,176.75868977041213,178.53108945361598,24642900
2019-08-13,181.46902465820312,182.7116268356466,177.25957217003298,177.4233250338375,40241900
2019-08-14,176.0458526611328,179.11866244810977,175.71834693228263,178.55034108953686,51000500
2019-08-15,175.84359741210938,176.84538408787395,174.50466293393728,176.2770626593323,36685000
2019-08-16,178.66592407226562,179.11865862233196,177.33663181937777,177.44259128212138,32781400
2019-08-19,181.50755310058594,181.89286693497343,180.6117259947973,181.24748279787175,22494100
2019-08-20,180.10122680664062,181.7098737394545,180.0530607323674,181.05486216365006,19902900
2019-08-21,181.7002410888672,182.27818986857304,181.054856867507,181.6809717200771,20418500
2019-08-22,181.11260986328125,182.49971014222098,179.68697085536064,182.03733358376206,24243700
2019-08-23,175.38121032714844,181.52681507875016,174.8899370455766,179.8796444357203,55372400
2019-08-26,178.0301971435547,178.07834851399255,176.35411496249813,177.3751709458857,27598900
2019-08-27,177.6544952392578,179.5713928993521,176.9609597638861,179.27278387704308,28012800
2019-08-28,178.29025268554688,178.58886170897938,176.19034748965427,177.07654722630596,21792400
2019-08-29,181.01634216308594,181.5365123019271,179.82189100928753,180.50581405903088,25358900
2019-08-30,180.58282470703125,182.02771847828404,179.56176879372774,181.98917974671437,26319800
2019-09-03,178.82969665527344,180.30348726437606,178.23247854388362,179.37876339501253,27964200
2019-09-04,181.41123962402344,181.56536516114144,180.03376652063918,180.55393653385735,21592100
2019-09-05,184.7344970703125,185.26429443083154,183.3473965984883,183.41483203447282,33932600
2019-09-06,184.55149841308594,185.11019254664967,184.14692984013755,185.0427718002695,19487800
2019-09-09,184.1661376953125,185.20646283464694,183.23177200623113,185.12940008007948,24407600
2019-09-10,183.63633728027344,183.7326693963775,181.9698974988377,183.173975459052,23744700
2019-09-11,185.36061096191406,185.45694309907114,183.5593146431968,183.98315252953512,25063600
2019-09-12,186.1312255859375,187.55686479753453,185.88078260465616,186.49727007245843,28689900
2019-09-13,185.466552734375,186.29495906092103,185.22573711268393,185.86149388152094,27669800
2019-09-16,184.6381378173828,185.02345161309293,184.08908586854622,184.27210808423123,20319000
2019-09-17,185.5243682861328,185.5243682861328,184.26248203125357,184.65742319427181,20953400
2019-09-18,185.4473114013672,185.52437416963556,183.12584511377494,185.13906032829362,29781300
2019-09-19,185.7555694580078,186.9114817205139,185.39916697410908,185.77483882687912,26039400
2019-09-20,183.79051208496094,186.2082959862362,183.1740245918992,186.01564640057092,29086100
2019-09-23,183.87159729003906,184.42177134343078,183.11873838487583,183.736469146237,22485900
2019-09-24,181.4296417236328,185.11671831732968,180.63816630693012,184.71133385799322,40820700
2019-09-25,183.46615600585938,183.94875847386893,179.73081761638005,181.24618170744367,34704900
2019-09-26,182.79052734375,183.38894972995377,181.43923150902413,183.2248666475385,26826000
2019-09-27,180.52230834960938,183.22488557031363,179.2868470020636,183.12835916934307,40773500
2019-09-30,182.24038696289062,182.52995146132469,180.87944412975403,181.25587355935969,26307700
2019-10-01,180.7539520263672,183.95842510177494,180.45474082032254,182.90635514250187,32367600
2019-10-02,177.64601135253906,179.55711343164887,176.651851223193,179.52815845528826,48544300
2019-10-03,179.59571838378906,179.73084650743874,175.4935967463071,177.62669175019562,39392500
2019-10-04,182.24038696289062,182.50099648426752,180.37754804218798,180.57058613185663,31887600
2019-10-07,181.69021606445312,183.1380237362744,181.37169660930908,181.71917103966064,21216000
2019-10-08,178.96832275390625,181.32342548697838,178.82354788419303,180.55125848349988,32379300
2019-10-09,180.71536254882812,181.53579284670133,179.9431954557467,180.48372273040732,20147400
2019-10-10,182.11488342285156,182.838787216943,180.6091658875991,180.76360223169175,25177700
2019-10-11,184.46034240722656,185.92745824450947,184.08391301722392,184.19008616455085,40976700
2019-10-14,184.44102478027344,185.0298004349178,184.0163322126139,184.1997235239087,14975000
2019-10-15,186.7864990234375,187.22083838204483,184.89469050719626,185.01051040872852,23234200
2019-10-16,186.3231658935547,186.79612164348694,185.73439025705105,186.1494360636976,20457100
2019-10-17,186.81546020507812,187.73240215434706,186.10120309022412,187.44283766303533,19045200
2019-10-18,185.02020263671875,186.9313049689392,184.07430558531763,186.477657308725,27700800
2019-10-21,186.6610107421875,186.78649211611474,185.45450438630493,186.00467835396057,15801200
2019-10-22,185.1746063232422,187.65517579850726,185.11668164521421,187.3945662948955,22392300
2019-10-23,185.53173828125,185.57034000765037,184.4989616837302,184.7981876567467,14828400
2019-10-24,187.33668518066406,187.45251982668876,186.03366691775966,186.85408255117426,18998500
2019-10-25,188.8327178955078,188.9292442929312,186.3328403175631,186.3714420398162,21507100
2019-10-28,190.695556640625,190.94650463559682,189.71104342858894,189.71104342858894,18818700
2019-10-29,189.2187957763672,190.66660338392145,189.18984080244493,190.37705364469906,18569700
2019-10-30,190.13577270507812,190.45429218013774,188.49491212546275,189.58559868601273,21764300
2019-10-31,190.22259521484375,190.7727543833567,189.12226214995897,190.68588947167447,26801800
2019-11-01,191.9503173828125,191.95997885883114,190.7534725852873,191.04302230865,22131900
2019-11-04,193.13754272460938,193.5525738403356,191.95032987014903,193.22440764726917,19015900
2019-11-05,193.2436981201172,193.5718642830362,192.6066592900795,193.37882623001673,15048900
2019-11-06,192.8093719482422,193.0410264820508,191.87312179157533,193.02171825560137,19725500
2019-11-07,193.45603942871094,194.70116218004222,192.89623346507034,193.77455885979893,17832400
2019-11-08,194.2282257080078,194.24753393456032,192.5970266690684,193.1085989416095,15258800
2019-11-11,193.96759033203125,194.0447937663612,192.98307717395136,193.24368663035514,10147600
2019-11-12,194.52743530273438,195.17413569996282,193.83250115918565,194.13171239284753,14778300
2019-11-13,194.57568359375,194.7590749107434,193.72631315989787,193.8517798021615,15774600
2019-11-14,194.4212646484375,194.54674602979048,193.25337467443177,193.8421504000595,16945400
2019-11-15,195.84979248046875,195.84979248046875,194.97145220564735,195.59882970031254,18427900
2019-11-18,196.0041961669922,196.31305412386527,194.7494266590185,195.54088713989222,18365900
2019-11-19,196.2937774658203,196.74742508956246,195.54091858553815,196.74742508956246,16923300
2019-11-20,195.1162109375,196.37098055078062,193.63944826834913,195.78220483297224,36629000
2019-11-21,194.681884765625,195.03902070250078,194.07381550809723,194.90387783653634,17883600
2019-11-22,194.80734252929688,195.28029831922922,193.75527252966978,195.1644636950017,17189600
2019-11-25,197.1141815185547,197.15278324128107,195.6181107073107,195.64706568132067,17752800
2019-11-26,197.49058532714844,197.74153331201578,196.9500729118288,197.2396373422811,14780600
2019-11-27,198.870849609375,198.8805110860742,197.7608696506694,198.0021709223759,16963100
2019-11-29,197.96356201171875,198.66815757571905,197.8670356153964,198.36894636612413,9854600
2019-12-02,195.9366455078125,198.04078566605966,194.7590940462361,197.97322896402787,28007000
2019-12-03,194.40196228027344,194.47918045543983,192.29780750860675,193.24371910849942,31104100
2019-12-04,195.38645935058594,195.84976839796732,195.10655635467128,195.39612082731944,15300100
2019-12-05,195.7725372314453,196.0813951813421,194.81697895347796,196.0813951813421,14962300
2019-12-06,197.86705017089844,198.01182504817163,197.04661992538675,197.20105627971907,16555300
2019-12-09,196.96939086914062,198.43649186098344,196.88251122621008,197.5099033111732,13984100
2019-12-10,196.80531311035156,197.75122470814105,196.36132701395817,197.0659226099761,21799800
2019-12-11,197.84774780273438,198.05044736477996,196.9404526039946,197.24932532180466,18780800
2019-12-12,199.324462890625,200.1062912478671,197.37475955468415,197.6450157542771,32612000
2019-12-13,199.9808349609375,200.67578376924126,198.79363688336034,199.21831473033694,32519400
2019-12-16,201.98846435546875,202.2394123657162,201.22594412056344,201.29351554324174,21296600
2019-12-17,202.1042938232422,202.41316652235875,201.76646614956607,202.24906869604,15996100
2019-12-18,202.2587127685547,202.8185334416355,202.04636648814954,202.27802099255322,15443300
2019-12-19,203.52316284179688,203.59071954524396,202.32630312834033,202.34561135555182,17865900
2019-12-20,204.3435516357422,205.12536530864537,203.91885909049623,204.48832649077644,27672600
2019-12-23,204.88330078125,205.21217842047145,204.7091942992351,205.06708968545902,23774700
2019-12-24,204.98973083496094,205.15416967601243,204.5254320625925,205.06711642365434,7089000
2019-12-26,206.7985382080078,206.81788829188804,205.2895563807177,205.31857412664334,17067500
2019-12-27,206.6244354248047,207.54336516837924,206.0730687227862,207.52401508415326,18134100
2019-12-30,205.270263671875,206.6438247167413,204.2545980742521,206.51807128509688,21815500
2019-12-31,205.6571807861328,205.8022695486442,204.29328737935475,204.61249741667257,18170900
2020-01-02,209.091064453125,209.091064453125,206.9823478920905,207.38861113563863,30969400
2020-01-03,207.1758270263672,208.4236494014937,206.3052649468125,206.32461503474266,27518900
2020-01-06,208.5106964111328,208.53971416226253,205.29927562117845,205.55076771756657,21655300
2020-01-07,208.48167419433594,209.07172638765445,207.823918836429,208.58807753279638,22139300
2020-01-08,210.0486602783203,211.00629018093233,208.12374757076267,208.45262520042314,26397300
2020-01-09,211.82850646972656,212.23476969003815,210.59036672407504,211.7801386378297,23547000
2020-01-10,211.2868194580078,212.67973044119913,210.9095739633761,212.66039511517042,21898500
2020-01-13,213.72439575195312,213.7534134983531,211.81881835280967,212.1573784071956,22756900
2020-01-14,212.8828582763672,213.97590929107974,212.55398063363972,213.61799914125035,24418100
2020-01-15,212.969970703125,213.96628633048303,212.27351505451435,212.99898845850095,25742100
2020-01-16,215.01092529296875,215.04962546532127,213.57932887153916,214.03395995803893,18805000
2020-01-17,216.07496643066406,216.2490729331579,214.85616187404065,215.97823075608417,24325200
2020-01-21,215.97824096679688,216.5199253465533,215.37852108346547,215.47524200282632,21146300
2020-01-22,216.54891967773438,217.78705948606583,216.2780775171488,217.07126867299996,20736400
2020-01-23,217.24542236328125,217.3421580529888,215.41723000224312,216.42322803994313,26496100
2020-01-24,215.4171905517578,218.49320485164415,214.42087512136544,218.26104809473856,37436500
2020-01-27,210.9676513671875,212.10905566096775,210.0777244224662,210.55170564739464,42264400
2020-01-28,214.2080841064453,214.70141540595148,211.89624307087365,212.4572775378892,26731900
2020-01-29,214.5563201904297,215.6396889908442,213.60837249006698,215.3978645436236,28924500
2020-01-30,215.3204803466797,215.41720126368983,212.50564041336628,213.17307820784183,39568100
2020-01-31,211.9059295654297,216.24908710660236,211.15142372579615,216.22006935428485,52015800
2020-02-03,215.107666015625,215.60098252627117,212.79582511627365,212.94091386652502,25408600
2020-02-04,220.03121948242188,220.40846501300277,217.3034327537658,218.04825615099202,30691200
2020-02-05,220.7566680908203,222.72028111487174,219.43147505009935,222.68159570366564,38534800
2020-02-06,222.6622772216797,222.72031272662142,220.5245426443054,221.3080514806042,22467100
2020-02-07,221.70462036132812,222.90407477131217,221.06620036441126,221.66593494929873,25884900
2020-02-10,224.38404846191406,224.39371612538102,220.91145326417154,220.96948876455627,21478900
2020-02-11,224.42276000976562,226.36703805781693,223.832707754156,225.6222146099637,30198000
2020-02-12,226.6088409423828,226.71524428194877,225.18691211354306,225.7479465621825,24471300
2020-02-13,226.31866455078125,227.24726216141468,224.76131452231758,225.0321567220684,22773200
2020-02-14,226.9667205810547,227.1795272453775,225.9123696822313,226.67652833336078,23438500
2020-02-18,227.05377197265625,227.47938529782508,225.62217559146254,225.86400000260022,24394500
2020-02-19,229.23020935058594,229.70419054649275,228.13717296460888,228.40801514518654,22230500
2020-02-20,227.10214233398438,229.2011764748422,224.29698503748833,228.72721007000422,42604000
2020-02-21,222.73965454101562,226.35733863940033,221.82072464072297,225.97042544763252,66017200
2020-02-24,214.15000915527344,216.91648080520974,213.05695817434864,214.43051895721354,84522600
2020-02-25,208.326904296875,216.66502064245518,207.71751677267258,215.94921501934752,97743000
2020-02-26,209.40057373046875,213.07630744684,207.8722417993537,209.6230627985212,79537700
2020-02-27,198.91505432128906,209.3425200338532,198.77963326371503,204.003033781328,121822600
2020-02-28,199.0698699951172,200.39506312353456,191.68938380677832,192.1440149074367,148173700
2020-03-02,209.34255981445312,209.48766332071983,199.2052843731378,202.04914188238826,112933900
2020-03-03,202.62953186035156,212.4282629516828,200.83035742545368,210.01001853702397,131953500
2020-03-04,211.0836944580078,211.19009778994695,204.45769964863374,206.3439418748084,73086200
2020-03-05,204.67050170898438,209.28451553050525,203.2292376885246,205.73453500444302,78705500
2020-03-06,201.21728515625,202.3103215937597,196.27439298798058,197.97683174041705,89828400
2020-03-09,187.23980712890625,194.58159251219345,185.82754611135348,187.15273912578613,116424000
2020-03-10,197.43515014648438,197.61893908595363,187.34622664232916,194.53325681118343,100599200
2020-03-11,188.83583068847656,194.18498501008835,186.42725445253583,192.83077433111933,89168800
2020-03-12,171.521240234375,184.5410593893439,171.15366237455717,176.135239770442,137820700
2020-03-13,186.05007934570312,188.1200963147396,172.30478409741457,180.95242990818215,134882000
2020-03-16,163.7635040283203,178.64053266002853,163.62808294032632,168.4548890308054,92054400
2020-03-17,176.18360900878906,178.3600289143461,164.2278084038708,169.7317348821573,121257100
2020-03-18,170.82479858398438,173.3591141146545,161.34527712543084,165.9979772145498,114156300
2020-03-19,171.85011291503906,177.48946027690852,166.01730896513843,169.94453526535898,120896500
2020-03-20,165.11770629882812,176.88971695637068,164.53733656331147,175.79668064590842,118983900
2020-03-23,165.2369842529297,168.87208144020485,159.87641399281276,165.68288122480305,124639800
2020-03-24,178.0325164794922,178.19730577063214,172.4974688691545,174.3974194333963,94881800
2020-03-25,176.7141571044922,183.7032275454454,174.46523701720528,178.76919354951661,88754900
2020-03-26,186.01998901367188,186.81487050556282,177.9840092895574,178.2360373085438,79887600
2020-03-27,179.6222381591797,184.67259061756545,179.00184894765306,181.20228338109774,58845000
2020-03-30,186.15570068359375,186.5919240779117,180.6303571984303,181.32829687984514,49356900
2020-03-31,184.56594848632812,189.2673455732761,183.4027206395172,185.84550947169134,62659300
2020-04-01,176.72381591796875,181.90989186804842,175.3182484932837,179.10844528267876,53715400
2020-04-02,180.3104248046875,184.27511353234783,175.42486296783693,175.68659398500938,56465300
2020-04-03,177.7513427734375,181.33798265777412,175.73507441827448,179.8645529383774,47487600
2020-04-06,190.45965576171875,191.59380403810704,183.39303502691644,184.64350165229487,64763500
2020-04-07,190.38211059570312,196.45030768616513,189.9943728940501,196.16918527990825,69904500
2020-04-08,194.42434692382812,195.00595346461898,190.15915833513725,192.07848506486346,45940400
2020-04-09,194.70545959472656,196.99314754696215,192.93153075627205,196.1498099057074,68252600
2020-04-13,196.8089599609375,197.18700938576927,192.66010455310604,193.8718033238803,42853900
2020-04-14,205.36837768554688,205.9887667915281,200.09506288908486,200.88024123355015,63959600
2020-04-15,203.0128631591797,205.3393338045499,200.77364607155448,202.0919749998906,47036000
2020-04-16,206.71580505371094,207.80148239160374,203.2648894086279,205.203607392719,64657400
2020-04-17,208.6932830810547,209.87590219040197,205.58164911610749,209.54632369533635,62863200
2020-04-20,206.2214813232422,209.26526861649853,206.0566920343594,206.8224792934321,38249100
2020-04-21,198.6119842529297,204.68986991615122,197.39059711887748,204.1470311899058,72932800
2020-04-22,204.50567626953125,205.84339646757775,201.94656901538474,202.69297961195727,40089100
2020-04-23,204.06948852539062,207.86937454630205,203.6623594650694,205.30056397282158,43278500
2020-04-24,207.28775024414062,207.73366194657098,203.08073522190108,204.5056943086671,34231900
2020-04-27,208.9550323486328,209.99225362149272,207.92751413257224,209.56573327718567,36451700
2020-04-28,205.01942443847656,210.66110080650986,204.738316842193,210.66110080650986,46862800
2020-04-29,212.28961181640625,213.22989118902956,208.54788564662257,209.56571551084042,48716400
2020-04-30,212.202392578125,213.29775824344355,210.6901948310518,213.21051947909206,43359500
2020-05-01,206.2214813232422,210.03105587557124,205.19394814763865,207.927548188659,48795000
2020-05-04,208.62545776367188,208.84840620558884,204.65107970713316,204.98067302838547,32841000
2020-05-05,210.9906768798828,213.39468298302052,210.20549848108038,210.77741672326437,37783100
2020-05-06,212.28961181640625,214.26709758271315,211.42688293537745,212.67734948313503,36455200
2020-05-07,215.02320861816406,215.90531401815738,213.66609721828164,215.02320861816406,38624800
2020-05-08,217.97007751464844,218.1057871905839,215.66299823250066,216.70021952027142,31852300
2020-05-11,219.91845703125,220.94597513659673,216.40938241685987,216.64203388629903,35714100
2020-05-12,215.3140106201172,221.11078793563695,215.28493103419018,220.51947836971416,41054100
2020-05-13,212.61920166015625,217.72772778336332,210.06979752242236,215.8374806724976,65521200
2020-05-14,215.0329132080078,215.07168106066484,209.37186008041002,211.29118679869762,51549300
2020-05-15,216.4287872314453,216.48694640462045,211.64015142343405,212.07636001349195,55747200
2020-05-18,220.46133422851562,221.67303311019523,218.56139866513985,219.34657717386884,42398100
2020-05-19,219.90879821777344,222.80718714881996,219.7634002744289,220.72305628299372,36237300
2020-05-20,224.3000030517578,224.65866118794864,222.4485236085232,222.4679149322013,37417000
2020-05-21,221.8572235107422,225.02703206683967,221.34346434550656,224.34848362136307,43642900
2020-05-22,222.623046875,222.82660403254488,220.52922736419205,221.45011568504566,28762400
2020-05-26,222.02198791503906,226.41319797223812,221.77964815514648,226.2096260657805,33055300
2020-05-27,223.2336883544922,223.35002149814196,217.0782672827468,221.68272275453253,55665600
2020-05-28,222.94290161132812,226.31626709053216,222.03170170349097,222.08986088207703,42784300
2020-05-29,226.20962524414062,226.44227673764073,221.75056776181532,223.320939458262,50691800
2020-06-01,226.88815307617188,227.26620247436526,224.89127600924056,225.337187633613,25776000
2020-06-02,228.41004943847656,228.46820860768509,224.90096005337966,227.31466911423777,33383400
2020-06-03,229.43760681152344,230.19370572314554,228.13866917271065,229.02077470877248,37228700
2020-06-04,227.82847595214844,230.50390183562985,226.51983520548833,229.0886457838866,38716100
2020-06-05,232.34568786621094,232.93699751603913,228.41009223903328,228.98201056507716,47365600
2020-06-08,234.14866638183594,234.27467299216102,230.62020025909177,232.20024535062313,32937300
2020-06-09,235.84507751464844,236.69810348458952,233.10178942241728,233.28597002233244,35046300
2020-06-10,238.67555236816406,240.226532543031,237.01794212138446,237.5414042166804,58084400
2020-06-11,226.84938049316406,236.12613774353855,226.7912213240776,234.7399615761667,72919400
2020-06-12,228.6523895263672,233.03388124764493,224.63924414106373,231.76402341380702,72034800
2020-06-15,231.4344940185547,232.1130424563807,224.37756068267083,225.31784022910355,45307400
2020-06-16,235.4088592529297,236.90166573279106,231.77376269121828,236.31035610043617,48890100
2020-06-17,236.15524291992188,237.97764263542004,235.29251397207872,236.91134178247006,34749300
2020-06-18,236.7950439453125,237.03738372459102,235.05989763382678,235.83537309452097,30578600
2020-06-19,236.7563018798828,239.43172800971706,235.02114058813058,239.16999687803556,49422100
2020-06-22,239.5955810546875,239.7218067935446,236.33287018227654,236.62417174653646,24068700
2020-06-23,241.63479614257812,243.87790736816555,240.64434106697362,241.19782892487396,32767400
2020-06-24,236.6533203125,242.1105870146587,235.14819800078607,240.87735604502598,46032400
2020-06-25,238.90611267089844,239.20713413994108,234.1577049525699,236.74068726268638,36940800
2020-06-26,233.264404296875,238.83820729087944,232.74003175959118,238.66341150612845,52824600
2020-06-29,235.80853271484375,235.81825264640548,230.4775058604969,233.02163867889968,34377800
2020-06-30,240.43069458007812,240.9744772887084,235.55604561291236,235.74054649269067,38909200
2020-07-01,243.2369842529297,244.23715907574194,239.92571837854905,240.46950102198494,34689200
2020-07-02,244.8877410888672,246.90751564351487,244.42164382762996,245.69370988833944,31956500
2020-07-06,250.90823364257812,251.43257640106654,248.03392023030133,248.05334527145592,34589000
2020-07-07,249.1797332763672,253.32611256252022,248.87871182990676,250.65573999080908,36578200
2020-07-08,252.4619598388672,252.49109000117548,249.07302254326385,250.510179696332,30426300
2020-07-09,254.58848571777344,255.2585089140759,250.17024430116487,254.38457463357364,40312900
2020-07-10,256.3266906738281,256.5791717984155,251.7530780769453,254.44286143791035,32885300
2020-07-13,251.05393981933594,261.97819420790495,250.22854578319007,259.18158034300143,64108100
2020-07-14,252.8309326171875,253.2387844766079,245.44128101517944,248.5194912870216,72230500
2020-07-15,253.34556579589844,255.08374417152788,250.03429968875565,254.24863028859184,54523900
2020-07-16,251.6171417236328,252.25803489327026,248.21848468200068,250.54898644090375,47594100
2020-07-17,251.90850830078125,252.77272294580365,249.7236570389697,252.07356935666627,35137900
2020-07-20,259.0553283691406,259.6865015570189,251.29668996557498,252.54931641055435,40610100
2020-07-21,256.3557434082031,260.63805313257035,255.51093944976333,260.628333204888,43243800
2020-07-22,257.2588806152344,258.1911049193124,254.94778934985078,256.8510584118927,29865500
2020-07-23,250.539306640625,257.5599423722051,249.12155973599266,256.85109855382785,51363500
2020-07-24,248.16018676757812,249.4905132952029,244.04296662942264,246.6841946414828,54054500
2020-07-27,252.58815002441406,252.97656198900958,249.0244324659851,249.81097632531936,36445700
2020-07-28,249.37400817871094,252.32599261448718,249.08270659758682,251.80162013452872,31302400
2020-07-29,252.24827575683594,253.11251978024725,250.44214680542763,250.917949234446,27556900
2020-07-30,253.56895446777344,254.13214745971146,249.12155231865083,250.27709809753173,41774500
2020-07-31,258.09405517578125,258.2494259296439,253.29709057330896,258.21057583269294,53686300
2020-08-03,261.580078125,262.3277720246987,260.11379085310864,260.2400314306805,32081600
2020-08-04,262.5509338378906,262.64804418404543,260.3272343367882,261.074927697738,24911300
2020-08-05,263.20166015625,263.6580523611411,262.1432249648927,263.0365991484425,21612100
2020-08-06,266.687744140625,267.01789579927606,262.36658315317544,263.00747624371,28048200
2020-08-07,263.6095886230469,266.92085564529486,261.4538675271589,266.1440018611351,44969400
2020-08-10,262.483154296875,264.10481237903616,258.94856613924895,263.90087160602604,35088400
2020-08-11,257.5113525390625,262.6093373363166,256.9675698647367,261.317831259343,43104300
2020-08-12,263.9881591796875,264.9397935142589,259.6281785993361,259.67674860756836,38773400
2020-08-13,264.5903015136719,266.87223311879126,263.64838685899525,264.76508246799887,31895700
2020-08-14,264.2795715332031,265.4836576716382,262.8812645700165,265.2117662973484,30799500
2020-08-17,267.3480529785156,267.85298559030247,264.3183980399253,265.99828652498735,24803000
2020-08-18,269.9212646484375,270.397067012531,266.94987058717345,268.4161573943076,23529500
2020-08-19,268.10540771484375,270.94084122205743,267.590755285758,269.88240621257654,31999400
2020-08-20,271.8246154785156,272.31013797090776,266.9014102935135,267.309262226057,27723400
2020-08-21,273.7084655761719,274.164857938488,271.368243431865,272.0188566592302,34748900
2020-08-24,275.4175109863281,277.71888300264646,273.1258292693832,276.9905992185486,36418500
2020-08-25,277.58282470703125,277.77704550129647,274.1938881748113,274.64056044090216,34866600
2020-08-26,283.5061950683594,283.7586761667646,277.55368646807045,278.83547255145305,42216700
2020-08-27,282.6225891113281,285.3415324464118,280.35034773952606,284.4870082449266,49482700
2020-08-28,284.05975341796875,284.69092665397534,282.5060757058419,283.8655325912263,28021000
2020-08-31,286.3416748046875,288.15752370887094,284.1471042314091,284.5840862136059,36321000
2020-09-01,291.2357482910156,291.35226891711847,287.22532881702057,289.00232763295554,36216200
2020-09-02,293.99346923828125,294.71203275125896,288.29344224247797,294.4984017563292,50836800
2020-09-03,279.0880126953125,289.97341750956963,276.17487805344996,289.46848483986446,110083300
2020-09-04,275.368896484375,280.56399256543904,263.92998888143796,277.29157603211934,123959000
2020-09-08,262.13360595703125,270.1641373270994,261.85199461344513,264.3378674081487,99568600
2020-09-09,269.8339538574219,271.94110463531763,265.09525013914555,267.65882282631975,64837900
2020-09-10,264.454345703125,274.02886314587647,262.7258870894027,272.8053371760278,69667500
2020-09-11,262.6191101074219,267.25098370125164,259.17188286578585,266.2119585261311,71809000
2020-09-14,267.1926574707031,269.19300713903544,265.0563473230026,266.4158039470248,38525200
2020-09-15,270.97979736328125,272.3295640480835,267.16359787844186,270.95066720057025,41849900
2020-09-16,266.6585388183594,272.2420451728083,266.3089769926276,271.77596273849923,42321000
2020-09-17,262.49273681640625,266.4545850426224,258.9581208751815,259.80292478587967,81570800
2020-09-18,259.1426696777344,264.2115237145474,255.0254500245434,263.92022218585174,86251100
2020-09-21,259.7641296386719,259.9000604621493,252.57837646663904,254.87005694886804,57168600
2020-09-22,264.5903015136719,265.17290469476177,258.8222929493942,262.1723797764049,41128900
2020-09-23,256.5111999511719,264.4543393657986,255.62754562011648,264.26983848162575,48837300
2020-09-24,257.7056579589844,260.9198146777668,253.65638709430752,253.82147779040693,70631700
2020-09-25,263.6968994140625,264.5125734154335,256.64710532758977,258.21050272233384,55242400
2020-09-28,269.1736145019531,269.1736145019531,263.8037382607393,268.5715418690375,58438300
2020-09-29,267.9598388671875,269.6688576562949,267.39661625780366,268.6104223232757,27050000
2020-09-30,269.7950744628906,272.9509699551222,267.8821150868575,268.1540064362154,49380800
2020-10-01,274.0774230957031,274.68918612429115,271.7372013300268,273.63075073909073,50020200
2020-10-02,266.36724853515625,274.0676252941207,265.52244445339926,268.02772654529696,75497400
2020-10-05,272.0479431152344,272.3683748937433,268.231743765117,268.33854447997373,28184600
2020-10-06,267.1926574707031,273.04805570061416,266.30900325660576,271.3584474417531,49704200
2020-10-07,271.8148193359375,272.61105339161435,269.2512473500619,269.8435999697695,27539700
2020-10-08,273.2616271972656,274.29093196225983,272.1934723560663,274.2229517373823,25443300
2020-10-09,277.4372253417969,277.51492552747504,274.5240906915645,274.9125027181412,30201100
2020-10-12,286.0018005371094,288.8469544579564,281.088316618768,282.1370318786873,79370700
2020-10-13,285.9921569824219,288.4488995976758,284.6229800038737,287.8080359884279,64240000
2020-10-14,283.6033630371094,287.76915383683604,281.8554941205205,286.7981089645227,36949100
2020-10-15,281.7000732421875,282.29239628457486,278.2431564827993,278.88404954051947,42514200
2020-10-16,280.1561279296875,284.7782807494174,279.8065364130063,283.3508437936644,40570700
2020-10-19,275.58251953125,283.04016658100386,274.60178437331166,282.0788120181189,36756800
2020-10-20,276.17486572265625,279.2919113527751,274.7571485577514,276.32051652145867,32195400
2020-10-21,275.9612731933594,279.0006486996827,275.4757507069548,276.4273854485265,29306100
2020-10-22,275.9514465332031,277.69934458860337,272.6887509107429,276.7962505913784,32196200
2020-10-23,276.49530029296875,276.66039095591555,273.6210158429244,276.5244304530256,24658500
2020-10-26,272.3489074707031,277.03904032031073,268.7463399407766,274.20360639884694,38421100
2020-10-27,274.47552490234375,275.3009189036526,272.0867630077002,273.3491093857476,30559100
2020-10-28,263.7745666503906,270.5718787803521,263.52208557413473,269.9601159472269,53413500
2020-10-29,268.3871154785156,271.3973309764303,264.6291468041993,265.09525902675,43246300
2020-10-30,261.580078125,267.2703869760222,259.33696679196555,266.3964524987516,65838300
2020-11-02,262.1626892089844,265.6001665096137,259.23983483980845,263.97853826735917,39987400
2020-11-03,266.6974182128906,268.8045982293671,262.9977403142727,264.0853056257707,43604100
2020-11-04,278.6024475097656,280.4085764863206,273.70837376481865,275.37857188859,75728200
2020-11-05,285.8658752441406,286.83691998417885,283.5450640911611,285.03076135806225,52054200
2020-11-06,286.0794372558594,286.80772071063046,281.43784522280885,285.20550303692,40959800
2020-11-09,280.2337951660156,290.4783348512166,279.7774029574095,289.03145805197,86537100
2020-11-10,275.2134704589844,278.359645444552,272.49452782937084,276.91279848976944,69024900
2020-11-11,281.36993408203125,281.84573652301833,275.17466388317945,277.74792652413083,36102900
2020-11-12,280.04937744140625,283.61312569865316,278.93268159678894,282.3410590949846,34414600
2020-11-13,282.5060729980469,283.12755593051577,279.5346781077809,281.7680990581616,24806900
2020-11-16,284.7103576660156,285.01137919435206,281.59328240714626,282.2050453950353,30168400
2020-11-17,283.8072509765625,285.2346880076031,283.1663578571223,284.9045363340615,21843500
2020-11-18,281.709716796875,284.8753314747578,281.62232634449464,283.25370369071015,28069600
2020-11-19,283.9140319824219,284.22477337432815,280.486245644143,281.1562688055965,22718400
2020-11-20,281.9719543457031,284.5840668632442,281.8845638819926,283.8363435060573,25907300
2020-11-23,281.981689453125,284.2733407598129,279.7288585986659,282.9721443957546,26875600
2020-11-24,285.943603515625,286.43884591589136,281.2437495810247,283.0498789378601,24516800
2020-11-25,287.7012023925781,288.34209562855324,286.0601340233253,287.01176876170183,23326800
2020-11-27,290.3521423339844,291.4785579635907,289.27426709535166,289.67239905672494,17163100
2020-11-30,290.94439697265625,291.28426853124256,286.24454436326454,290.6725056525735,27836200
2020-12-01,294.6733093261719,296.3046874586174,292.1194562180693,293.22646174958794,27521300
2020-12-02,295.0519714355469,295.39184304582284,291.6533146006591,293.49829381281097,23620000
2020-12-03,295.469482421875,297.02315988070956,294.7411988912275,295.3626817283344,22828700
2020-12-04,296.6736145019531,296.8192949378786,294.83835512902783,295.5180687496183,19332100
2020-12-07,298.3534851074219,298.722486836128,296.673567102393,296.85806796674603,20851000
2020-12-08,299.36334228515625,299.6643637346637,296.12005693948333,297.8776452610317,18341500
2020-12-09,292.58551025390625,299.4313643324403,291.51735503274756,299.1497826730853,48839300
2020-12-10,293.7604064941406,294.88682180450394,289.45868595842836,290.5462511866605,27519500
2020-12-11,293.10992431640625,293.23616490143667,289.8277876413767,292.1000292701033,26760400
2020-12-14,295.23651123046875,297.1882914046603,294.2363361297424,294.3042867536044,28804800
2020-12-15,298.3923645019531,298.3923645019531,295.3044195201727,297.49899024818177,25709000
2020-12-16,300.0334167480469,300.8199606228,297.741735734322,298.7904806566155,25461900
2020-12-17,301.9949645996094,302.2280058932889,300.43159653127816,301.63568272720727,23730500
2020-12-18,301.0821533203125,302.94657240622485,298.70308166720565,302.63583095291676,41173400
2020-12-21,300.5188903808594,301.05392117874146,295.34356140119047,298.12576905041465,37095500
2020-12-22,301.33599853515625,302.2601452034046,298.50513324713484,301.42354739713915,26176300
2020-12-23,299.8185119628906,301.7446468569329,299.6628596008459,301.3847137580524,21201300
2020-12-24,301.1414489746094,301.58893086629644,300.0032839932852,300.08109531406484,16785000
2020-12-28,304.1766052246094,304.65329977594024,301.9196909080326,303.7583062753504,22497700
2020-12-29,304.44903564453125,306.13199893320336,303.54433414584554,305.50938950121423,25871900
2020-12-30,304.4587097167969,305.9373622780048,303.8361004146174,305.61634976682484,18138100
2020-12-31,305.2077331542969,305.6941354980438,303.2815988731505,304.36139782620006,21611400
2021-01-04,300.89825439453125,306.71563786499405,296.8805657660098,306.5405104360072,45305900
2021-01-05,303.3788757324219,303.6512895631424,299.90598533011996,299.90598533011996,29323400
2021-01-06,299.1763916015625,303.3983608018542,297.6588185134446,298.6510687056306,52809600
2021-01-07,306.4141540527344,307.25075216945805,301.8127753477892,301.8419583126132,30394800
2021-01-08,310.35394287109375,310.7041680690735,306.51135168051053,308.70990023197174,33955800
2021-01-11,305.8693542480469,308.56401334957616,305.2175618502142,307.3869276387282,32746400
2021-01-12,305.3829650878906,306.9977952967327,302.73693424471145,305.90825842383305,29266800
2021-01-13,307.4451904296875,308.2428676814577,305.04236175253067,305.64549588654995,22898400
2021-01-14,305.8011779785156,308.89468994713553,305.3244834651653,307.89270224581605,23500100
2021-01-15,303.3788757324219,306.5502287242368,302.1336868372701,305.5871615197277,35118700
2021-01-19,307.8051452636719,308.31099303092424,304.60460941977414,305.70388350427555,24537000
2021-01-20,314.9649963378906,315.90861817219724,307.90245374634213,311.4337398859395,30728100
2021-01-21,317.4845886230469,318.23366738601857,314.92613670825057,316.3075030224973,25130600
2021-01-22,316.5702209472656,317.58191678744674,315.8795080117162,316.44375154532975,21609400
2021-01-25,319.1869812011719,321.33690126862905,312.66920659803606,319.9652428842947,39080600
2021-01-26,319.65399169921875,320.7921866128959,318.32125359794344,319.90693049951426,25498100
2021-01-27,310.7430114746094,317.39699234442946,308.7292985345251,317.38728448461217,55264000
2021-01-28,312.58172607421875,317.54303777124426,311.3267992460387,311.94940872867676,42836300
2021-01-29,306.0054931640625,311.9979746402397,304.2544562981174,310.8889628541991,55259000
2021-02-01,313.65179443359375,314.7413312601948,307.42581881704155,309.45897766090457,35646000
2021-02-02,318.7686767578125,319.9263168703138,316.463134081071,316.62852396327713,33930800
2021-02-03,317.50408935546875,321.220211448312,317.4457234325572,320.85054081143784,24824500
2021-02-04,321.2590637207031,321.3466125945646,317.5818625802826,318.90489261203413,22350900
2021-02-05,322.34857177734375,323.36029704265036,320.5683521249446,322.21239454820085,22732000
2021-02-08,324.5082092285156,324.6638615576456,322.3972394564165,324.0412819287719,20462800
2021-02-09,324.4401550292969,325.7047894592601,323.56460691416294,323.5743444627105,17597500
2021-02-10,323.70086669921875,326.33715996069515,320.53925042041345,325.87994041902334,28068700
2021-02-11,325.4810485839844,325.8896397022963,323.08795685572727,325.23784736032593,22046100
2021-02-12,327.3002014160156,327.46556161430027,323.5840797894303,324.6346959576699,20346800
2021-02-16,326.4149475097656,328.99287442337936,325.24756981532073,328.09788089928526,27080800
2021-02-17,324.8487243652344,326.5316874843699,321.19099822754754,323.42843756210567,31360300
2021-02-18,323.4284362792969,324.7903571596109,319.43019282647833,321.2493628707944,32236200
2021-02-19,322.0178527832031,324.90708439336674,320.996419559343,324.78061501204826,39157700
2021-02-22,313.6711730957031,318.8853924241685,313.4668924060998,317.6207580954775,47256900
2021-02-23,312.7372741699219,314.4104994870459,302.54226994841684,308.3790983075503,97241900
2021-02-24,315.3153381347656,315.62664290791713,307.3675069937917,310.07190412427383,58206300
2021-02-25,304.322509765625,315.21793530201944,302.77575371014933,312.649746090852,110182600
2021-02-26,305.5969543457031,310.43176633793564,302.4256007802327,307.26044246011566,104739800
2021-03-01,314.7899475097656,315.13043517687737,309.29360552690764,310.58742303675126,49164500
2021-03-02,309.74102783203125,315.50975290000366,309.4881187835116,315.4319415822234,48370000
2021-03-03,300.75238037109375,309.5854362094908,300.6940144494034,308.64181422529595,86301100
2021-03-04,295.8299560546875,303.55402881421173,291.9484445781445,300.38267555427655,139131600
2021-03-05,300.2854309082031,301.19013240494627,289.36085009906964,298.45655281522664,121523700
2021-03-08,291.7830505371094,301.6278295685107,291.36475163190556,299.740586033819,88409800
2021-03-09,303.2912902832031,305.19800874238194,298.5732115548605,299.10824222890716,80391100
2021-03-10,302.4256286621094,307.86360514870495,301.7349454120635,307.56203796822075,76798100
2021-03-11,309.3908996582031,311.16138213347347,306.28764944206205,307.18261338557863,53484800
2021-03-12,306.881103515625,309.57579277428135,302.92180912794754,305.3246093421046,69315600
2021-03-15,310.1593933105469,310.3247832168341,305.5580448353597,307.2020875979469,42955700
2021-03-16,311.86175537109375,315.38333374851334,310.4220232411054,312.3578953281286,54925900
2021-03-17,313.1459045410156,315.0428860508481,307.0950566210568,308.8169403665619,78258700
2021-03-18,303.5541076660156,309.23528581168915,303.0968880876104,308.2527431737501,82718100
2021-03-19,304.6241455078125,306.17090176103125,301.23877371411766,303.3886642649582,78446200
2021-03-22,310.3368225097656,312.4115187768425,307.02511430569507,307.02511430569507,56194800
2021-03-23,308.9830017089844,312.7525077404649,308.1648168880171,311.42783604703766,53455400
2021-03-24,303.7718505859375,310.39529682492855,303.62575149264535,310.35632715833526,64803700
2021-03-25,303.2458190917969,304.7653386118195,299.4081546689302,301.921147875805,78729000
2021-03-26,307.7945556640625,308.11597360832076,301.62893729580304,303.0315180504341,63519600
2021-03-29,307.7069396972656,308.7588828431416,304.3562619361131,307.2588925911652,54608000
2021-03-30,306.158203125,306.7328792972126,303.450391305432,305.73937587281586,44635700
2021-03-31,310.84332275390625,312.4115024568727,307.60952432556223,307.9504420034249,55032500
2021-04-01,316.14202880859375,316.27837802796785,314.427720506928,314.6809787038033,55685600
2021-04-05,322.4538269042969,323.22332180836094,318.3921232429565,318.63563165467247,42172500
2021-04-06,322.2298278808594,324.18761535683717,321.45058310484313,322.14216841702296,33537200
2021-04-07,323.0090026855469,323.8466869997472,320.817427187255,321.7524910768189,32046400
2021-04-08,326.3791809082031,326.56424967889006,325.0739793900384,325.87269411351394,29940800
2021-04-09,328.3564147949219,328.5609832294571,324.27524182828665,325.0154870658965,36664900
2021-04-12,327.92791748046875,328.3467448101295,326.03828984764147,327.31427153344833,25833000
2021-04-13,331.7558898925781,332.2234070525538,329.2428662571087,329.4571548638142,30374000
2021-04-14,327.7720947265625,332.1260266186943,326.95390997353,331.9993974798054,42564300
2021-04-15,332.7396240234375,333.12926126720356,327.4895980578653,330.6552074500008,36342800
2021-04-16,333.12921142578125,333.3434999877323,331.24930415383363,333.2655606605807,40860100
2021-04-19,330.0804138183594,332.71028592800144,328.151817157845,331.5512136328236,34533100
2021-04-20,327.67462158203125,330.70385157550805,325.6973347160729,329.41814991412866,38081800
2021-04-21,330.4798583984375,330.6649271548108,325.29799267027624,326.3889055130164,36598100
2021-04-22,326.4960632324219,331.0740031578033,325.3369609108022,330.09024946918447,45936100
2021-04-23,330.60650634765625,331.92142796236664,327.12919916951955,327.12919916951955,36381900
2021-04-26,332.759033203125,333.04151121047084,330.09991133601596,330.8499360736094,30812000
2021-04-27,331.3174743652344,333.26554127871526,330.3629406017197,333.0512527292267,33187200
2021-04-28,330.1972961425781,331.9992637332216,329.5446807378079,330.98626075535026,33615700
2021-04-29,331.3857421875,333.89873602095014,328.15194321255245,333.47990866956667,37708900
2021-04-30,329.2135925292969,331.4246677285247,328.2979986073968,328.9311441997762,38263400
2021-05-03,327.4602966308594,331.17136156925653,327.01224958236395,330.42136653969453,29729700
2021-05-04,321.5674743652344,325.220100449212,317.739499638114,324.89865270773953,65147000
2021-05-05,320.4862060546875,324.48949875630217,319.7069912304775,323.6225947686139,46219300
2021-05-06,322.9018859863281,323.0577349282541,317.97327838286157,320.22329360508996,46814300
2021-05-07,325.5220031738281,327.9083673813672,323.0771696099503,325.6875722205016,53324500
2021-05-10,317.3011474609375,324.31417049407435,317.0965790335121,324.1388516064029,60700500
2021-05-11,316.86285400390625,317.66156865456577,310.7361746082202,311.39854001799495,71963600
2021-05-12,308.6614990234375,314.2426921160047,307.7945949152588,311.9147674406511,91164900
2021-05-13,311.0478210449219,314.02836085803153,308.6711771811803,311.61277706055927,69877800
2021-05-14,317.9148254394531,318.83038963158594,313.7167134814289,314.22322995277534,44370000
2021-05-17,315.9862060546875,317.8953033599445,313.10307526560547,316.2004946101347,39395000
2021-05-18,313.8530578613281,318.1680188889799,313.58032968571257,316.9407569612808,36528500
2021-05-19,314.2135009765625,314.5154490198549,308.08682120189815,308.43748876113426,66319100
2021-05-20,320.29144287109375,321.14859716102853,315.4797444255875,315.703753120585,46466100
2021-05-21,318.5187072753906,322.26871250475205,318.1583196331003,321.8498852299359,50330400
2021-05-24,323.8758544921875,325.0057368002256,318.41151167552056,320.8173753561834,32475800
2021-05-25,324.323974609375,326.1161928974598,323.1454022559629,325.3954175329983,31280300
2021-05-26,325.4538269042969,325.9213439728367,324.30447447727755,324.99602995792213,25444900
2021-05-27,324.2362976074219,325.85319689101385,324.03175888198024,325.0057924461818,27931700
2021-05-28,325.2590026855469,326.8564319091578,324.93758470648277,325.444071430359,29927400
2021-06-01,324.1778564453125,327.07073730637677,322.823935529377,326.59344064906634,31145400
2021-06-02,324.8109130859375,325.65831737225875,323.08688470084047,324.596624552891,22047900
2021-06-03,321.4310607910156,323.2427488655868,319.7557219518264,321.96676733560975,37057800
2021-06-04,326.8856201171875,327.33366716518265,323.1648053367364,323.2329948098407,38736500
2021-06-07,327.85968017578125,327.9181198074366,325.6583549662859,326.34991042430295,32611900
2021-06-08,328.01556396484375,330.4798677787051,326.33047513930075,329.61296360844045,27282800
2021-06-09,328.0934143066406,330.1681102515686,327.9083455784453,329.38889540400794,21485300
2021-06-10,331.51239013671875,331.6195195802993,327.98639274561816,328.4344399440337,33702100
2021-06-11,332.379150390625,332.38890023674287,330.86941049938616,331.5219962361898,21222800
2021-06-14,335.5643005371094,335.5740206592998,331.61944691016913,332.80776900437525,27827700
2021-06-15,333.3726806640625,335.5252861528796,332.6518757356848,335.2135883311563,35963800
2021-06-16,332.1551513671875,334.9116529107171,328.6875947146592,333.8402101865895,55399500
2021-06-17,336.3727111816406,337.38571430209345,331.0934664796641,331.14215626255975,59722700
2021-06-18,333.733154296875,335.8565405201026,332.98312936218736,334.7071879469957,55414900
2021-06-21,335.80731201171875,336.12913265457075,331.70188172289244,333.9252534676787,32992600
2021-06-22,338.93756103515625,339.3861278809594,335.30019072212724,335.60248900512784,28941600
2021-06-23,339.10333251953125,340.2540480212163,338.2647062274092,338.8790639695869,27188500
2021-06-24,341.1999206542969,342.73090450473086,340.4978018481293,341.0438909463014,32581600
2021-06-25,340.78057861328125,342.0092939669336,340.17598209311075,341.76550312753426,28682800
2021-06-28,344.9250183105469,345.06155546342,342.009289433063,342.0677968529733,39130300
2021-06-29,346.1732482910156,346.2025020028375,343.9108918043317,344.74951804964223,29426000
2021-06-30,345.6271667480469,346.407315346458,345.0420627391451,346.0172261674394,32724000
2021-07-01,345.763671875,346.2707460972634,343.9205988816779,345.276090206031,29290000
2021-07-02,349.7325744628906,350.0543652523812,347.43117363761763,347.66520330270174,32727200
2021-07-06,351.2441101074219,351.52691582827526,347.63599359603506,350.33721528081065,38842400
2021-07-07,351.9852294921875,353.7502728070399,350.0251415999359,353.44797454380824,35265200
2021-07-08,349.8593444824219,350.7174929922471,345.6174077162097,346.90460072132385,50890000
2021-07-09,352.04376220703125,352.5215827684779,348.6891976001932,349.27430161480476,35184500
2021-07-12,353.41876220703125,353.8770902339127,351.86822608232643,353.4480159211034,25717700
2021-07-13,353.41876220703125,356.39299892299704,352.5606135814125,353.03843416446614,39723000
2021-07-14,354.0525817871094,356.41246054309926,353.2236869475096,355.7688491297497,35336400
2021-07-15,351.5658264160156,354.1695252562142,349.5569926032682,353.9647493167529,53391600
2021-07-16,348.71844482421875,353.40897849203856,348.36737051813384,352.4240539150964,47262000
2021-07-19,345.8612365722656,346.35854969905364,343.29655191745206,345.2566102305176,64404600
2021-07-20,349.8788757324219,351.3318596384387,345.0127902534662,346.7973558955317,42183700
2021-07-21,352.5801086425781,352.5801086425781,349.2255438602139,349.4498421761121,30259900
2021-07-22,354.9106750488281,354.9204064447397,352.78479655665444,352.78479655665444,30252200
2021-07-23,359.05517578125,359.33795174031775,354.88147761966525,356.2369392706503,31960800
2021-07-26,359.3379821777344,359.72807137847394,357.49493867063944,358.3628186951411,28438100
2021-07-27,355.3787841796875,359.07466173036767,351.2148472517811,359.07466173036767,57933100
2021-07-28,356.7439880371094,358.32377763031286,354.21831858273265,356.51971951729433,42066200
2021-07-29,357.3779296875,358.5481080300663,356.178467870732,356.178467870732,25672500
2021-07-30,355.51531982421875,356.1004238028852,353.40896335679446,353.43821706774656,36484600
2021-08-02,355.5445861816406,357.7679575719571,354.8327061769859,357.1828535724789,27334100
2021-08-03,357.69970703125,357.81672188512215,353.0091731609043,356.2077081251263,35558500
2021-08-04,358.2165222167969,359.17219306875006,356.54900112417107,357.6606719327131,29602200
2021-08-05,360.4886779785156,360.722707678451,358.32381397523505,359.03566423241386,21443900
2021-08-06,358.908935546875,360.19615858549093,357.7972645659831,359.22099502768435,33332100
2021-08-09,359.5719909667969,360.09855774624333,358.2652756554646,359.3671852373886,25960200
2021-08-10,357.72894287109375,360.38138854496725,356.5392423167911,360.08885142490334,35130800
2021-08-11,357.1145935058594,359.49399467007635,355.77862436030034,358.99668155434443,34249800
2021-08-12,358.40179443359375,358.7626001212168,355.25200601527365,356.60749739269494,25969200
2021-08-13,359.6597900390625,359.99134204023227,358.2555522931513,358.7528951747193,19336200
2021-08-16,359.8158264160156,359.85481152772593,354.666964505665,358.5383646562624,34856900
2021-08-17,356.64654541015625,358.03126086755856,354.20863674326614,357.0560974008025,44793900
2021-08-18,353.21392822265625,357.5144024053601,352.8823762364583,356.11016472285985,38541900
2021-08-19,354.92047119140625,356.597753469772,351.01981749842787,351.2733695115518,48499400
2021-08-20,358.5968017578125,358.9966222716375,355.6810433296005,355.9931027198475,39486000
2021-08-23,363.96026611328125,364.6526238319049,359.63053800313463,359.640269401114,34034700
2021-08-24,365.0718688964844,365.67646536278903,364.0869444699822,364.55503355338965,21732900
2021-08-25,365.4912414550781,366.0666140669263,364.57458545062235,365.3254803374618,20441900
2021-08-26,363.17041015625,365.3157520382323,362.7315746696749,364.6331554319952,29133300
2021-08-27,366.700439453125,367.2075136885557,363.3166213922265,363.80420307385674,27104700
2021-08-30,370.815673828125,371.3032555673364,367.47084047981787,367.49036279554804,27295700
2021-08-31,370.5133361816406,371.12766410971744,368.9628002271448,371.05942529079186,29628200
2021-09-01,371.127685546875,373.20478841684326,370.9229095590211,371.5762821521518,28138300
2021-09-02,370.95220947265625,372.8147754293559,369.7332550318552,372.4832233926136,25453400
2021-09-03,372.09307861328125,372.4928991493523,369.7819462849391,369.80143883805613,24605400
2021-09-07,372.61968994140625,373.27306254424275,371.0399299209566,372.20037680207736,23970200
2021-09-08,371.3226623535156,372.4440941427425,369.05054506785143,372.4440941427425,32949200
2021-09-09,370.0452575683594,372.65868834497036,369.80146671771377,371.5470175410315,29399000
2021-09-10,367.2367248535156,372.483107901586,366.9051729195733,371.76149661945396,40249400
2021-09-13,366.9832763671875,370.00628924742205,364.92569561350905,369.5772149155369,48741800
2021-09-14,365.9399108886719,369.2066852197892,364.9842398241457,368.4753125021423,41826600
2021-09-15,368.6604919433594,369.011566223773,364.0967346153478,366.39813559247995,34097900
2021-09-16,368.91412353515625,369.4894664636713,365.3937973726415,367.3246021728305,35193100
2021-09-17,364.54534912109375,368.48501789663766,363.5019468191415,368.43627162669105,60912300
2021-09-20,357.0126647949219,360.47832123367454,352.35595895097646,358.73083504473107,76203200
2021-09-21,357.451904296875,360.0487181444985,356.31945714427565,358.8479267292367,41927500
2021-09-22,360.7906799316406,362.25504665289,357.2664218636729,358.36958289383284,46972900
2021-09-23,364.1197204589844,365.1545373482372,361.308131253233,361.95245626226944,44652000
2021-09-24,364.4613342285156,364.8811419922583,361.474028539035,361.84500620379424,36056800
2021-09-27,361.5520935058594,362.43070744417116,358.9943381285596,361.4056628149095,43338100
2021-09-28,351.32110595703125,361.50332901451617,350.8134695387485,356.983341973037,97701600
2021-09-29,350.7452087402344,354.7380461488135,350.1204275992541,352.5903255979516,58076600
2021-09-30,349.4565124511719,354.064388204681,348.6169563865555,352.3950182625714,61384600
2021-10-01,351.6238098144531,352.668398796412,345.9616024567091,350.0813562931777,56375500
2021-10-04,344.243408203125,350.3351657188087,341.99805726545617,350.00324608931305,76766000
2021-10-05,348.89031982421875,351.1454425954975,345.0829716254769,345.3074888290116,47232900
2021-10-06,351.12591552734375,351.39926282919464,344.7607815386958,345.6686818849198,56806500
2021-10-07,354.3475036621094,357.0028901658772,353.6446063583879,354.1815289713523,39411200
2021-10-08,352.58050537109375,355.6654419002322,352.04355296238407,355.43112293588104,41822300
2021-10-11,349.87628173828125,354.5720154144046,349.78839351550556,351.0379852876682,34847200
2021-10-12,348.656005859375,351.77019868053026,348.01168085728824,351.3309064922578,43905100
2021-10-13,351.4480285644531,352.12163966927784,348.93907298808404,350.9696782814339,40120800
2021-10-14,357.92047119140625,358.1352461403413,354.386471407432,355.0503104159172,43433900
2021-10-15,360.1756591796875,360.2928037564354,358.1060255434922,359.1408423615898,40419900
2021-10-18,363.7975158691406,364.0122908561012,358.2719682888081,358.87723512680105,34513500
2021-10-19,366.5505065917969,366.5993068974845,363.8463201776649,364.87136493803627,29091000
2021-10-20,366.0721435546875,367.62436860829695,364.588232968131,367.00932985651264,31390300
2021-10-21,368.3077697753906,368.503030601973,364.96903010621446,365.27166353258366,25469300
2021-10-22,365.2131042480469,368.0149214328206,363.543734354014,367.0484488298469,36275800
2021-10-25,368.9520568847656,369.8697290488033,364.6858734161096,366.63836231106364,32597800
2021-10-26,370.1138610839844,373.61857574690623,368.93261341811234,371.19750812049887,47191300
2021-10-27,370.9729919433594,374.0481568391018,370.29938070615754,370.5629560540357,45760500
2021-10-28,375.0926818847656,375.3465150011954,372.10537594762764,372.8766174834279,38007000
2021-10-29,376.9377136230469,377.1036882809596,371.6562575995645,372.00769128557033,37310100
2021-11-01,378.2264709472656,378.3533875230642,375.2879947060471,377.3771428386116,30765300
2021-11-02,379.8079528808594,380.2863329978316,377.56260219917965,377.61140251253835,25135300
2021-11-03,383.8398742675781,384.2596523277094,379.251542169441,380.2961013295731,33748900
2021-11-04,388.7601013183594,389.71683169144495,384.562261719801,385.1089562779588,40265300
2021-11-05,389.1310729980469,391.4642819168849,387.72527850089705,390.53686749519676,43383800
2021-11-08,388.6038818359375,390.126820866843,387.95955689322864,389.10177606271657,29256300
2021-11-09,385.9289855957031,390.0780247497891,384.56224924464544,389.677760926869,50490700
2021-11-10,380.2569885253906,385.967994772943,378.3240137724148,383.1466637803248,54937400
2021-11-11,381.3113708496094,383.4200627392158,380.96967928457036,383.244345863237,32243000
2021-11-12,385.32379150390625,385.8607141669753,380.8623461152374,382.46337191651736,34730600
2021-11-15,385.23590087890625,386.8271844824062,382.7855469783397,386.50503684508413,33716900
2021-11-16,387.9791259765625,388.4769904429663,384.30843689890787,384.5036679352519,27872900
2021-11-17,388.1841125488281,390.2244600168052,387.2176400094227,388.30125712419624,28703300
2021-11-18,392.20623779296875,392.71387422046325,388.0083982538624,390.2342345784438,45721500
2021-11-19,394.39300537109375,395.67188328057574,393.01649705324917,393.84631083540455,45191700
2021-11-22,389.814453125,399.000918298025,389.70708052048764,395.93552577558205,61715400
2021-11-23,388.03765869140625,390.7223309564427,383.5859863371552,388.6526676754167,70098700
2021-11-24,389.2872314453125,389.5703208742424,383.2149900081203,385.5481986617346,46954400
2021-11-26,381.9068298339844,388.09621589484544,380.51077766802507,386.70016372888614,51533300
2021-11-29,390.1952819824219,391.21058490461445,385.75338011084756,386.4855637023791,54447100
2021-11-30,384.46466064453125,391.6595786755713,382.4438271453783,389.3068255831106,81332700
2021-12-01,377.923828125,390.96647227865043,377.4552497553389,388.81872210896137,77766500
2021-12-02,380.64752197265625,382.4340364181276,375.20983259454334,376.6351413177285,84416600
2021-12-03,374.028564453125,383.0197680619942,369.8990394441892,382.0142374068665,105349100
2021-12-06,377.0256652832031,378.3924017242457,370.2895539083861,374.5167095851985,67588800
2021-12-07,388.3793029785156,388.9943417275249,383.65428357933797,383.6933416979173,56005300
2021-12-08,390.1170654296875,390.3220982333006,386.807611938878,388.71130070453745,39204000
2021-12-09,384.3768615722656,390.69316638569,384.18160070245733,388.88710761415393,49973700
2021-12-10,388.55511474609375,388.8186900573007,384.01555361585446,387.1981204796922,52545800
2021-12-13,382.941650390625,388.8674314498684,382.5706727396846,388.5452838960924,50166400
2021-12-14,378.9781494140625,380.8232361369167,374.5167046328154,378.0995054775781,75199200
2021-12-15,387.61785888671875,387.9790943701356,374.76073576832874,378.7242859739215,73858000
2021-12-16,377.6504211425781,389.0139214933758,376.05913783090904,388.58437152730744,82591400
2021-12-17,375.7662658691406,379.94459104624536,372.7008439055859,374.2237829089388,80492500
2021-12-20,372.12127685546875,372.9130426591954,368.9737527333751,371.0264910444233,65336800
2021-12-21,380.4494323730469,380.7622367910401,371.64225484454295,375.40557299792357,48899500
2021-12-22,385.0827331542969,385.28799798728295,379.4914813825957,380.1561683479489,37042200
2021-12-23,387.9859313964844,389.4619232465388,385.26850627510544,385.43466312154135,29595500
2021-12-27,394.398193359375,394.398193359375,389.2565796681692,389.2859032134144,32820700
2021-12-28,392.5703430175781,395.47349393638166,391.6906066426289,395.2975526275264,33113700
2021-12-29,392.5116882324219,393.97792543886453,390.1266066568214,392.70719845888317,32248500
2021-12-30,391.3386535644531,394.48617678906885,390.7521528098621,392.29657596064,23850100
2021-12-31,388.89495849609375,392.0326975297601,388.39642833751,390.66421553927245,34752900
2022-01-03,392.63873291015625,392.89289021642185,387.94678618793876,390.0679257911456,40575900
2022-01-04,387.5459899902344,393.22521224854756,384.4375747106347,393.1861042426402,58027200
2022-01-05,375.64013671875,386.97904166494396,375.3859794371766,385.85490281531827,75739800
2022-01-06,375.376220703125,378.63128363167965,371.5737948310042,373.8122583942643,70814300
2022-01-07,371.30987548828125,377.07709871537594,369.5308637799544,375.3860278242623,72652300
2022-01-10,371.55426025390625,372.0723593591722,360.99736454000833,366.38335196826563,91770500
2022-01-11,377.1357116699219,377.3018684906583,368.7292802753739,370.8210962072413,68295700
2022-01-12,378.63128662109375,381.41714298058406,376.3439604041235,379.7162877187325,54576400
2022-01-13,369.159423828125,380.7035954424501,368.2210403906413,380.0193394965874,77994000
2022-01-14,371.45648193359375,371.7888253990226,366.42237782696867,366.6276724799694,80121200
2022-01-18,362.2093811035156,367.7517697748539,361.44693909995937,365.6208459483334,75450900
2022-01-19,358.2311096191406,366.2563067942903,357.9671678122241,363.77346993494683,81791500
2022-01-20,353.5782165527344,365.4547319750164,353.04060817523964,361.4665798935378,88610700
2022-01-21,343.7738952636719,354.02776878613514,343.49041445257274,351.3787758884804,143388900
2022-01-24,345.34771728515625,346.01243414233664,326.62876198745334,338.124070983019,198685800
2022-01-25,337.3420715332031,343.12883424069736,333.989282904346,338.8669856915972,124398400
2022-01-26,336.81427001953125,348.8471885948809,333.10956869819853,344.9665459541835,146559500
2022-01-27,333.42236328125,343.3634353297951,332.39597928732866,341.53553096116303,95255700
2022-01-28,343.8815002441406,344.0965495689162,330.3432667361857,335.30891046644876,108167900
2022-01-31,354.8782958984375,355.4647967955694,343.6078195010074,345.25002797911156,94326400
2022-02-01,357.2926330566406,357.9475653967966,351.05626320464,356.22717104828934,74433000
2022-02-02,360.19580078125,361.7695774661656,356.09035475017345,361.4372339658406,78777100
2022-02-03,345.5920715332031,353.78345421430055,344.5266094899805,350.4599894300949,95384800
2022-02-04,349.95166015625,353.2653400594299,344.0476045153557,346.11009678245205,86318300
2022-02-07,347.13653564453125,352.923268193882,345.8755633496563,350.54797118288843,58198100
2022-02-08,351.0367126464844,352.131498259826,344.85895973614726,345.99285335872844,64720900
2022-02-09,358.4754333496094,358.55361953643916,353.9691824649487,355.57228268632724,55766400
2022-02-10,350.36224365234375,358.24082213675007,348.51480037447556,351.4277057239334,112468500
2022-02-11,339.2481994628906,351.9653734934061,338.0165506203248,350.3622731058967,101569100
2022-02-14,339.6684875488281,343.07995292522753,336.1495422644953,338.69099611858655,80254400
2022-02-15,348.11407470703125,348.3486631360676,343.9010884617607,344.96655068453435,55128800
2022-02-16,348.0260314941406,349.0523854878888,342.8159858502387,345.85599948590925,58947100
2022-02-17,337.6744079589844,345.5040936002371,337.2540639957622,344.8002986158995,61801400
2022-02-18,333.8231201171875,339.0038129549935,331.50647011555213,338.61282233470723,80001500
2022-02-22,330.4703369140625,336.2962081503,326.8243124489994,330.87111203750896,85967100
2022-02-23,322.00531005859375,334.47808313438594,321.69250557357213,333.6374546404026,86215400
2022-02-24,332.82598876953125,333.36362685963513,311.09637720372217,311.663309007663,130614100
2022-02-25,337.9871826171875,338.19247728439757,329.7958299373636,333.62757942924577,78842100
2022-02-28,338.99395751953125,340.69481259921145,333.63732449871264,334.80054148622605,77515500
2022-03-01,333.8035888671875,340.2452547757541,331.2718892640823,337.9677125283201,67407000
2022-03-02,339.40460205078125,340.7437606416626,332.58170059695937,335.3577728954983,70609000
2022-03-03,334.55621337890625,342.1610952156025,332.6892012404658,342.0535556505318,71089400
2022-03-04,329.7078857421875,333.62763637805546,327.38148092605786,332.19072261565725,76936300
2022-03-07,317.5478515625,330.86130989398856,317.34258671483224,329.6980927060861,89933800
2022-03-08,316.0718688964844,325.7099203532165,312.73861944517085,316.756095018651,116153900
2022-03-09,327.4498596191406,328.80858708792545,321.68266588357284,324.2827967863939,64723400
2022-03-10,323.81353759765625,325.0256471146698,319.35617958197446,323.37368440374087,69362700
2022-03-11,317.0982360839844,327.1077693114846,316.6094903348319,326.79496487266545,66228400
2022-03-14,311.00848388671875,319.23894561699916,310.30468881302517,315.8568333773451,79802600
2022-03-15,320.7638244628906,321.54583554838314,312.0446171320262,313.6574721142625,76471000
2022-03-16,332.659912109375,332.77720631564574,321.0082003854887,324.69336240630827,105243000
2022-03-17,336.68719482421875,336.74584193127964,329.4537632568517,330.7538139042679,67810000
2022-03-18,343.5784912109375,343.87175657079774,333.86222293492165,335.02544025181606,85446300
2022-03-21,342.62322998046875,344.9721335120002,338.21908066017096,342.7406990510846,73799100
2022-03-22,349.3567199707031,350.22777724812113,342.74072872882505,343.12240617184125,63345900
2022-03-23,344.3359680175781,350.0418050832258,344.2772484137764,346.4695564700564,70615500
2022-03-24,351.98944091796875,352.0383938373733,344.1011214890904,346.26404007634983,53555300
2022-03-25,351.69573974609375,352.9876305057328,347.37967052698883,351.9306181141938,57584200
2022-03-28,357.13739013671875,357.2352661018852,350.4430862915413,351.68602443325653,56833900
2022-03-29,363.28363037109375,363.9099827968307,358.26289493804893,361.0423991625259,68073000
2022-03-30,359.2709655761719,363.07812276593955,357.78335238579655,361.41432088301053,68757700
2022-03-31,354.81787109375,359.77009021209136,353.97617364628746,359.41774271598706,67011400
2022-04-01,354.1425476074219,355.8650390379214,350.95197653059495,355.0820911029261,54527800
2022-04-04,361.433837890625,361.4436344466115,354.71997134460526,354.98420954830226,45950200
2022-04-05,353.4085693359375,360.6900995885831,352.2634772157205,359.9756378496825,62738700
2022-04-06,345.7355041503906,349.1805167264054,343.09300271857137,348.07458116321845,90077100
2022-04-07,346.5576477050781,348.7597225254566,341.2628775528619,344.73725032243857,63777400
2022-04-08,341.71307373046875,345.56915383441867,341.0769247510717,344.81556564252395,61956100
2022-04-11,333.62896728515625,338.3854336648916,333.28641640410495,337.4654535238032,66107400
2022-04-12,332.21966552734375,340.2841424787926,330.83969519836165,338.39525899621606,72790200
2022-04-13,338.97271728515625,340.0297000383858,331.837986631317,332.5622150017233,61367800
2022-04-14,331.22137451171875,339.57947937773963,331.0060593555785,339.06076966534005,73519400
2022-04-18,331.47589111328125,333.7758419877369,328.63766720902964,330.1644367538699,58560600
2022-04-19,338.8846740722656,339.46210349244393,329.8023391995735,330.8299622601774,56515700
2022-04-20,333.9421691894531,340.1569192427307,332.71879437060124,339.6969291161404,65500000
2022-04-21,327.0325622558594,340.4603259407812,326.10281528092975,337.8374174039066,75801000
2022-04-22,318.4689025878906,328.412495941461,318.0382722950848,327.1891212158871,82562100
2022-04-25,322.5599060058594,322.8730971479998,315.56220756191345,316.8345353765271,101755900
2022-04-26,310.38494873046875,320.6808625219633,310.11088404314154,320.4949071227372,105819600
2022-04-27,310.012939453125,316.0025770880079,308.290418351704,310.48269621347924,111204200
2022-04-28,321.02337646484375,322.86333712848966,310.7567937974901,314.9945812580781,99450000
2022-04-29,306.57769775390625,320.25993105881537,305.94154888770265,316.805122124,91977900
2022-05-02,311.6962890625,311.93116743126876,303.05435404516885,306.1666119015324,115511800
2022-05-03,312.0290832519531,314.32903379856606,309.2495793519681,311.7158921418722,78185500
2022-05-04,322.5794982910156,323.2548036224679,307.2041309733838,312.5086677923394,116083400
2022-05-05,306.33306884765625,318.32214262843513,303.0250584052536,318.24385977811966,154607400
2022-05-06,302.6629333496094,308.3785369789609,298.61110157076877,304.3267350676699,139572800
2022-05-09,290.8206481933594,302.7607980533379,289.4211146061996,297.0158348363202,113387300
2022-05-10,294.3538513183594,299.24735181311837,290.25309551434685,298.0239766894286,124124600
2022-05-11,285.6238098144531,297.61288504105795,284.7527823291178,292.0832359100531,140326100
2022-05-12,284.9485168457031,289.45054310074744,278.8707978285489,281.3273445397859,120910900
2022-05-13,295.5086364746094,296.5460559310368,287.81604008665886,289.4211221845574,83684900
2022-05-16,292.0831604003906,295.82180067274993,290.80106609701056,293.7567286364549,59190400
2022-05-17,299.64849853515625,300.0301758847969,294.14818116464374,297.9651338663169,62715300
2022-05-18,284.9386901855469,295.8120312406316,283.6761590093976,295.1171627063383,79477100
2022-05-19,283.4118957519531,288.1194696137531,281.45449600822997,283.1280942937491,79920700
2022-05-20,282.53106689453125,287.5420053719283,274.2414779302871,286.88629319508846,91764200
2022-05-23,287.2289123535156,287.6105898564073,281.1707564241377,283.5783502758156,63648400
2022-05-24,281.1217346191406,282.70722359317483,276.2380319380639,281.9927918197799,73491100
2022-05-25,285.05615234375,287.1407879820462,279.41883116610967,279.6243497893419,67144500
2022-05-26,292.9542236328125,294.5103827344557,283.969765850668,284.25359718042336,59462200
2022-05-27,302.5161437988281,302.6629428097043,295.97843566237145,296.0958748710724,66985600
2022-05-31,301.7135925292969,304.6986151640151,297.8477161239606,302.486773783874,60968300
2022-06-01,299.4821472167969,305.99049509620124,297.260509360676,303.85693664045004,65341700
2022-06-02,307.68365478515625,307.8598135848852,296.93751998846676,298.3566466772292,59291300
2022-06-03,299.6779479980469,303.8569861906587,298.4252132092568,302.44765581982574,60914700
2022-06-06,300.6762390136719,305.69697519021315,299.11031291611164,304.13104909265286,51785000
2022-06-07,303.26971435546875,304.0526921472583,296.2426566791195,297.33879572007606,44900300
2022-06-08,301.0872497558594,305.0803321820454,300.2357557592542,302.46719032308914,38342100
2022-06-09,293.0227966308594,302.4672463859126,292.85643434385594,299.3941436799751,55900500
2022-06-10,282.68768310546875,288.58924246587725,282.23748950232164,287.395227361186,85963500
2022-06-13,269.5437316894531,276.32611454255516,268.6824710349228,273.7912854924327,94442000
2022-06-14,270.03314208984375,272.7245673041918,267.5178757213123,271.74586722624707,64697500
2022-06-15,276.7762756347656,280.7204344080786,270.7181218304707,273.4682955890401,86051400
2022-06-16,265.6094055175781,270.17991776044994,263.54433300059145,269.71992756889773,81910300
2022-06-17,268.83905029296875,271.2857997915268,264.7480922995911,266.38250423880123,82703400
2022-06-21,275.6217041015625,277.9457062910622,273.2291139075517,273.3369634574025,51633700
2022-06-22,275.2197570800781,279.6421582405186,272.51334321007795,273.11148341832165,67472900
2022-06-23,279.318603515625,280.1717045020786,274.86675580790285,277.7104357377375,57457800
2022-06-24,288.8890380859375,289.3107107815727,281.9171195117353,282.1524494442082,58422300
2022-06-27,286.7709655761719,290.8207405362928,285.6334878658974,290.2520166436363,54151500
2022-06-28,278.0339660644531,289.90878850505385,277.8476532664208,287.31025464428683,61609800
2022-06-29,278.2889709472656,279.79907458239666,275.386458574195,277.89674439819674,57302700
2022-06-30,274.83734130859375,278.42627266314946,270.42472520585665,275.2982157429895,79313600
2022-07-01,276.6513366699219,277.04356310527805,271.65036732549356,273.53309611014566,56675100
2022-07-05,281.3875732421875,281.5052381983896,271.375847552484,272.9055518330375,61829300
2022-07-06,283.19183349609375,285.3001069781418,280.04417627970207,281.7700087366469,63194700
2022-07-07,289.25189208984375,289.957911845891,284.0057759785869,284.0057759785869,56620100
2022-07-08,289.6146545410156,290.98746219400664,285.46678541897893,286.40813496317816,59895500
2022-07-11,283.4272155761719,287.4181585586776,282.54469842776655,287.1926440210091,55273900
2022-07-12,280.6815185546875,286.60423665247606,279.0831666074814,284.68230611609266,55797100
2022-07-13,280.1029968261719,282.45638557860923,274.58232021662417,275.15107403614815,73939400
2022-07-14,281.1032409667969,281.97594272099224,274.3666226216611,277.4946792127539,63741800
2022-07-15,286.2021789550781,286.3100584287974,282.4857684916473,284.1037511227299,63818100
2022-07-18,283.7801818847656,290.4089201062254,282.60350244705563,288.99688084100364,59519600
2022-07-19,292.5073547363281,292.8015470460222,285.80999842760235,287.41813600573784,55172600
2022-07-20,297.1454772949219,298.33197199805466,292.1445079059476,292.9289907086066,67769400
2022-07-21,301.4110107421875,301.46984321173835,294.9391697669631,297.6063514447846,55049400
2022-07-22,296.1257019042969,302.55831207134713,294.2920198799192,300.47948475119784,57127700
2022-07-25,294.4390869140625,296.62579362018255,292.4289075553814,296.1551039019479,40582400
2022-07-26,288.6536865234375,292.9878686464854,287.8398172846448,292.7329079554345,50074100
2022-07-27,300.8521423339844,302.54855873384025,292.66428260081267,293.2330365053737,69304400
2022-07-28,303.7938232421875,304.3723624907564,296.87092318309544,300.63635095468686,55139900
2022-07-29,309.3341064453125,310.24606961428447,303.91149414146014,305.34316409814454,57501000
2022-08-01,309.1478271484375,312.6190930090838,306.4610442103754,307.5592903770296,46358800
2022-08-02,308.22607421875,312.36412806350023,305.7844366163255,306.8434810661466,48676500
2022-08-03,316.619873046875,317.4435576509107,309.85383893343396,309.9126714105106,53735700
2022-08-04,318.10052490234375,318.414318058083,314.5410104746425,316.69830101414703,38973700
2022-08-05,315.5019836425781,317.54157925873886,312.20724535686566,312.99169830347483,53894000
2022-08-08,314.482177734375,320.1303348330875,313.01130598366547,316.423739218298,43878500
2022-08-09,310.92266845703125,312.8348137345944,309.2949300265989,312.5798530509292,39764200
2022-08-10,319.600830078125,319.89502239931096,315.8059855420415,318.28685483339353,51459600
2022-08-11,317.78680419921875,323.9448541410122,317.0807844003202,321.93467425836866,45897700
2022-08-12,323.9742736816406,324.1703719888463,318.7869901678383,319.8460048166557,40928400
2022-08-15,326.5923156738281,327.09242157544554,323.00338551065926,323.02301628324545,38266600
2022-08-16,325.8275146484375,327.9259727463466,322.76810614210825,325.61178559094185,41186900
2022-08-17,322.11114501953125,324.9940564655875,320.0225020407592,322.6798989374426,47842200
2022-08-18,322.8858337402344,324.0723288241745,320.4441956941589,322.0621489767989,41937200
2022-08-19,316.5904235839844,320.49314743085097,315.82557146499636,319.83617480202105,51770600
2022-08-22,308.2554931640625,312.5504436289012,307.4416239310965,312.3151137157473,51098900
2022-08-23,308.0005187988281,310.8441979050815,307.24545222607526,308.0201196471617,39497100
2022-08-24,308.892822265625,310.7166885136986,306.91202954572464,307.5199849617492,38057100
2022-08-25,314.354736328125,314.374367105875,309.62835726011156,310.67755649592505,38098300
2022-08-26,301.46990966796875,315.26669539323655,301.38166094418887,314.0605696516469,69047700
2022-08-29,298.49871826171875,301.25414896198515,297.39065674898535,298.70463192891975,48321900
2022-08-30,295.1745300292969,300.77366999923163,292.6446438033167,300.1558990803978,51184500
2022-08-31,293.4585266113281,298.9890189746007,293.35067704270034,298.0868710985127,50044000
2022-09-01,293.5860290527344,293.95865472688234,287.2612977558991,290.95807840606517,57990700
2022-09-02,289.43817138671875,297.8515450731592,287.82018843647364,296.46892196429303,64666800
2022-09-06,287.3593444824219,290.8404261309904,285.22168438215414,289.91867729418374,57005400
2022-09-07,293.1643981933594,294.16458036593866,287.5750727040253,287.8398488121838,49260400
2022-09-08,294.68426513671875,296.0080558031908,289.71274096480374,291.0855487235669,55649800
2022-09-09,301.1266784667969,301.6267844570269,294.6842527719276,296.949392960084,56125200
2022-09-12,304.70574951171875,305.0391434816744,302.1954643879691,302.5092575096776,45905700
2022-09-13,287.9966735839844,297.13566645641345,287.1043412150909,295.9393563483865,79562200
2022-09-14,290.28143310546875,291.16395014473824,287.3691059284064,289.1439553943137,54907200
2022-09-15,285.44720458984375,290.7717535343529,283.83903699428413,288.35953206597804,65299400
2022-09-16,283.70172119140625,284.0939476328065,280.0735592772955,282.1327855008459,79920400
2022-09-19,285.91107177734375,286.06825033924264,280.98955108856694,281.0484893019359,52613800
2022-09-20,283.6320495605469,285.9307297532045,281.3235363396905,283.39626673498964,51271100
2022-09-21,278.5533142089844,288.75987733467394,278.4158017110183,284.4768441818685,82931000
2022-09-22,275.12493896484375,278.03266720106325,273.8970096446294,277.02085464035633,62757100
2022-09-23,270.6454162597656,272.9440960190001,267.2170177054949,272.6493750373102,74815200
2022-09-26,269.5256042480469,274.5551985997092,268.7299083435943,270.17395461070214,71176700
2022-09-27,269.63360595703125,275.26241400866525,267.3054271005233,272.90479603037033,69780100
2022-09-28,274.9972229003906,276.2840903987038,268.1306519002124,269.6139700977859,79652100
2022-09-29,267.0697021484375,271.37237114637975,264.09320276994544,270.98924282084744,81216000
2022-09-30,262.5411376953125,270.3311145827671,262.38395913529354,266.24456195850934,78482400
2022-10-03,268.70037841796875,270.30160289349055,262.80631825015274,264.31913542060613,61267400
2022-10-04,277.14849853515625,277.85578685546176,274.06392642254343,274.06392642254343,66696900
2022-10-05,277.00115966796875,278.79883461989635,270.5569903639339,273.3664776614382,55766300
2022-10-06,274.8204040527344,279.1623451696687,274.4962139368877,275.99919816640227,53489400
2022-10-07,264.3486633300781,270.2918299965975,263.0126604725504,270.1641205346191,71354700
2022-10-10,261.70611572265625,264.9380339883002,258.9850352249362,264.5450726348996,60393000
2022-10-11,258.1107177734375,262.90455816559967,256.42108599552364,260.0262993164396,66522500
2022-10-12,258.0223388671875,260.6746482431801,257.3248833990507,258.74926344021054,50580200
2022-10-13,264.07354736328125,265.3997168856542,249.77061555172213,250.6547335630941,112894100
2022-10-14,256.1361999511719,267.0107482201517,255.5468179138888,266.4115331560004,77244300
2022-10-17,264.59423828125,265.46850844219676,262.03030605497105,262.12854640464093,64576500
2022-10-18,266.6866149902344,272.31542386503605,263.99497350736226,271.6474375029337,69781000
2022-10-19,265.71405029296875,268.847728062028,263.3367961101422,265.1639404004763,53115400
2022-10-20,264.3583679199219,269.9872053282775,263.1894070757422,264.82007042963414,60605500
2022-10-21,270.5570068359375,271.09728366335463,262.10884839901075,263.24837023271147,77897700
2022-10-24,273.53350830078125,274.46671646363245,267.16791282147466,270.82223115573123,63963600
2022-10-25,279.19183349609375,279.574961845066,272.9932485036372,274.4765967592825,59014500
2022-10-26,273.02264404296875,278.9658385134582,272.53147243278295,273.54328475061624,63492400
2022-10-27,268.0521240234375,273.3666071053176,267.53148305498166,271.9029245669466,57760300
2022-10-28,276.2546081542969,276.72614377182845,267.2563391429046,267.4233507091369,62651300
2022-10-31,273.0423583984375,274.8203975435689,271.116943761189,273.99523268992294,47742000
2022-11-01,270.2525329589844,277.08966598836844,269.8890706241854,276.5297229423956,45895900
2022-11-02,260.9889831542969,273.297744560821,260.9202119224958,270.22300497126486,79803100
2022-11-03,255.89059448242188,259.82980067565353,255.50749618757175,258.3661187640984,70038900
2022-11-04,260.00665283203125,261.90256846413916,254.50552360766403,260.84165074640936,78313200
2022-11-07,262.8652648925781,263.4055717458848,258.9162552457086,261.05775664720164,47333800
2022-11-08,264.7808837890625,268.03243847897795,260.83184360731053,264.3879523723385,63213800
2022-11-09,258.6706237792969,263.818092656792,258.3857358515675,263.0322300726084,64862100
2022-11-10,277.757568359375,278.05225935818135,269.01471897617154,271.13658410379253,99256700
2022-11-11,282.8755798339844,283.54359608912483,276.2251262135519,277.5709317929516,66961800
2022-11-14,280.4001159667969,284.1035399703898,279.4177725195978,280.8126834265244,55290700
2022-11-15,284.2804260253906,288.0820909237693,280.92079775545875,287.05061216656554,73985400
2022-11-16,280.4001159667969,284.368791887529,279.5749510685988,282.31569768033216,48859800
2022-11-17,279.7812805175781,281.26462895844065,275.76349875943663,275.92067733412216,55462100
2022-11-18,279.791015625,282.90502698353805,277.3351574651964,282.80681664013576,53588600
2022-11-21,276.9128112792969,279.5552875962343,276.0778133457141,278.39612951272755,40083500
2022-11-22,280.901123046875,281.0582716184359,275.5080370914957,277.6495686079886,41873400
2022-11-23,283.72039794921875,284.34908206972284,280.7438989614505,280.9207135598356,46390000
2022-11-25,281.85400390625,282.826514356299,281.3628321672363,282.1192258529696,15498800
2022-11-28,277.71826171875,281.89322068015707,276.78505358520766,279.86959591128,38714200
2022-11-29,275.6160583496094,278.346971439978,274.2407837679017,277.94420710198904,35618900
2022-11-30,288.1802673339844,288.2883407051428,275.0267037973467,275.8813378236946,74718100
2022-12-01,288.5338439941406,290.52799947779744,285.7439929220472,288.50437489748504,51547300
2022-12-02,287.384521484375,288.26865444062946,283.2685006438818,283.4453452223758,53583200
2022-12-05,282.561279296875,286.52992517923855,281.0975671969943,285.25289070856337,41482100
2022-12-06,276.7064514160156,282.54157297133264,275.31154072886227,282.4040604993367,53937600
2022-12-07,275.5767517089844,277.5807403401982,273.8576510153358,275.5178135120725,45614300
2022-12-08,278.838134765625,279.8106449803637,274.8498236081526,276.9323864810708,42594900
2022-12-09,277.06011962890625,280.5965615927632,276.61805314139696,277.8165131964057,47860500
2022-12-12,280.5375671386719,280.5965353130576,276.19562683923857,277.2369082673598,35732500
2022-12-13,283.5534362792969,291.6381338200375,280.8618247679266,291.41218402986107,80667700
2022-12-14,281.451171875,286.2646477653329,278.18978511647333,282.9639588830777,64984400
2022-12-15,272.0010986328125,278.0130358910629,270.80263839658494,277.34501954556777,60554100
2022-12-16,269.4076843261719,272.86552239008034,267.7966267192565,271.3232659965604,68300400
2022-12-19,265.62152099609375,269.7670792303047,264.3807954709214,269.6784602714369,44167900
2022-12-20,265.4147644042969,267.1675207360838,262.8644073291443,264.449752247274,51064200
2022-12-21,269.264892578125,270.57452386547095,265.61165204664013,266.4585054760863,46394700
2022-12-22,262.67730712890625,266.3699142126999,258.4430996425149,266.2418990257129,60278400
2022-12-23,263.2680969238281,263.9377125050243,259.4967274917184,261.4070386031774,39373600
2022-12-27,259.5459899902344,262.7659630525404,259.0044195619747,262.65763093657796,38009000
2022-12-28,256.1192321777344,261.40704068960684,255.75489975520512,259.1422537087143,47139000
2022-12-29,262.3622131347656,263.30751219060147,258.23633750237383,258.93546273790236,45893600
