Date,Close,High,Low,Open,Volume
2010-01-04,6.431896686553955,6.44662317438684,6.382908442941151,6.414465259906861,493729600
2010-01-05,6.44301700592041,6.479382603086922,6.409055397550002,6.449629078593121,601904800
2010-01-06,6.3405303955078125,6.468561319289456,6.333918324807697,6.443015083760133,552160000
2010-01-07,6.3288116455078125,6.371489175686539,6.282828880919672,6.363975455361627,477131200
2010-01-08,6.37088680267334,6.371488301483577,6.283129370186581,6.320395812817892,447610800
2010-01-11,6.3146867752075195,6.40154297071308,6.26479647699497,6.395531994719579,462229600
2010-01-12,6.242855072021484,6.304466760171064,6.203784940266471,6.2870345322721555,594459600
2010-01-13,6.330913066864014,6.339328430410686,6.134058886077559,6.24736333765982,605892000
2010-01-14,6.29425048828125,6.32520661845387,6.28192838674208,6.31468781000826,432894000
2010-01-15,6.189059734344482,6.359467290977269,6.1872564415610585,6.33933052156237,594067600
2010-01-19,6.462852478027344,6.467360709434598,6.228430463850629,6.26118907494324,730007600
2010-01-20,6.36337423324585,6.478180660190747,6.296353057285399,6.458945939014963,612152800
2010-01-21,6.25337553024292,6.410859898917974,6.2275291347276225,6.373893598532157,608154400
2010-01-22,5.943216323852539,6.2362445740977535,5.925484747683451,6.214605863638267,881767600
2010-01-25,6.103104591369629,6.15209243870075,6.016548546840464,6.086274260524146,1065699600
2010-01-26,6.189360618591309,6.422881830233254,6.088378624847085,6.189661167404835,1867110000
2010-01-27,6.2476654052734375,6.328811171099147,5.996712381700912,6.21670928112205,1722568400
2010-01-28,5.989499568939209,6.176136353810272,5.971767992962594,6.15900587541027,1173502400
2010-01-29,5.772207736968994,6.07695737228532,5.717809612672554,6.043296712129151,1245952400
2010-02-01,5.852452278137207,5.890621170065594,5.749366455813066,5.781524372235652,749876400
2010-02-02,5.886413097381592,5.90023834012935,5.811879012379328,5.887916242425218,698342400
2010-02-03,5.98769474029541,6.016847564016379,5.843134020335327,5.865674772409622,615328000
2010-02-04,5.771906852722168,5.961848838453971,5.757480513410889,5.912559648340441,757652000
2010-02-05,5.874390125274658,5.8906197552422475,5.735840383276953,5.789337249896124,850306800
2010-02-08,5.834118843078613,5.947122767994307,5.830512257998319,5.881304195345732,478270800
2010-02-09,5.896331310272217,5.935701994121879,5.853053091266943,5.903243530501275,632886800
2010-02-10,5.864171981811523,5.908652789447505,5.838325595387867,5.8873134298559675,370361600
2010-02-11,5.9708638191223145,6.003322675434187,5.832314087184033,5.856958677782569,550345600
2010-02-12,6.022258758544922,6.060127101910363,5.875594165514762,5.954035389971698,655468800
2010-02-16,6.113022327423096,6.1217378404670475,6.056520362588575,6.06914300963386,543737600
2010-02-17,6.087475299835205,6.140370267876735,6.036682968969654,6.136763683346639,436396800
2010-02-18,6.098897457122803,6.127749742073157,6.038488349156013,6.059826512470548,422825200
2010-02-19,6.061027526855469,6.107010680977252,6.044197198888892,6.066738354111991,415469600
2010-02-22,6.0234599113464355,6.085972846504262,5.986493619512739,6.081164467851108,390563600
2010-02-23,5.9224772453308105,6.050808735508546,5.881904373320494,6.010836559651006,575094800
2010-02-24,6.030673027038574,6.054115024844004,5.945919491152342,5.9576408913217085,460566400
2010-02-25,6.070946216583252,6.096792607847772,5.917369409021465,5.932095897244279,665126000
2010-02-26,6.149688243865967,6.166218025370562,6.070946470452576,6.082366922736945,507460800
2010-03-01,6.28102445602417,6.296351638232682,6.174632215326019,6.1836482756722,550093600
2010-03-02,6.276817321777344,6.336324368549187,6.2434568121648235,6.309275382616517,566546400
2010-03-03,6.291241645812988,6.30747127603786,6.249466980485868,6.279521048739402,372052800
2010-03-04,6.332716464996338,6.3390279877619315,6.270203538546531,6.289739605516185,366041200
2010-03-05,6.58036470413208,6.602905460135802,6.450530447121359,6.459847458793137,899620400
2010-03-08,6.584271430969238,6.614625650416566,6.559326286398969,6.61222166172306,429889600
2010-03-09,6.702685356140137,6.76219240728012,6.548507449186479,6.561130096206065,920259200
2010-03-10,6.757382869720459,6.776617988763062,6.708094482240464,6.7270286512813575,596218000
2010-03-11,6.777217864990234,6.777217864990234,6.711700251132515,6.7294326254043755,405700400
2010-03-12,6.810277938842773,6.844238738583193,6.7847317002782,6.83341898524292,416323600
2010-03-15,6.727329254150391,6.77721833823525,6.619434263735913,6.773612555919085,493502800
2010-03-16,6.745661735534668,6.761590416906882,6.6873568871684475,6.737547321117374,446908000
2010-03-17,6.735744953155518,6.805770810297791,6.710199110214925,6.759186954704131,450956800
2010-03-18,6.751673221588135,6.762192026634564,6.6903624800203065,6.735142638972254,342109600
2010-03-19,6.679543495178223,6.769405570597683,6.64888792206765,6.755881277286181,559445600
2010-03-22,6.754678726196289,6.792246919000079,6.61642951015045,6.626047070232493,456419600
2010-03-23,6.863173484802246,6.875796531431078,6.735142133738347,6.781425835510742,602431200
2010-03-24,6.893530368804932,6.918475518810411,6.837629092583793,6.84153662838718,597780400
2010-03-25,6.811781883239746,6.941616546260621,6.799759932256301,6.940113401120969,542284400
2010-03-26,6.939511775970459,6.971068187453244,6.868884031280497,6.880905979959628,640875200
2010-03-29,6.9842939376831055,7.028774360606021,6.961152882293258,7.002627817009655,540744400
2010-03-30,7.088281154632568,7.137270209284003,7.0401941476758445,7.110821914064359,527310000
2010-03-31,7.062732696533203,7.111120638421,7.04650386844326,7.077459984846849,430659600
2010-04-01,7.091887474060059,7.174836534715599,6.995113168695174,7.135165698442757,603145200
2010-04-05,7.167623996734619,7.168225094316475,7.055822254110008,7.062134179986231,684507600
2010-04-06,7.199180603027344,7.220218214060196,7.122842821725138,7.158907871019614,447017200
2010-04-07,7.231037616729736,7.270709249271003,7.172731961653409,7.199480399187049,628502000
2010-04-08,7.2115020751953125,7.259288120919439,7.1540984698185275,7.226228562146772,572989200
2010-04-09,7.266802787780762,7.269809078263918,7.226831001850537,7.255983833695486,334182800
2010-04-12,7.281829357147217,7.305271357819089,7.267403016713202,7.279124017049138,333026400
2010-04-13,7.28603458404541,7.297155286873386,7.246362959386729,7.26890451246692,306210800
2010-04-14,7.384014129638672,7.387620715041219,7.335326831771208,7.371692030780033,404076400
2010-04-15,7.481088638305664,7.4843942733300315,7.378603519616243,7.386717934700336,376784800
2010-04-16,7.435405254364014,7.54780806893034,7.349750874821931,7.470568251081303,750545600
2010-04-19,7.425487518310547,7.4501317109137055,7.266199906220293,7.424285323425841,566924400
2010-04-20,7.350955009460449,7.49100754090814,7.301966758587278,7.46966897725579,738326400
2010-04-21,7.790646553039551,7.8216026730941834,7.685757045381332,7.778023505510467,982391200
2010-04-22,8.008541107177734,8.016956474221333,7.699884287506821,7.761195444862325,793424800
2010-04-23,8.13957405090332,8.18014692258933,8.024466704872694,8.054219823095796,796955600
2010-04-26,8.099601745605469,8.188561749534966,8.060230268796682,8.17113072818747,479068800
2010-04-27,7.875397682189941,8.049711918121588,7.829715884175617,8.032581043232902,709343600
2010-04-28,7.862176418304443,7.9343057188306565,7.706195210881241,7.9117657638412915,758402400
2010-04-29,8.073758125305176,8.11463115574628,7.87449869113748,7.904852915177807,558840800
2010-04-30,7.846848487854004,8.131761499671985,7.844143950184465,8.093893157097845,542463600
2010-05-03,8.00493049621582,8.050914041744125,7.900642113412621,7.929494785911375,454342000
2010-05-04,7.774415016174316,7.912965147439124,7.716411127832061,7.900944002889362,723819600
2010-05-05,7.693571090698242,7.758187866430827,7.475377519197532,7.6046110706627035,883103200
2010-05-06,7.400843620300293,7.761493272201357,5.9882962746100175,7.62865394228691,1285860800
2010-05-07,7.088580131530762,7.4104610316140755,6.768503326538932,7.324506493945816,1676018400
2010-05-10,7.633461952209473,7.653298168681738,7.469366355878322,7.521059935666647,984306400
2010-05-11,7.709504127502441,7.810786291360305,7.528577714114708,7.568849659033224,848906800
2010-05-12,7.876903057098389,7.908159328680285,7.7750198263010235,7.791247855870888,654379600
2010-05-13,7.764801025390625,7.964360602813699,7.705894266245959,7.910863721782331,599712400
2010-05-14,7.628353118896484,7.7082974781718505,7.498519274158555,7.6686258472722955,759362800
2010-05-17,7.640377998352051,7.699284771081357,7.444725108735173,7.654804343314408,762834800
2010-05-18,7.584473133087158,7.770508351872897,7.521358712888782,7.723323412963844,782678400
2010-05-19,7.463655471801758,7.601303566187316,7.358766784430189,7.49851831844788,1025726800
2010-05-20,7.14568567276001,7.328715486177691,7.099101007951925,7.269507771207385,1282915200
2010-05-21,7.2827324867248535,7.34825052086356,6.953037270605169,6.997216740948213,1223891200
2010-05-24,7.416172981262207,7.540597792457473,7.401146341912232,7.431801520821137,754238800
2010-05-25,7.369887351989746,7.416170250884204,7.127650695744784,7.193468860628888,1048006400
2010-05-26,7.336527347564697,7.577562627960775,7.32570759265015,7.5159513384974375,850654000
2010-05-27,7.614229202270508,7.630458837268676,7.48679972278927,7.53158028963211,666282400
2010-05-28,7.720317840576172,7.796054501948021,7.614226164160361,7.7957543545382695,815614800
2010-06-01,7.839034080505371,7.992610888200804,7.782832665184329,7.804772323788451,876472800
2010-06-02,7.932803153991699,7.958348593519842,7.824006113354845,7.950534326148866,688548000
2010-06-03,7.9078593254089355,7.980890676273175,7.826411805749701,7.969769969589448,650106800
2010-06-04,7.692672252655029,7.871193446066603,7.652700461260898,7.760293734432078,758304400
2010-06-07,7.541796684265137,7.788541152909748,7.530074883463649,7.762694766725116,886942000
2010-06-08,7.493411064147949,7.627753554083763,7.382811525530257,7.610922823137552,1000770400
2010-06-09,7.309178829193115,7.570651460787498,7.287841068944529,7.557727461575702,854630000
2010-06-10,7.52887487411499,7.54299946209261,7.279124070001396,7.358467337898861,776356000
2010-06-11,7.619034767150879,7.629553568205537,7.4345019162386885,7.460348296551982,545759200
2010-06-14,7.642179489135742,7.788543134813054,7.634065073274952,7.692670882062417,602960400
2010-06-15,7.804769039154053,7.809577817375942,7.678841968334121,7.683049649278273,585074000
2010-06-16,8.031986236572266,8.047012879530596,7.83302687092541,7.847152268421116,783678000
2010-06-17,8.170833587646484,8.201789712594419,8.09960472627314,8.132664291541728,872855200
2010-06-18,8.236950874328613,8.264902310294405,8.157307459207733,8.182252605038066,784621600
2010-06-21,8.119738578796387,8.38541721382429,8.076460367797596,8.345745587286503,776490400
2010-06-22,8.230340957641602,8.294055700216386,8.159713993712064,8.1795494126142,717262000
2010-06-23,8.143779754638672,8.25468019436202,8.051513330241809,8.252275805287635,768457200
2010-06-24,8.084576606750488,8.21080386871957,8.057527219871378,8.144683947770657,714277200
2010-06-25,8.015448570251465,8.12274243002551,7.988700142152456,8.116431309756365,549942400
2010-06-28,8.063539505004883,8.107118678569208,7.949934469252633,8.022364721776066,584948000
2010-06-29,7.698981285095215,7.9460267434689635,7.6427798718246205,7.937911525833775,1133344800
2010-06-30,7.559529781341553,7.753078361615829,7.513847976296306,7.715210021556361,739452000
2010-07-01,7.467861175537109,7.657803890847081,7.309776613969801,7.642776459836391,1022896000
2010-07-02,7.421582221984863,7.541498376066706,7.309178583585853,7.528273427243141,693842800
2010-07-06,7.472372531890869,7.5976977408377175,7.398138199418286,7.543600574531643,615235600
2010-07-07,7.774115085601807,7.777121375299922,7.506032853298817,7.528271853251962,654556000
2010-07-08,7.7566819190979,7.901243002911573,7.660508763999782,7.88861996030755,738144400
2010-07-09,7.802667617797852,7.811082179329168,7.668625297797232,7.720619021967891,433322400
2010-07-12,7.732644081115723,7.869691140876661,7.6596127199397115,7.769911334430857,562878400
2010-07-13,7.5676445960998535,7.705893818608213,7.406253519828994,7.70349023100873,1190924000
2010-07-14,7.595592021942139,7.6878584577364775,7.483490176366965,7.494911828414256,812047600
2010-07-15,7.557125568389893,7.723024470016564,7.432400642778761,7.460351275985452,824866000
2010-07-16,7.510540008544922,7.662914582722927,7.465759457608959,7.609117571101906,1039858400
2010-07-19,7.380705833435059,7.509939370220809,7.20098252132638,7.509939370220809,1024478000
2010-07-20,7.570347309112549,7.600702325957539,7.21330428829899,7.300160854582293,1074950800
2010-07-21,7.640976428985596,7.968867489506173,7.633764061555539,7.967064197015315,1185671200
2010-07-22,7.7846360206604,7.814088997369578,7.673134434146964,7.744363288311082,645318800
2010-07-23,7.812286376953125,7.825510523873359,7.7022879260807455,7.726631977098976,533388800
2010-07-26,7.792447566986084,7.817091754803379,7.745262630724591,7.814086268175277,420551600
2010-07-27,7.936708927154541,7.958347631648555,7.823103922861114,7.840234797991078,584771600
2010-07-28,7.84293794631958,7.994111111166511,7.82160019557928,7.924385428158436,519985200
2010-07-29,7.757286071777344,7.893731994964739,7.696877778997351,7.835427142180712,643806800
2010-07-30,7.731440544128418,7.805072990201967,7.660812783374754,7.690567514389717,448210000
2010-08-02,7.869688510894775,7.891928314903065,7.8026681488661875,7.8273123427708695,428055600
2010-08-03,7.872096061706543,7.912067855984097,7.7966603047505485,7.8444463693290745,417653600
2010-08-04,7.903649806976318,7.94271953619391,7.823405303664325,7.899442124822634,420375200
2010-08-05,7.865179061889648,7.909659463282324,7.8306163655111485,7.866080306648583,289097200
2010-08-06,7.8167948722839355,7.858870900118315,7.742860672885319,7.807477458578598,444897600
2010-08-09,7.866684436798096,7.87870638843984,7.801166405417567,7.858569218173175,303128000
2010-08-10,7.796356678009033,7.827613748481859,7.740455412196792,7.809580823209075,451920000
2010-08-11,7.519258499145508,7.684557133746321,7.5078384469519,7.675841619563427,620054400
2010-08-12,7.567338943481445,7.606709599466109,7.39693152818087,7.414062394148677,534920400
2010-08-13,7.48649787902832,7.570048017858625,7.486196929033494,7.563135798377457,354869200
2010-08-16,7.442615985870361,7.51384480594099,7.411960026230027,7.440812694126812,318430000
2010-08-17,7.572750091552734,7.652694413698387,7.489499333556657,7.515947610228164,422640400
2010-08-18,7.605813980102539,7.653900985882247,7.561033412411123,7.58447621896382,339696000
2010-08-19,7.509941101074219,7.618136253245107,7.473876050350589,7.598901131507998,426706000
2010-08-20,7.5027265548706055,7.631358197770357,7.483491436660069,7.495213238086266,384230000
2010-08-23,7.3873209953308105,7.573657259495629,7.37079201328314,7.567346135256802,414041600
2010-08-24,7.210899353027344,7.303164986289926,7.172429925617614,7.293248083932524,602565600
2010-08-25,7.299859523773193,7.332919878407542,7.128851739642591,7.154097026102907,596867600
2010-08-26,7.221418380737305,7.385814897742653,7.221418380737305,7.376798437318263,466505200
2010-08-27,7.261691093444824,7.291445011545985,7.079562605738454,7.265598627557691,548391200
2010-08-30,7.288140296936035,7.38581663484014,7.2334412266963835,7.235845616708384,383289200
2010-08-31,7.306172847747803,7.350052160685612,7.223523951652617,7.268604657001502,420786800
2010-09-01,7.523464202880859,7.557425005517557,7.401744776288581,7.437508871302448,697037600
2010-09-02,7.578761100769043,7.578761100769044,7.470566000904864,7.55141157653789,415427600
2010-09-03,7.77712345123291,7.777423598762867,7.648791923906004,7.666523901645005,520788800
2010-09-07,7.748271942138672,7.7999647325929,7.7013871301296275,7.713108132498503,342557600
2010-09-08,7.90185022354126,7.946029703091645,7.787042161669519,7.807479484580147,526551200
2010-09-09,7.906352996826172,8.010039480504998,7.90184516798211,7.965559881812939,438575200
2010-09-10,7.916572093963623,7.9493314999976965,7.856163010906228,7.90996002276532,387542400
2010-09-13,8.025671005249023,8.062938252198451,7.987202365688461,7.989004855871901,388780000
2010-09-14,8.056324005126953,8.089683707588469,7.9799862391088165,8.000723698491168,408150400
2010-09-15,8.121238708496094,8.126048289000364,8.049709741240125,8.059628247072306,429368800
2010-09-16,8.312085151672363,8.3150906388016,8.09960242810174,8.12184303285808,652103200
2010-09-17,8.276025772094727,8.353865928127979,8.225234213578252,8.345750706845946,634477200
2010-09-20,8.512246131896973,8.528775908967443,8.290446008682359,8.297358227447615,658677600
2010-09-21,8.528475761413574,8.636069797476551,8.499022788865977,8.53118110120807,668074400
2010-09-22,8.64809513092041,8.655007353041107,8.48760525892754,8.496621724215593,585289600
2010-09-23,8.683253288269043,8.798661571848205,8.595495482784775,8.605413187791356,786116800
2010-09-24,8.785441398620605,8.821807403449185,8.732246265459606,8.778830127318628,649488000
2010-09-27,8.750577926635742,8.857871035680432,8.746070096057448,8.835331080255472,482834800
2010-09-28,8.621342658996582,8.768908460563159,8.26490072560385,8.768908460563159,1035042400
2010-09-29,8.636672019958496,8.710004313421251,8.595498043026845,8.632464337255978,469644000
2010-09-30,8.527874946594238,8.715713474531567,8.452739374912655,8.685659406365586,673391600
2010-10-01,8.4909086227417,8.612928198653183,8.455744822118602,8.600005004353527,448142800
2010-10-04,8.374299049377441,8.50232879935375,8.34815090785268,8.463259068402614,435302000
2010-10-05,8.683854103088379,8.699180879795675,8.469867485931795,8.4752781639379,501967200
2010-10-06,8.691370010375977,8.775522056651862,8.573257158608314,8.703391960567785,670868800
2010-10-07,8.69227123260498,8.730139569580318,8.622846483172404,8.72593188741269,408399600
2010-10-08,8.838032722473145,8.850955914928123,8.715713016554336,8.767104836416442,658403200
2010-10-11,8.876802444458008,8.933304796790873,8.85396234862116,8.858170030366507,427753200
2010-10-12,8.972376823425293,9.00122950306986,8.790548443315423,8.878307072167575,558544000
2010-10-13,9.020462036132812,9.075160292073408,9.010243380779853,9.022265328253923,630092400
2010-10-14,9.085677146911621,9.090485121912542,9.02827276636733,9.06704313396781,435296400
2010-10-15,9.459253311157227,9.46706757753181,9.16382075398942,9.23985757045508,922194000
2010-10-18,9.557232856750488,9.58728612950072,9.445731266382541,9.571358248057816,1093010800
2010-10-19,9.301468849182129,9.430100485490474,9.016856045527945,9.118439100772061,1232784000
2010-10-20,9.332728385925293,9.444530136413563,9.222730730842967,9.286745621479366,721624400
2010-10-21,9.302369117736816,9.45925149993634,9.220621490229666,9.38772252650086,551460000
2010-10-22,9.240762710571289,9.318001747714428,9.205599703917091,9.288848914672766,372778000
2010-10-25,9.281933784484863,9.364882821704409,9.269911835960315,9.289447903579346,392462000
2010-10-26,9.258190155029297,9.308981675599153,9.186059277984343,9.222726215103213,392929600
2010-10-27,9.251585006713867,9.313796620565695,9.184563808091672,9.246175126697675,399002800
2010-10-28,9.173741340637207,9.256690394880508,9.043306382509618,9.255187249739807,551051200
2010-10-29,9.045706748962402,9.192972386036676,9.042400312350363,9.143383059654495,430511200
2010-11-01,9.14188289642334,9.184560018631378,9.082375845864764,9.082976943396334,423889200
2010-11-02,9.297562599182129,9.322507744012674,9.226635502216629,9.226635502216629,433930000
2010-11-03,9.400947570800781,9.403351960225256,9.272616094135616,9.357969511104896,508348400
2010-11-04,9.565348625183105,9.622752246131421,9.46797241235198,9.480595462820272,642488000
2010-11-05,9.531085014343262,9.604417313478075,9.519664962943677,9.55693221008651,361253200
2010-11-08,9.57586669921875,9.610428607148753,9.51996542538853,9.533189572485325,281758400
2010-11-09,9.499528884887695,9.656412146719825,9.452043780049241,9.648898025531324,383544000
2010-11-10,9.558133125305176,9.580372930084259,9.423489694040695,9.51635725067414,384227200
2010-11-11,9.516658782958984,9.569253608748104,9.444527887770075,9.467068642041605,361284000
2010-11-12,9.257587432861328,9.512146110429253,9.125350044713208,9.497119481051707,795846800
2010-11-15,9.227836608886719,9.333026250736422,9.20469475927446,9.27051372355868,403606000
2010-11-16,9.064040184020996,9.244665526743155,8.995816837470334,9.188163979977448,657650000
2010-11-17,9.031278610229492,9.136167256158123,8.948929904081819,9.052316208371554,479449600
2010-11-18,9.269615173339844,9.306882425242943,9.157213122511923,9.172539908842767,494491200
2010-11-19,9.218518257141113,9.268708678874907,9.173737711213326,9.255785487938237,384843200
2010-11-22,9.417784690856934,9.417784690856934,9.192678794623456,9.217022050274023,393075200
2010-11-23,9.278626441955566,9.369391341925692,9.21340938390704,9.330320013033532,519447600
2010-11-24,9.461058616638184,9.479091542878333,9.369394050451106,9.376906565917684,413725200
2010-11-26,9.467069625854492,9.548216189158039,9.40515818394245,9.4292012831484,237585600
2010-11-29,9.523269653320312,9.54160192192252,9.358272013100564,9.482094878864027,445785200
2010-11-30,9.351361274719238,9.447835425323188,9.342945909005058,9.423190425731661,501858000
2010-12-01,9.50914192199707,9.54971478646995,9.467065912988277,9.475180325376227,461750800
2010-12-02,9.561738014221191,9.587283449424483,9.463760744993277,9.543103995183612,462837200
2010-12-03,9.54040241241455,9.576767611867988,9.507342848353797,9.527479215830818,342092800
2010-12-06,9.621851921081543,9.687369965186805,9.569857371399506,9.576469446086644,448481600
2010-12-07,9.563541412353516,9.737253744300249,9.560836875342773,9.731544522847896,391454000
2010-12-08,9.647693634033203,9.647994584028313,9.530482840071112,9.60621871204047,321935600
2010-12-09,9.610127449035645,9.692475403332894,9.587886840347995,9.681356302789201,294151200
2010-12-10,9.63416862487793,9.64889511020834,9.575261881023032,9.606819093892915,262511200
2010-12-13,9.667530059814453,9.769414885626743,9.647394496700015,9.748677422459064,439815600
2010-12-14,9.626058578491211,9.693680864235985,9.587288179085437,9.66933680926652,351008000
2010-12-15,9.628161430358887,9.707503905692517,9.592997622143459,9.61734087106163,417312000
2010-12-16,9.6549072265625,9.695781052889293,9.620345325076379,9.6500984466966,322030800
2010-12-17,9.635671615600586,9.671135559815577,9.624250764952848,9.666326780595478,386929200
2010-12-20,9.683756828308105,9.715013890093518,9.564141667377365,9.66542376064286,385610400
2010-12-21,9.743566513061523,9.74927653754222,9.67895054383267,9.70750146876946,256354000
2010-12-22,9.772418022155762,9.789248750044205,9.7240308832764,9.748374927705546,265921600
2010-12-23,9.725533485412598,9.772117329418784,9.712610292771734,9.767609500252558,223157200
2010-12-27,9.757990837097168,9.780832537249118,9.663019859854472,9.702992433853781,249816000
2010-12-28,9.78173542022705,9.817499513141538,9.769413324306374,9.794958761016746,175924000
2010-12-29,9.776325225830078,9.811188072743029,9.770614399223128,9.804275051327588,163139200
2010-12-30,9.727335929870605,9.782935427363874,9.709002862308015,9.782034182622462,157494400
2010-12-31,9.694281578063965,9.721931267938446,9.65671337551544,9.706002581187548,193508000
2011-01-03,9.90495491027832,9.925692365375689,9.762799013559393,9.786842102462721,445138400
2011-01-04,9.95665168762207,9.99301688135608,9.86228098834425,9.991213588916375,309080800
2011-01-05,10.038098335266113,10.048316993185876,9.902854602344075,9.90435774742251,255519600
2011-01-06,10.029986381530762,10.0756681958967,10.005041231396605,10.059739510124325,300428800
2011-01-07,10.101813316345215,10.108725536233386,9.974984153191032,10.037797637276398,311931200
2011-01-10,10.2920560836792,10.315498082924881,10.133370361226348,10.18325984712528,448560000
2011-01-11,10.267712593078613,10.36749156248203,10.202494721699471,10.365087975147008,444108000
2011-01-12,10.351261138916016,10.351562088893202,10.278530758562722,10.316098946114842,302590400
2011-01-13,10.389131546020508,10.41798422798797,10.334133127353617,10.373503812488233,296780400
2011-01-14,10.473284721374512,10.473284721374512,10.351866215189883,10.39544458779112,308840000
2011-01-18,10.237957954406738,10.361480676079106,9.797664087680014,9.90345483518887,1880998000
2011-01-19,10.183564186096191,10.476892631890756,10.124658218371382,10.469378509604553,1135612800
2011-01-20,9.998424530029297,10.167328871566113,9.921485674818266,10.111127473522632,764789200
2011-01-21,9.819304466247559,10.064546638893571,9.816599126116369,10.031186127498307,754401200
2011-01-24,10.141785621643066,10.141785621643066,9.81930364766171,9.823812279993362,574683200
2011-01-25,10.260498046875,10.261701044275206,10.055228489815459,10.108124261426477,546868000
2011-01-26,10.334132194519043,10.386727020807816,10.263505246161749,10.307383757626269,506875600
2011-01-27,10.314895629882812,10.35937603513596,10.303475581768204,10.332026504587976,285026000
2011-01-28,10.101213455200195,10.350664149416867,10.023975220789973,10.343751928133498,592057200
2011-01-31,10.19798469543457,10.219624201291797,10.04711326448503,10.092193963287803,377246800
2011-02-01,10.369598388671875,10.388231612261128,10.247878930124262,10.257496491994088,426633200
2011-02-02,10.348257064819336,10.376206892749428,10.32511521400841,10.35216459955364,258955200
2011-02-03,10.321807861328125,10.34585175745819,10.17484315763273,10.332627614586654,393797600
2011-02-04,10.413778305053711,10.41978928147941,10.323916213823432,10.327822947233352,321840400
2011-02-07,10.575465202331543,10.616638364430454,10.44803497186461,10.455548287465147,485021600
2011-02-08,10.675247192382812,10.684864752711706,10.583582629364969,10.62956538588738,381040800
2011-02-09,10.764209747314453,10.789455847228156,10.665331998186486,10.674948757524838,482745200
2011-02-10,10.655412673950195,10.819509100745641,10.458857780845054,10.741067874041674,928550000
2011-02-11,10.724837303161621,10.753388231498999,10.625357670152955,10.661723668766625,367572800
2011-02-14,10.79486083984375,10.80387649815473,10.720627318559492,10.723031708117947,310416400
2011-02-15,10.816500663757324,10.818604906105556,10.7458737194949,10.7951621054823,284174800
2011-02-16,10.91357707977295,10.96677219978962,10.834533965889026,10.84354962544891,481157600
2011-02-17,10.768414497375488,10.827621392721353,10.71491762656891,10.736858084879456,530583200
2011-02-18,10.535795211791992,10.804479348313961,10.504538144783053,10.780736400602668,816057200
2011-02-22,10.17664623260498,10.380714382719855,10.14989860253113,10.283038063109656,872555600
2011-02-23,10.29716682434082,10.357875268332975,10.176648773800277,10.181458356657865,671854400
2011-02-24,10.304981231689453,10.373204604973733,10.169437335314342,10.339243794630587,499900800
2011-02-25,10.463665962219238,10.471780377076273,10.362683991390838,10.376508431142327,380018800
2011-02-28,10.615436553955078,10.670735902851659,10.552623087220882,10.556229671174982,403074000
2011-03-01,10.4982271194458,10.690874437598946,10.449238881233168,10.68336112076551,456136800
2011-03-02,10.582681655883789,10.649702832427826,10.470879913313546,10.517764722141967,602590800
2011-03-03,10.806285858154297,10.813198079534239,10.696888498650445,10.73505779634595,500788400
2011-03-04,10.819507598876953,10.828223111182368,10.751885335307295,10.82161103881733,453266800
2011-03-07,10.680054664611816,10.869696480938627,10.558335249618963,10.861581264748056,546123200
2011-03-08,10.6920747756958,10.74136395533947,10.586584198223415,10.666528539858536,356316800
2011-03-09,10.5931978225708,10.66202227470913,10.536997219033037,10.659918032431273,453306000
2011-03-10,10.418885231018066,10.5120537426403,10.365689303676367,10.492517671745242,507539200
2011-03-11,10.57876968383789,10.588688191040822,10.368692186184596,10.378609088321227,471080400
2011-03-14,10.625959396362305,10.713718034215626,10.55833792784302,10.61453854283159,435957200
2011-03-15,10.38161849975586,10.454048743408135,10.221429624673105,10.281537770631843,721081200
2011-03-16,9.918179512023926,10.308583822379104,9.805476565418479,10.278529756786531,1162011200
2011-03-17,10.057334899902344,10.206704032912558,9.93771889246149,10.123153076719522,659422400
2011-03-18,9.938017845153809,10.164325833955395,9.917881480480268,10.1321675194668,753214000
2011-03-21,10.197383880615234,10.210607220916728,10.075964613095989,10.09790506952025,409402000
2011-03-22,10.25448989868164,10.297167828219214,10.192578451039223,10.295364535421852,325922800
2011-03-23,10.194080352783203,10.225035671561585,10.096704158671054,10.19678489038258,372996400
2011-03-24,10.367794036865234,10.398750159705141,10.18416314760356,10.274025225812487,404712000
2011-03-25,10.5652494430542,10.580877175887803,10.429403812464306,10.460961030688667,448910000
2011-03-28,10.532191276550293,10.648802613544328,10.532191276550293,10.613638802900914,309355200
2011-03-29,10.547815322875977,10.547815322875977,10.400550476588528,10.448636662200796,352900800
2011-03-30,10.477789878845215,10.545412940948143,10.442025784240826,10.53819896898874,329406000
2011-03-31,10.474186897277832,10.512956489509394,10.400554446031775,10.409570107691701,274019200
2011-04-01,10.355472564697266,10.566753970665914,10.317604216010617,10.552328429877491,418661600
2011-04-04,10.25418758392334,10.356672696579396,10.170336492901722,10.347957184500926,460084800
2011-04-05,10.185065269470215,10.286047259881807,10.09820867156142,10.127962601851813,482731200
2011-04-06,10.159520149230957,10.335637755010755,10.132471556439812,10.255093074311205,402539200
2011-04-07,10.160719871520996,10.231346016566357,10.099107781077125,10.161320166467748,373447200
2011-04-08,10.06995677947998,10.222932492297486,10.036597069747334,10.216020271841192,377535200
2011-04-11,9.941924095153809,10.08828690130178,9.918482098577602,10.039899763350078,398946800
2011-04-12,9.990009307861328,10.02998107491684,9.923889406724207,9.932604916395999,425639200
2011-04-13,10.102113723754883,10.10241387121794,9.993617638659195,10.068753216022602,346220000
2011-04-14,9.99061393737793,10.098207994252318,9.979794983707228,10.062142942771889,301800800
2011-04-15,9.84154224395752,10.027277328374419,9.821706832239169,10.01705867254784,453605600
2011-04-18,9.973482131958008,9.984902984668658,9.62214906332838,9.800671011454204,609898800
2011-04-19,10.154109001159668,10.157714783933743,9.96927511554972,10.011050994095116,419378400
2011-04-20,10.29085636138916,10.391237257321274,10.263507623208998,10.323915928282569,700666400
2011-04-21,10.539999961853027,10.67314020959603,10.47448195892662,10.669232675742741,753810400
2011-04-25,10.609431266784668,10.63167187975473,10.527983739302778,10.529186737132033,266546000
2011-04-26,10.531590461730957,10.66893765417569,10.499432140871946,10.62776367170279,338800000
2011-04-27,10.523470878601074,10.589590785728356,10.431806339983403,10.586284348978737,356213200
2011-04-28,10.421287536621094,10.511448930563706,10.384320450216785,10.404456810527023,360959200
2011-04-29,10.522873878479004,10.637680300157063,10.418885607611614,10.422192045396477,1006345200
2011-05-02,10.4071626663208,10.533089770439114,10.383720668823504,10.511150115266874,442713600
2011-05-03,10.464866638183594,10.515658168865643,10.387326672265838,10.458555516230591,313348000
2011-05-04,10.5060453414917,10.573967773620737,10.425198908098338,10.466673845091647,389250400
2011-05-05,10.421287536621094,10.547514772193857,10.400249129003505,10.470876062529573,335969200
2011-05-06,10.418584823608398,10.518965700517327,10.405060530854406,10.50964909034755,280134400
2011-05-09,10.446830749511719,10.494917725594817,10.414672448828698,10.454644211003817,204747200
2011-05-10,10.502433776855469,10.509646945527765,10.4185826973731,10.485603049953443,282091600
2011-05-11,10.435717582702637,10.518968405728781,10.375910371208182,10.489515422598116,336000000
2011-05-12,10.415876388549805,10.432406966485424,10.286644474530343,10.402352902347593,322000000
2011-05-13,10.23344898223877,10.406260072274176,10.228941152967092,10.388528902623392,326116000
2011-05-16,10.017059326171875,10.255089097523259,9.996020915744372,10.194379861070491,449775200
2011-05-17,10.102411270141602,10.102411270141602,9.939818060625935,9.977987338206264,452334400
2011-05-18,10.214516639709473,10.24998059041193,10.09820707991301,10.112332470189406,334776400
2011-05-19,10.234353065490723,10.29085462774391,10.178451798228807,10.28093691985338,261170000
2011-05-20,10.074761390686035,10.246972153555742,10.068750417762173,10.205196293001448,337968400
2011-05-23,10.050118446350098,10.097604339576305,9.900449202761884,9.916978980398865,383600000
2011-05-24,9.983702659606934,10.095204262464453,9.958156411867595,10.08318230999099,321927200
2011-05-25,10.1216459274292,10.175142786841313,10.003533111887977,10.020964131786434,294224000
2011-05-26,10.06815242767334,10.124954935534412,10.051021550820002,10.097305254084581,222560800
2011-05-27,10.140580177307129,10.147192247940318,10.047412498711662,10.062138982037187,203599200
2011-05-31,10.453747749328613,10.453747749328613,10.248477364375228,10.251483654447226,417754400
2011-06-01,10.384020805358887,10.58297924149165,10.358175220675326,10.485003569548686,554682800
2011-06-02,10.401755332946777,10.45825770327818,10.34765815548354,10.413777284620158,338783200
2011-06-03,10.321807861328125,10.378610362135529,10.278830600795509,10.313994397619103,313250000
2011-06-06,10.159520149230957,10.430308632313372,10.152607927248102,10.389735743126653,461941200
2011-06-07,9.979192733764648,10.16492786275753,9.97498505094387,10.163425520159686,529785200
2011-06-08,9.985201835632324,10.062140701994553,9.937416596039062,9.97137739720575,333723600
2011-06-09,9.962657928466797,10.02817591757718,9.940417332278503,10.015552876497336,275088800
2011-06-10,9.794661521911621,9.967773618693789,9.782939717400872,9.934413103035336,433955200
2011-06-13,9.815699577331543,9.86709222083771,9.769716812489216,9.833731703677463,329473200
2011-06-14,9.991214752197266,10.015558801700985,9.897144991973493,9.917882456177887,334569200
2011-06-15,9.820202827453613,9.926894789301961,9.76400063118901,9.910365014824057,399196000
2011-06-16,9.772418022155762,9.878208761283291,9.567148468125504,9.824712695561578,510591200
2011-06-17,9.625150680541992,9.895338709191885,9.598102103697626,9.887524444038382,615020000
2011-06-20,9.476688385009766,9.548217396663402,9.331827068843989,9.537998737131872,640645600
2011-06-21,9.776630401611328,9.791657041912746,9.473083279145671,9.517563707403847,493382400
2011-06-22,9.695778846740723,9.884820350804869,9.688865825989783,9.772416752082153,390583200
2011-06-23,9.954851150512695,9.968675593843443,9.560840872515632,9.585484270945754,559759200
2011-06-24,9.808183670043945,10.01255199488118,9.77031533192332,9.95905592505575,439807200
2011-06-27,9.979192733764648,10.035094002992981,9.83523348293992,9.845452141218953,339813600
2011-06-28,10.075965881347656,10.119244097175493,10.021267615985632,10.027578738229964,294299600
2011-06-29,10.039302825927734,10.109328691635298,9.974385086139634,10.099410982269593,352545200
2011-06-30,10.088290214538574,10.102116262113098,10.00323771152325,10.05913818423067,322954800
2011-07-01,10.316400527954102,10.32361289547684,10.04410897606917,10.09670380392832,435313200
2011-07-05,10.5018310546875,10.513853000614699,10.293556057963968,10.308582687839861,355054000
2011-07-06,10.571857452392578,10.642185037318846,10.420083988291726,10.48740528404128,444626000
2011-07-07,10.735353469848633,10.759396562153075,10.639179495564456,10.659316658757588,399663600
2011-07-08,10.810789108276367,10.819505421360912,10.585082263525738,10.619344010897562,489633200
2011-07-11,10.639183044433594,10.812596884928857,10.603719090251703,10.709510657759404,442674400
2011-07-12,10.631668090820312,10.74978092765998,10.477489407963489,10.625055216517211,451609200
2011-07-13,10.760003089904785,10.819510150155374,10.710713084288113,10.769318899361268,391638800
2011-07-14,10.752484321594238,10.86789260897856,10.709507063459924,10.849859687887319,430533600
2011-07-15,10.96737289428711,10.969777284090291,10.794561791116633,10.854669931129555,484467200
2011-07-18,11.234254837036133,11.259800275559694,10.978192934067412,10.98270076379902,572653200
2011-07-19,11.325920104980469,11.38001727146632,11.219828409324709,11.360482005227912,819145600
2011-07-20,11.627964973449707,11.909573139908565,11.600916387838664,11.905065309817857,941340400
2011-07-21,11.639684677124023,11.72293385897727,11.53780067315407,11.629466021223418,526534400
2011-07-22,11.820310592651367,11.872905414356513,11.653509666020778,11.670640541632931,516728800
2011-07-25,11.976593017578125,12.021673721224566,11.709711367729966,11.731650220837025,589806000
2011-07-26,12.124160766601562,12.156920181565667,12.012058883229178,12.021675641424055,476582400
2011-07-27,11.798973083496094,12.101017749561596,11.785748938765387,12.039406460866305,659324400
2011-07-28,11.77583122253418,11.931211311601754,11.66493154499363,11.769821050194516,594034000
2011-07-29,11.73555850982666,11.875911964441272,11.540807738868518,11.650205074110447,632584400
2011-08-01,11.92399787902832,12.006645967282086,11.792359948669347,11.954953193058891,612836000
2011-08-02,11.688371658325195,11.958558916267641,11.671541733929914,11.951045600155457,639539600
2011-08-03,11.79837417602539,11.827827155859307,11.487914890037091,11.750587318144994,732508000
2011-08-04,11.341547966003418,11.760803418657808,11.340946868534857,11.7034006167436,871407600
2011-08-05,11.228843688964844,11.525780207266438,10.8967457792099,11.433813903804074,1204590800
2011-08-08,10.615436553955078,11.053024974121698,10.609725728094514,10.870295399779673,1143833600
2011-08-09,11.240567207336426,11.258600133331932,10.669236441313544,10.858578151599238,1082583600
2011-08-10,10.930408477783203,11.25980191192739,10.89464437713268,11.154612247613926,878656800
2011-08-11,11.231249809265137,11.283844635930432,10.961362653525107,11.135676913257702,741969200
2011-08-12,11.33012866973877,11.409771280750167,11.247178818630454,11.36258633013181,528976000
2011-08-15,11.523078918457031,11.569963732832639,11.363190152977968,11.409473869700895,460544000
2011-08-16,11.435018539428711,11.521875940541184,11.3021791773433,11.466275615245069,498750000
2011-08-17,11.433817863464355,11.556438573834711,11.360485555288523,11.490019289895294,442061200
2011-08-18,11.001336097717285,11.199695089642326,10.86068247366395,11.145296159738347,851435200
2011-08-19,10.700191497802734,11.029886640398681,10.69929025285939,10.884724409452728,775888400
2011-08-22,10.71251106262207,10.966169321216082,10.671938196561555,10.955048619321143,535315200
2011-08-23,11.228243827819824,11.229446022748999,10.729344167679223,10.82852284173609,656835200
2011-08-24,11.305782318115234,11.389332447173548,11.138079357546129,11.224334826108183,626267600
2011-08-25,11.231851577758789,11.283845310039212,10.96977867374567,10.972183063853441,871346000
2011-08-26,11.528183937072754,11.534795206016,11.144090719361378,11.155210620123409,641477200
2011-08-29,11.720230102539062,11.766213655887874,11.66102401044588,11.666433084926158,405269200
2011-08-30,11.720833778381348,11.776434100563298,11.607228743704706,11.66853909161268,417922400
2011-08-31,11.565752029418945,11.78364463631612,11.47649106535358,11.738262983112062,522586400
2011-09-01,11.451545715332031,11.641187541471547,11.442229106389087,11.595505741639494,343725200
2011-09-02,11.241769790649414,11.360483748686095,11.175049567228635,11.262506452460276,438939200
2011-09-06,11.41278076171875,11.430511939377313,11.014261027485185,11.041009472825998,509698000
2011-09-07,11.538705825805664,11.588896268907094,11.480700311790873,11.587694073771726,350576800
2011-09-08,11.54501724243164,11.679359743356416,11.49001801739086,11.492722555247443,416158400
2011-09-09,11.344857215881348,11.600918380702334,11.270923011452489,11.538706783616595,564813200
2011-09-12,11.41878890991211,11.447038888646079,11.177152518986615,11.210212883008825,467832400
2011-09-13,11.559444427490234,11.607229682487118,11.428106602367889,11.484909124300346,440560400
2011-09-14,11.700093269348145,11.787550937887792,11.593701433288233,11.631569768328763,534724400
2011-09-15,11.810091972351074,11.831130382617385,11.718126472215365,11.764109222283219,417818800
2011-09-16,12.036699295043945,12.036699295043945,11.872303571012626,11.88763115335875,698513200
2011-09-19,12.371206283569336,12.419293287965985,11.877417055424576,11.931513430620507,823860800
2011-09-20,12.42590045928955,12.708710743225058,12.357978063863706,12.479997615677162,775754000
2011-09-21,12.3865327835083,12.670544528323703,12.382325101043872,12.611938726369191,605976000
2011-09-22,12.076372146606445,12.316806314445735,11.922495210127952,12.052630000831304,968480800
2011-09-23,12.150907516479492,12.224239801768876,12.017166140065658,12.030089334230592,546277200
2011-09-26,12.116944313049316,12.141288355780286,11.760201443041618,12.017464702552749,812876400
2011-09-27,11.999431610107422,12.299672104320512,11.963366572607177,12.284044376172528,632497600
2011-09-28,11.93181324005127,12.134077328543635,11.91678500029954,12.027384530626634,429637600
2011-09-29,11.738265037536621,12.088095785700128,11.607228179462465,12.07938027250685,651086800
2011-09-30,11.460261344909668,11.687772311664315,11.456053662836183,11.634575589573318,547640800
2011-10-03,11.258296966552734,11.499933329338788,11.215320504662163,11.4317107742258,669099200
2011-10-04,11.195182800292969,11.47468668440731,10.646394490886756,11.257395180371308,1233677200
2011-10-05,11.367997169494629,11.415181318240593,10.82852378477899,11.055733830980348,786469600
2011-10-06,11.341547966003418,11.564249361638474,11.174145932409274,11.220128684954163,812582400
2011-10-07,11.114034652709961,11.352664662620983,11.074663983435059,11.293758732400065,535458000
2011-10-10,11.685365676879883,11.685365676879883,11.366791296299033,11.393239580353189,442514800
2011-10-11,12.030386924743652,12.117244285732475,11.76621146790475,11.798368971483477,605687600
2011-10-12,12.087492942810059,12.29967472922337,12.025881656737454,12.242271927919292,622286000
2011-10-13,12.27503490447998,12.27503490447998,12.107331873946364,12.171346765931915,426185200
2011-10-14,12.68286418914795,12.68286418914795,12.480598545164806,12.527484137794305,573367200
2011-10-17,12.622458457946777,12.824122255541928,12.500738220361987,12.675053285469405,686044800
2011-10-18,12.690079689025879,12.767319512673934,12.502241137375476,12.675653349269036,881602400
2011-10-19,11.98020076751709,12.274731323623184,11.955555769690212,12.062248571021883,1104059600
2011-10-20,11.880719184875488,12.03219253210348,11.84766043020057,12.021673727997827,549270400
2011-10-21,11.80738353729248,11.995823922735168,11.743668830826891,11.964567666780974,621244400
2011-10-24,12.195086479187012,12.21702533185364,11.883425081940532,11.906867079467407,502138000
2011-10-25,11.954651832580566,12.218527979137937,11.942931636827705,12.172845378286105,430427200
2011-10-26,12.03970718383789,12.098312983989226,11.815802787803301,12.0745692324038,456304800
2011-10-27,12.162626266479492,12.292160747785372,12.078475039418144,12.24888173567398,494664800
2011-10-28,12.170440673828125,12.212516689113826,12.097108396410162,12.111834881380172,322842800
2011-10-31,12.16533374786377,12.302080619397666,12.05323107114344,12.09440584837103,385501200
2011-11-01,11.916786193847656,12.00664827108039,11.817908455914285,11.9438355835499,531790000
2011-11-02,11.943836212158203,12.03490048928156,11.874710792925596,12.024381682888245,327350800
2011-11-03,12.11394214630127,12.123859854566714,11.88222425824442,11.993725044420806,441386400
2011-11-04,12.028889656066895,12.125062862498435,11.99643118886458,12.082686686365816,302229200
2011-11-07,12.013557434082031,12.02167265019404,11.905363112943132,12.018968113178863,270275600
2011-11-08,12.20891284942627,12.262109579789946,12.068560186976995,12.088095455518054,400442000
2011-11-09,11.879815101623535,12.048419284622314,11.848258696846083,11.930606620200383,558684000
2011-11-10,11.577474594116211,11.937824133787657,11.485208130353339,11.932414256062136,744752400
2011-11-11,11.559444427490234,11.682065133223633,11.428407552448062,11.619251635023154,653786000
2011-11-14,11.398346900939941,11.578371924957167,11.366489547623097,11.526377411487505,432905200
2011-11-15,11.685969352722168,11.706104913705472,11.404061066022756,11.444633940517452,430810800
2011-11-16,11.563950538635254,11.75539569036545,11.550425442776888,11.698593176880655,349210400
2011-11-17,11.342750549316406,11.558238782707054,11.285346942903363,11.540205858032785,479900400
2011-11-18,11.268515586853027,11.420289083025072,11.266712294485835,11.388131572943461,371938000
2011-11-21,11.090296745300293,11.170541258985352,10.997128233491598,11.132071017178683,447980400
2011-11-22,11.315699577331543,11.358376687522812,11.148297573325811,11.150701962775075,409021200
2011-11-23,11.029582023620605,11.29556154815074,11.026275587349762,11.25558898072886,428271200
2011-11-25,10.926800727844238,11.154611058716908,10.91928660795598,11.072563257702695,254760800
2011-11-28,11.30397891998291,11.322011842674973,11.129965629937523,11.190674864600915,346413200
2011-11-29,11.216221809387207,11.385427133225424,11.126059597854937,11.295565069156932,375855200
2011-11-30,11.486706733703613,11.489111123021159,11.369495162072687,11.45935800901625,405938400
2011-12-01,11.658921241760254,11.691078755383407,11.443132046587774,11.49692907100041,387181200
2011-12-02,11.71212100982666,11.830233902756005,11.678460340092428,11.716027743733777,379055600
2011-12-05,11.811593055725098,11.913778003917685,11.732851707578074,11.82601939265578,357210000
2011-12-06,11.749687194824219,11.860287558594546,11.70250303510523,11.796572009515224,283598000
2011-12-07,11.693782806396484,11.749383117245632,11.62375615661135,11.719028097001146,304746400
2011-12-08,11.740966796875,11.886429159168884,11.728043603897088,11.76470974317392,376356400
2011-12-09,11.82992935180664,11.84255240006487,11.752089227214462,11.806788300466694,296993200
2011-12-12,11.776432037353516,11.838343471992902,11.704602895678372,11.77162325757052,301067200
2011-12-13,11.685365676879883,11.883423647204244,11.633973055983532,11.811292765953375,338928800
2011-12-14,11.426301002502441,11.642391141774334,11.350865271903244,11.62195382658939,406887600
2011-12-15,11.38873291015625,11.532993092435305,11.369798741168792,11.52067099560008,256200000
2011-12-16,11.451245307922363,11.545315054291484,11.407666945773942,11.431409894230896,421478400
2011-12-19,11.487011909484863,11.566355181086445,11.435017372631716,11.494826177641606,235530400
2011-12-20,11.899955749511719,11.90446438220017,11.638784894812426,11.653811530351508,337215200
2011-12-21,11.9149808883667,11.940527126893604,11.781539671633194,11.922193254716326,262948000
2011-12-22,11.978096961975098,11.995528790342277,11.904464520895553,11.931512304674342,202358800
2011-12-23,12.121758460998535,12.129572730434111,12.006350120012298,12.012361096501204,269399200
2011-12-27,12.217926979064941,12.29486584347049,12.11243638858287,12.114841580787141,265076000
2011-12-28,12.101017951965332,12.269621386168433,12.061947417140836,12.22874836138387,228662000
2011-12-29,12.175551414489746,12.191480899161178,12.037002857676248,12.1238586356769,215978000
2011-12-30,12.171945571899414,12.210415008341977,12.126563915657545,12.12716421060819,179662000
2012-01-03,12.359185218811035,12.39735451455587,12.292164843777984,12.304186795592656,302220800
2012-01-04,12.425603866577148,12.462871915314048,12.300578784174284,12.322217493810639,260022000
2012-01-05,12.563546180725098,12.57917390634121,12.402455331473789,12.470979613902363,271269600
2012-01-06,12.694890022277832,12.705408828370919,12.599317917294734,12.615847699022002,318292800
2012-01-09,12.674756050109863,12.855682438218091,12.663335194246908,12.788060955889888,394024400
2012-01-10,12.720134735107422,12.803084589994935,12.667840052017445,12.800379249816666,258196400
2012-01-11,12.699395179748535,12.708411641302009,12.602019802570902,12.703301911821727,215084800
2012-01-12,12.66453742980957,12.709919100766555,12.5851941412612,12.691285875254083,212587200
2012-01-13,12.617048263549805,12.636283384316771,12.582486359721777,12.613743430968096,226021600
2012-01-17,12.764015197753906,12.80278559103091,12.711720509972576,12.748987758008266,242897200
2012-01-18,12.896551132202148,12.907370083537904,12.812098948613086,12.83193436150638,276791200
2012-01-19,12.85567569732666,12.964471109681757,12.818408463427545,12.927805775677646,261738400
2012-01-20,12.6317777633667,12.848168108387734,12.615247978783158,12.847867960820892,413974400
2012-01-23,12.845457077026367,12.876714139925365,12.691880312066253,12.703000212023337,306062400
2012-01-24,12.635077476501465,12.77603199558603,12.60923109309912,12.77603199558603,547638000
2012-01-25,13.424004554748535,13.658126037418306,13.335945767770859,13.657825889902407,958314000
2012-01-26,13.362990379333496,13.48801461553013,13.318209830535869,13.475092226298434,323985200
2012-01-27,13.442635536193848,13.478700579412061,13.33714574623721,13.354275819169247,299709200
2012-01-30,13.614848136901855,13.64159657634465,13.38583559035896,13.395452348530068,379341200
2012-01-31,13.719136238098145,13.772031218780734,13.616651109542111,13.692387797707449,391683600
2012-02-01,13.710421562194824,13.794573621415447,13.691188043996103,13.777142593489376,270046000
2012-02-02,13.67825984954834,13.739870328530959,13.643998099271853,13.701701846305959,186796400
2012-02-03,13.8153076171875,13.824925176404564,13.691484752401049,13.743779428110523,286599600
2012-02-06,13.944239616394043,13.97459463685763,13.770828215649237,13.776237290255956,249412800
2012-02-07,14.09030532836914,14.117955814348896,13.962574111426607,13.98271127965683,316223600
2012-02-08,14.326225280761719,14.32953011203502,14.116446340616996,14.140490232056559,407890000
2012-02-09,14.821823120117188,14.929417161291065,14.442839586091878,14.448850560883718,884214800
2012-02-10,14.829336166381836,14.95556342457067,14.682971741741607,14.75540358539314,631302000
2012-02-13,15.105231285095215,15.142197568244246,14.939631774377709,15.012964045860183,517216000
2012-02-14,15.311408042907715,15.314412728292814,15.087204261915415,15.167147832949409,460398400
2012-02-15,14.95706844329834,15.817217313499372,14.933624837826091,15.45566638961488,1506120000
2012-02-16,15.093513488769531,15.174058949800152,14.625268962823935,14.771633397201226,944552000
2012-02-17,15.09080982208252,15.260616266544698,15.036110748214185,15.120562946654758,535805200
2012-02-21,15.473395347595215,15.473395347595215,15.150913433952065,15.23386326496059,605595200
2012-02-22,15.41900634765625,15.492638815599024,15.299690450774246,15.42020854315465,483302400
2012-02-23,15.519675254821777,15.562954258862659,15.312602458896759,15.480304586889766,568027600
2012-02-24,15.700603485107422,15.715329969000777,15.587300245378177,15.618255555281964,415072000
2012-02-27,15.801284790039062,15.883632713100166,15.51637108816491,15.66754264621163,547582000
2012-02-28,16.091310501098633,16.091310501098633,15.8039923549531,15.86740692888632,600387200
2012-02-29,16.30259895324707,16.457980712985616,16.100034632234294,16.276152257706336,952011200
2012-03-01,16.36359977722168,16.476004187750778,16.192291032012122,16.47480038789219,683270000
2012-03-02,16.38494110107422,16.43362758839389,16.30499594034438,16.356690322604777,431712400
2012-03-05,16.023691177368164,16.45406575129893,15.808501482802649,16.392155116485654,809124400
2012-03-06,15.93653678894043,16.03962222670681,15.51457587043957,15.73817938029823,810238800
2012-03-07,15.949459075927734,16.162542952784325,15.727357932786278,16.133089973729973,798520800
2012-03-08,16.2890682220459,16.319121489202452,15.992432652203055,16.069671667483327,516457200
2012-03-09,16.384645462036133,16.461884501612555,16.32273320831473,16.355792775626053,418919200
2012-03-12,16.58991050720215,16.58991050720215,16.439637752640863,16.499145596520204,407282400
2012-03-13,17.073787689208984,17.076192079777275,16.70261751929839,16.756416159530623,690855200
2012-03-14,17.719348907470703,17.873826960885214,17.293179584163752,17.37282460607142,1418844000
2012-03-15,17.59853172302246,18.032814684207445,17.387852241918942,18.020792732848182,1159718000
2012-03-16,17.598831176757812,17.707927572175173,17.37132097272024,17.5732849323932,825487600
2012-03-19,18.065570831298828,18.085706392381713,17.70341803873665,17.983523034452677,901236000
2012-03-20,18.211641311645508,18.239890494252993,17.776456233308448,18.017790926404814,816662000
2012-03-21,18.107646942138672,18.322534880472386,18.074889135329247,18.114860112004983,644042000
2012-03-22,18.012676239013672,18.167756176614926,17.89816917696158,17.965790636210183,623870800
2012-03-23,17.91379737854004,18.08660848455116,17.864207239300914,18.047237804676854,430488800
2012-03-26,18.242290496826172,18.247401029541304,17.890056980849756,18.026200352530154,595742000
2012-03-27,18.467697143554688,18.521794312568463,18.214640718089438,18.21824730302814,607129600
2012-03-28,18.56206703186035,18.67717439222514,18.342370313396273,18.5849071313931,655460400
2012-03-29,18.32884979248047,18.530213480215142,18.249808265219745,18.416608438932034,608238400
2012-03-30,18.01898956298828,18.349885335068915,17.970601611859212,18.296088308565686,731038000
2012-04-02,18.592422485351562,18.59662936534206,18.043932650222473,18.08751181795313,598351600
2012-04-03,18.913700103759766,19.00055828911583,18.709031626489264,18.852990060279996,834559600
2012-04-04,18.763126373291016,18.809710218587362,18.54342968471203,18.764328568106404,572980800
2012-04-05,19.044740676879883,19.074193655650884,18.735782942239457,18.84337700103703,641298000
2012-04-09,19.121376037597656,19.229872133976446,18.792884668451745,18.817829011812638,597536800
2012-04-10,18.887250900268555,19.35489344597345,18.813918621912446,19.232572932901295,889725200
2012-04-11,18.819929122924805,19.140606956421326,18.73397299868878,19.12047139765635,696614800
2012-04-12,18.716842651367188,18.9741075263296,18.6486192994816,18.783863808438934,614336800
2012-04-13,18.189693450927734,18.774849375498555,18.13800067562456,18.75711659957017,859644800
2012-04-16,17.435338973999023,18.341471530999776,17.37883740499825,18.33486025997216,1050786800
2012-04-17,18.32404136657715,18.333057028415404,17.188294289416522,17.39957569059453,1025528000
2012-04-18,18.28316879272461,18.64111481321372,18.113962615961405,18.44486004518877,954531200
2012-04-19,17.655029296875,18.17466639013423,17.56727067686486,18.039121728077458,834719200
2012-04-20,17.220449447631836,17.870822542881534,17.143510567274497,17.773446346083386,1030985200
2012-04-23,17.181974411010742,17.331345102282125,16.728758225977803,17.149216610424492,966529200
2012-04-24,16.83875846862793,17.061459853687456,16.680071954596873,16.90878431405656,1076149200
2012-04-25,18.333049774169922,18.57348391374539,18.212833506915413,18.50255602715327,905777600
2012-04-26,18.263927459716797,18.47400659951273,18.096525435312497,18.46138275083263,536068400
2012-04-27,18.122678756713867,18.21825248222635,18.04754395673125,18.184892765859715,406722400
2012-04-30,17.551044464111328,17.98442694932115,17.521591488086084,17.966394023672997,506144800
2012-05-01,17.495447158813477,17.93513921718572,17.46839856945928,17.57869716973409,610999200
2012-05-02,17.61115837097168,17.653835506429886,17.397172398496128,17.438647338517942,427389200
2012-05-03,17.486120223999023,17.774040198703425,17.440438436528364,17.746991624076546,390549600
2012-05-04,16.988128662109375,17.38213883021172,16.985724272194894,17.34367019664669,529992400
2012-05-07,17.115257263183594,17.21413578800006,16.867309779958507,16.87542499685144,460118400
2012-05-08,17.076189041137695,17.175968021832112,16.792177277332737,17.118264263528484,497252000
2012-05-09,17.10624122619629,17.250503020391776,16.855890940260302,16.941545327238817,480704000
2012-05-10,17.14651107788086,17.307601969884097,17.084000158826637,17.268531441675346,333200000
2012-05-11,17.032005310058594,17.265226280064955,16.961077423748048,16.980612687479336,399546000
2012-05-14,16.776838302612305,17.056041109957363,16.758205093315038,16.90757412513629,352626400
2012-05-15,16.625070571899414,16.9271151745365,16.58239346176392,16.873920064374005,476336000
2012-05-16,16.411989212036133,16.73687556267984,16.26051586455871,16.65152132972775,560896000
2012-05-17,15.932331085205078,16.454672941919792,15.932331085205078,16.388853948399465,717220000
2012-05-18,15.940131187438965,16.331736776571102,15.693687760446956,16.04772517656879,732292400
2012-05-21,16.868816375732422,16.87663144713565,16.050440845569298,16.06396674549023,631106000
2012-05-22,16.739286422729492,17.247502074585892,16.607348290139456,17.11736643251177,694870400
2012-05-23,17.14771842956543,17.215039746798716,16.62687906475487,16.755208971455698,584897600
2012-05-24,16.990236282348633,17.32624261689825,16.86731382986609,17.307307641290596,496230000
2012-05-25,16.899169921875,17.00616368118161,16.784362696917256,16.96829533789747,328507200
2012-05-29,17.19911003112793,17.25110456711813,16.989934507286634,17.157936855934356,380508800
2012-05-30,17.406478881835938,17.4311230702699,17.027495435146957,17.106838679047975,529429600
2012-05-31,17.363201141357422,17.476504376473713,17.174761542649964,17.453662677971924,491674400
2012-06-01,16.860095977783203,17.210528557396426,16.845971391948996,17.105639061978298,520987600
2012-06-04,16.95928382873535,17.055758012350893,16.484729589095863,16.875433500544162,556995600
2012-06-05,16.915395736694336,17.024793866702318,16.780152824131285,16.868511741014693,388214400
2012-06-06,17.174762725830078,17.246591052727197,16.995638919582362,17.063862267323465,401455600
2012-06-07,17.182580947875977,17.350883443001848,17.145914800659714,17.349983000496668,379766800
2012-06-08,17.441041946411133,17.448857014897737,17.100828854080582,17.178969908547987,347516400
2012-06-11,17.166051864624023,17.68688963534972,17.149821428693908,17.66344763408792,591264800
2012-06-12,17.316022872924805,17.329847314922787,17.03171093644846,17.264931985517652,435380400
2012-06-13,17.195804595947266,17.385746596902866,17.14230771924685,17.266732498179227,293580000
2012-06-14,17.176864624023438,17.236072311195063,17.048534754894373,17.168149113794044,345573200
2012-06-15,17.25501251220703,17.269739001718293,17.117363573351867,17.16094274683636,335255200
2012-06-18,17.605138778686523,17.66855335312361,17.142004850190503,17.15973762546654,440412000
2012-06-19,17.654125213623047,17.73196450615151,17.524591552601013,17.533607209688864,361404400
2012-06-20,17.60394287109375,17.709432688205137,17.455474175465074,17.678175613841105,358943200
2012-06-21,17.361406326293945,17.678477712744357,17.354493302049008,17.594927546957038,326351200
2012-06-22,17.49454116821289,17.497245705525355,17.29377943109529,17.40257566412249,284471600
2012-06-25,17.154024124145508,17.42541354979035,17.14200217753893,17.350277186032393,304382400
2012-06-26,17.191892623901367,17.26582518866549,17.050637157472824,17.170853414598078,276536400
2012-06-27,17.266130447387695,17.333451763915033,17.188591275651785,17.28115708271013,202997200
2012-06-28,17.10233497619629,17.251103802015482,16.998949413941972,17.181077947981585,282836400
2012-06-29,17.551647186279297,17.551647186279297,17.258618149771973,17.37132113148498,421500800
2012-07-02,17.807703018188477,17.83625393949804,17.539620011111403,17.57358161129068,400092000
2012-07-03,18.014780044555664,18.032512822391507,17.85218838434631,17.87863506975554,241712800
2012-07-05,18.331253051757812,18.463491308354683,18.021995170415156,18.04934390632517,484383200
2012-07-06,18.209232330322266,18.28617121363286,18.08000036641797,18.245598331765223,418930400
2012-07-09,18.449966430664062,18.450266578175853,18.156036948073172,18.1918010489168,379405600
2012-07-10,18.279254913330078,18.629685872524387,18.19209659215199,18.572582421591587,511957600
2012-07-11,18.165651321411133,18.262725750971907,17.948960906589335,18.216442049734894,469322000
2012-07-12,17.99945068359375,18.136797833741948,17.812513397173,18.039723408516544,428041600
2012-07-13,18.181884765625,18.248604192085548,18.032515622393547,18.121176315205993,311427200
2012-07-16,18.24017906188965,18.381733045505303,18.183375774968408,18.186382063648924,301260400
2012-07-17,18.241085052490234,18.378132040311975,18.127178306674328,18.35679268278492,293624800
2012-07-18,18.22064971923828,18.283162246337362,18.139502369441164,18.23056742547869,252700000
2012-07-19,18.462892532348633,18.49384785626179,18.21284073534007,18.371527298339053,436861600
2012-07-20,18.161745071411133,18.466494264644236,18.143712147385504,18.424117294450678,397471200
2012-07-23,18.14761734008789,18.20982971889846,17.663144057833435,17.864205927195247,487975600
2012-07-24,18.06015968322754,18.323433919859948,17.987727848977624,18.25430852252263,565132400
2012-07-25,17.280258178710938,17.455473705775816,17.130889044525816,17.26493139453353,877312800
2012-07-26,17.277559280395508,17.443457448043443,17.141714395877635,17.42422231959703,406632800
2012-07-27,17.586509704589844,17.60664687430654,17.178675037950683,17.281460314079954,403936400
2012-07-30,17.883140563964844,18.015678930440334,17.66644856074324,17.75961785603604,379142400
2012-07-31,18.35589599609375,18.384148382771833,18.114261207294067,18.129587990636246,462327600
2012-08-01,18.237180709838867,18.525400937816904,18.122673644119388,18.51067445055185,384501600
2012-08-02,18.266632080078125,18.353788801031616,18.040023963572416,18.117864878032215,332158400
2012-08-03,18.504364013671875,18.572887525128063,18.379939236006653,18.442151624839262,344920800
2012-08-06,18.710233688354492,18.779959391084052,18.491138872995958,18.552147458450953,302103200
2012-08-07,18.660940170288086,18.783860959963366,18.574683909275205,18.71683981305503,290446800
2012-08-08,18.629383087158203,18.7502012408366,18.546433262093444,18.615256898876567,244706000
2012-08-09,18.735631942749023,18.76581585705408,18.64719508878276,18.648703881508503,221642400
2012-08-10,18.764907836914062,18.766718065590787,18.674359328047007,18.674660764166816,194938800
2012-08-13,19.015432357788086,19.015432357788086,18.811695352246332,18.815921906577973,278832400
2012-08-14,19.06644058227539,19.275310056289047,19.021769998722494,19.0718744931139,340169200
2012-08-15,19.040483474731445,19.136164474418937,18.94752023647855,19.054670318376672,257342400
2012-08-16,19.206790924072266,19.219467360882856,19.030520105390746,19.051951085476805,254534000
2012-08-17,19.562047958374023,19.564462671392455,19.281344823792153,19.317262470972857,442761200
2012-08-20,20.07636833190918,20.07636833190918,19.616073788307293,19.619394421330654,613384800
2012-08-21,19.802001953125,20.37005104174257,19.629051778134986,20.24750678678329,812719600
2012-08-22,20.188655853271484,20.192579359787043,19.562052196845116,19.752508294555273,565322800
2012-08-23,20.000308990478516,20.2197399943789,19.955636798987545,20.10534578439268,420128800
2012-08-24,20.018115997314453,20.207063261095794,19.786611431534315,19.90613650202062,437340400
2012-08-27,20.39420509338379,20.550855204405376,20.329612310931164,20.52429335495679,427008400
2012-08-28,20.367639541625977,20.40687782429063,20.242981990344017,20.373071840228388,267416800
2012-08-29,20.327497482299805,20.45426671198633,20.301238683022138,20.38122404951433,202806800
2012-08-30,20.037742614746094,20.269550315121766,20.00695581825449,20.24208415325882,302699600
2012-08-31,20.079092025756836,20.180506775530603,19.83792693191996,20.139759691498732,338321200
2012-09-04,20.372770309448242,20.377901171872917,20.05675238456349,20.09478331047785,367892000
2012-09-05,20.22970199584961,20.414422709497142,20.210685727468196,20.39088006308614,336375200
2012-09-06,20.412012100219727,20.472982811406176,20.24691049404773,20.318444368051562,391196400
2012-09-07,20.53786849975586,20.59944205777946,20.396912475675652,20.465728559386463,329666400
2012-09-10,20.003633499145508,20.623897318351347,19.984315790974634,20.538178212259673,487998000
2012-09-11,19.938739776611328,20.225781196778264,19.81528955971873,20.0751678700343,503983200
2012-09-12,20.2164249420166,20.219745576371466,19.80019954521868,20.127686630737355,712233200
2012-09-13,20.614540100097656,20.690601958851094,20.366735380810002,20.445211952919365,598360000
2012-09-14,20.865060806274414,21.03710510164746,20.76273853758337,20.82521964817041,600474000
2012-09-17,21.12161636352539,21.122219235820843,20.965569156483976,21.10863687763508,398031200
2012-09-18,21.1859130859375,21.198589527911153,21.02020697174528,21.124640929800606,373503200
2012-09-19,21.19164276123047,21.24868834679882,21.11527946966729,21.13610596845344,326874800
2012-09-20,21.089021682739258,21.1300718130833,20.93569059625312,21.102905479670586,336568400
2012-09-21,21.130971908569336,21.281283767169842,21.108938054811507,21.20099697558916,571589200
2012-09-24,20.85026741027832,20.98096174173953,20.61514076724004,20.731648256263224,639766400
2012-09-25,20.329612731933594,20.910338465782633,20.313312608909783,20.773908757293377,518789600
2012-09-26,20.077280044555664,20.303955224698775,19.957150468425603,20.184731569101498,576503200
2012-09-27,20.56443214416504,20.590088066265817,19.931490422843144,20.050412617677587,594090000
2012-09-28,20.13522720336914,20.558093729917033,20.124662431325444,20.486861310537883,535110800
2012-10-01,19.902511596679688,20.426492963269567,19.81528211627261,20.257767736088258,543594800
2012-10-02,19.96047019958496,20.112593928334242,19.638716874941302,19.97556135319568,627992400
2012-10-03,20.26651954650879,20.278896157248187,20.000304742704206,20.06761364580844,424281200
2012-10-04,20.126176834106445,20.351041799221637,20.088448949057764,20.26049165118811,370725600
2012-10-05,19.69727325439453,20.1020295437097,19.657733528470537,20.07788401985567,594006000
2012-10-08,19.26202964782715,19.545450580722825,19.199851585420507,19.524925517372196,637994000
2012-10-09,19.192001342773438,19.332051468736015,18.82074809571774,19.27651468332835,838597200
2012-10-10,19.3447265625,19.467572253304006,19.226710297218553,19.30941179135572,510356000
2012-10-11,18.95808219909668,19.53458287406058,18.95808219909668,19.513454939973922,546081200
2012-10-12,19.006677627563477,19.177815986773485,18.87357019395103,19.002149637481523,460014800
2012-10-15,19.15910530090332,19.170272947552697,18.82980641294604,19.086364073608316,432502000
2012-10-16,19.612751007080078,19.62814520217698,19.045607904261388,19.177509558941406,549771600
2012-10-17,19.456409454345703,19.703308253811237,19.437997667945922,19.584990522963405,389037600
2012-10-18,19.095109939575195,19.379435087555937,19.01542603765535,19.30488365875552,476624400
2012-10-19,18.40693473815918,19.06885135415111,18.400293472057935,19.047120551163044,744086000
2012-10-22,19.137067794799805,19.177814867284752,18.43470387478185,18.484808363034464,546730800
2012-10-23,18.51318359375,19.13314755423857,18.463080708905352,19.04561499993595,707145600
2012-10-24,18.6179141998291,18.911295353421604,18.431080232217916,18.757060008190823,558527200
2012-10-25,18.397890090942383,18.7739745829728,18.277459038200806,18.713606726496884,656325600
2012-10-26,18.23067283630371,18.532505632402767,17.838291490941803,18.39456711287344,1018432800
2012-10-31,17.968673706054688,18.169090026492437,17.738677960694492,17.955392786058173,510003200
2012-11-01,18.0054988861084,18.200481314442374,17.933965030104954,18.05620624596374,361298000
2012-11-02,17.40968894958496,18.01788090446991,17.347813921256684,17.98588675148672,599373600
2012-11-05,17.645713806152344,17.74079030246641,17.433826786197184,17.612512310872752,529135600
2012-11-06,17.592294692993164,17.83044058717331,17.50899029622502,17.815047996667705,374917200
2012-11-07,16.91916847229004,17.420678635276392,16.850944863047737,17.399454196114284,793648800
2012-11-08,16.30516242980957,17.04742336061132,16.23057328505439,16.99890851590494,1056146000
2012-11-09,16.58745002746582,16.824560633577356,16.18296646677184,16.386118305172964,929913600
2012-11-12,16.459192276000977,16.81303969954485,16.332449685099828,16.802426673432773,515802000
2012-11-13,16.46131706237793,16.691150475880313,16.2630166792079,16.340335999924243,532949200
2012-11-14,16.278779983520508,16.599274221129434,16.25755555346407,16.540147982123504,477170400
2012-11-15,15.937366485595703,16.358223013719876,15.846404397713506,16.298491140120273,789910800
2012-11-16,15.999826431274414,16.07017132188926,15.334884960470951,15.92463005721577,1266893600
2012-11-19,17.153547286987305,17.207214810207745,16.36974753849929,16.394913399894765,823317600
2012-11-20,17.007394790649414,17.34214066659382,16.81546324221585,17.3409277957488,642754000
2012-11-21,17.031354904174805,17.203274948940415,16.87671625039083,17.10867423106679,373002000
2012-11-23,17.3284969329834,17.3436586301993,17.058640421434127,17.197207290222128,272826400
2012-11-26,17.87518882751465,17.889438848298997,17.395508838105314,17.461912315639836,630579600
2012-11-27,17.731159210205078,17.902170756190547,17.589256563730387,17.875790411178862,533330000
2012-11-28,17.67536735534668,17.762085182541338,17.351537351526822,17.503445765201963,520864400
2012-11-29,17.87003517150879,18.018305037205913,17.74541710466461,17.896112712843024,514698800
2012-11-30,17.746322631835938,17.84092495376338,17.667487633449817,17.792107299167487,391319600
2012-12-03,17.77391242980957,18.02861046474525,17.75299081129457,18.000108807819355,364280000
2012-12-04,17.460391998291016,17.640802088240253,17.347598245291636,17.640802088240253,557068400
2012-12-05,16.336700439453125,17.260280124710334,16.33609319410909,17.249971527749963,1044638000
2012-12-06,16.59290885925293,16.776955956938814,15.725421113241675,16.038032534054796,1177212400
2012-12-07,16.168720245361328,16.834267555576286,16.07017648042685,16.779689968634344,787040800
2012-12-10,16.064712524414062,16.328201809153946,15.814866011275827,15.91856403000891,630484400
2012-12-11,16.415525436401367,16.663248999100993,16.293634367404838,16.366404985682774,592345600
2012-12-12,16.343059539794922,16.615948985380275,16.260283134009104,16.608974573632562,487144000
2012-12-13,16.060771942138672,16.301825584242394,15.942822269375537,16.105040921037318,625259600
2012-12-14,15.457383155822754,15.71026108687378,15.329732128980593,15.607775918310878,1009579200
2012-12-17,15.731489181518555,15.766965261019854,15.197838782038357,15.431310831810944,757607200
2012-12-18,16.18842315673828,16.21874330773352,15.77453949336383,15.91856506855173,625685200
2012-12-19,15.958284378051758,16.18235779357945,15.933724150457838,16.114741464482616,449369200
2012-12-20,15.81942367553711,16.076243126918314,15.733008610794663,16.070178769802965,481689600
2012-12-21,15.746646881103516,15.756955474527151,15.471027220271484,15.538643561301537,596268400
2012-12-24,15.77212142944336,15.895831073910458,15.72785243289326,15.777580160417477,175753200
2012-12-26,15.55472183227539,15.750596545016815,15.497718487082118,15.736647712123943,302436400
2012-12-27,15.617173194885254,15.653254885306085,15.301833276305638,15.57108410625956,455120400
2012-12-28,15.451324462890625,15.599595969991878,15.406752652649024,15.472550522423665,354278400
2012-12-31,16.135971069335938,16.233909198277132,15.433432067585326,15.479822364007463,659492400
2013-01-02,16.64719009399414,16.828207531224372,16.422815332216658,16.79242862979126,560518000
2013-01-03,16.437055587768555,16.666586131735777,16.403702449286822,16.612311376067858,352965200
2013-01-04,15.979217529296875,16.331852258882055,15.943741439458874,16.281518896620113,594333600
2013-01-07,15.885218620300293,16.04895139099261,15.621424775090416,15.827608042100668,484156400
2013-01-08,15.927963256835938,16.127476452876632,15.804860920330114,16.04621572951683,458707200
2013-01-09,15.679027557373047,15.918866669863496,15.645369990054522,15.842760246654292,407604400
2013-01-10,15.873394966125488,16.031366199438846,15.631128362849239,16.026211900941227,601146000
2013-01-11,15.7760648727417,15.92827618934743,15.737252986868679,15.797289313168003,350506800
2013-01-14,15.213603973388672,15.387949739298996,15.115363034501302,15.241801202056928,734207600
2013-01-15,14.733621597290039,15.12991792600724,14.65660509056786,15.108996303946086,876772400
2013-01-16,15.345197677612305,15.44677442502847,14.93313562226219,14.998021801782752,690804800
2013-01-17,15.241805076599121,15.486497427872676,15.222097940544119,15.473155842502326,453678400
2013-01-18,15.160538673400879,15.22785057474377,15.051381919224038,15.115662453185436,472922800
2013-01-22,15.305174827575684,15.399472730273471,15.058361204142383,15.298807658557983,461546400
2013-01-23,15.585336685180664,15.615051210774054,15.3051700015,15.427666716353574,861509600
2013-01-24,13.659647941589355,14.121437645213211,13.652066283336119,13.947697517638176,1460852400
2013-01-25,13.337638854980469,13.833388199712278,13.189671812651996,13.695731371865785,1208026400
2013-01-28,13.639331817626953,13.741816987345246,13.21574674494054,13.275479426733325,785517600
2013-01-29,13.895240783691406,13.953761402740254,13.708766326534622,13.902215196548525,571158000
2013-01-30,13.851579666137695,14.026532666625329,13.780931953646379,13.856733963122656,417155200
2013-01-31,13.81095027923584,13.925866982300466,13.795487387180996,13.85612932293991,319334400
2013-02-01,13.75424861907959,13.931930172296642,13.59445731794447,13.920711520375605,539484400
2013-02-04,13.41162109375,13.82459396678272,13.401918125433863,13.763041976017583,477117200
2013-02-05,13.882203102111816,13.939813660896744,13.408587535529534,13.464075165383774,573347600
2013-02-06,13.867348670959473,14.144785257583104,13.722715808995282,13.840665505386895,593706400
2013-02-07,14.279675483703613,14.333960349200456,13.849655761123286,14.128101663066882,704580800
2013-02-08,14.485838890075684,14.602645236791465,14.28058775162372,14.455951189284573,633158400
2013-02-11,14.63680648803711,14.789601909054348,14.433083060449565,14.532199502557452,517490400
2013-02-12,14.269919395446777,14.711527835169464,14.26503963619516,14.623998375162172,609053200
2013-02-13,14.242774963378906,14.444975491553297,14.127188525996319,14.248874661938748,475207600
2013-02-14,14.229968070983887,14.38398181288319,14.151588971292918,14.16683740509257,355275200
2013-02-15,14.033867835998535,14.338846297959916,14.026548196550673,14.29889285878411,391745200
2013-02-19,14.028677940368652,14.112242986279286,13.841422917598342,14.062531670522095,435783600
2013-02-20,13.688937187194824,13.958537384411278,13.687411040783152,13.958537384411278,476302400
2013-02-21,13.603850364685059,13.698699487611831,13.505037657930242,13.602020454501863,447182400
2013-02-22,13.748711585998535,13.772804175151494,13.620315774125748,13.701135563205275,330654800
2013-02-25,13.504422187805176,13.880154611563373,13.497407128193425,13.84142275236498,372579200
2013-02-26,13.692596435546875,13.770975533261252,13.34766618704386,13.535532033593658,501499600
2013-02-27,13.558403015136719,13.798420837998425,13.438852191840091,13.676123929033158,587350400
2013-02-28,13.461726188659668,13.659046133381032,13.461726188659668,13.542545154441662,322515200
2013-03-01,13.128389358520508,13.363527502961812,13.113445500525412,13.358036958514786,552448400
2013-03-04,12.810600280761719,13.05915691153983,12.77857726763811,13.046957513325303,582755600
2013-03-05,13.148818969726562,13.272335016218554,12.831947363624803,12.854210856355671,638433600
2013-03-06,12.981688499450684,13.27416287678698,12.944175768290958,13.251593996804576,460250000
2013-03-07,13.131741523742676,13.175353964577543,12.84140236521405,12.94631474529643,468473600
2013-03-08,13.166508674621582,13.279655238454483,13.071660393039226,13.107953194165018,391482000
2013-03-11,13.354070663452148,13.388838948942324,12.965833359792072,13.106428576228236,474236000
2013-03-12,13.066170692443848,13.384873037212976,13.039942801596832,13.28484041855771,465911600
2013-03-13,13.063729286193848,13.251290526050484,12.972541648774921,13.066779949661242,405549200
2013-03-14,13.19029712677002,13.255561459763841,13.127775622245416,13.200360408062815,303875600
2013-03-15,13.530655860900879,13.548039599758361,13.335164128832183,13.355903110081345,643960800
2013-03-18,13.898456573486328,13.951521511801596,13.455628197363147,13.463252413945522,606197200
2013-03-19,13.860943794250488,14.058569143998382,13.67826067022961,14.013735951785414,526775200
2013-03-20,13.787444114685059,13.956707917429428,13.711504895471094,13.950303640448704,308660800
2013-03-21,13.807263374328613,13.967376763370362,13.72705520534911,13.730715023720457,383255600
2013-03-22,14.087238311767578,14.093031804484765,13.81885805987916,13.863689627784854,395105200
2013-03-25,14.138167381286621,14.332439107438537,14.083271725343899,14.172019485283581,501135600
2013-03-26,14.063753128051758,14.207091970665301,14.0451494548476,14.194892573685863,294294000
2013-03-27,13.787444114685059,13.93139375851935,13.746272366587714,13.92102508424181,331237200
2013-03-28,13.500155448913574,13.779515154327868,13.468437827783394,13.718519791722063,442839600
2013-04-01,13.080810546875,13.531873119936046,13.045128528364133,13.476976641885171,389732000
2013-04-02,13.107646942138672,13.362303245684725,13.004259088911674,13.040857279769876,529519200
2013-04-03,13.174744606018066,13.336077997966393,13.12350794304759,13.155835536996188,363216000
2013-04-04,13.044515609741211,13.26653973652282,12.969186373401952,13.228723236683365,358447600
2013-04-05,12.906669616699219,12.960040766913139,12.799316531929026,12.946316035550907,383695200
2013-04-08,12.998464584350586,13.037806417354822,12.885013451935917,12.956987449722694,300829200
2013-04-09,13.021949768066406,13.068305853259332,12.892943980226704,13.003041514912804,306614000
2013-04-10,13.287586212158203,13.329368746565596,12.992367271235988,13.056107909475807,375928000
2013-04-11,13.246108055114746,13.357729283092967,13.150648992640386,13.22750356700955,328364400
2013-04-12,13.107954978942871,13.240619782865245,13.086301452172387,13.240619782865245,238613200
2013-04-15,12.804499626159668,13.049701811320881,12.795350078181526,13.022558559508562,317520000
2013-04-16,12.999382972717285,13.010666195784943,12.826460147995729,12.856957832633817,305771200
2013-04-17,12.284512519836426,12.827374352022261,12.141478237065765,12.817309441065722,945056000
2013-04-18,11.95666217803955,12.37570174212244,11.886211873580551,12.351303759608832,666299200
2013-04-19,11.91030216217041,12.186917341725893,11.744698221915902,11.832227661299008,609274400
2013-04-22,12.158552169799805,12.266210600986284,11.932869894352862,11.974650783129393,429920400
2013-04-23,12.38607120513916,12.454690785309968,12.162826285929057,12.320805237965544,664238400
2013-04-24,12.365630149841309,12.664203343268857,11.970378811911148,12.002097230733593,969651200
2013-04-25,12.454691886901855,12.62425946805719,12.41260477300574,12.541610572392035,384837600
2013-04-26,12.723681449890137,12.771562868796666,12.450726008527752,12.49830284965265,764097600
2013-04-29,13.117712020874023,13.224454302449223,12.809073789023907,12.822797703583122,640326400
2013-04-30,13.503812789916992,13.579142843399786,13.177181678015591,13.269590072596632,691538400
2013-05-01,13.397378921508789,13.569386382811746,13.247940349313456,13.555052495568095,506909200
2013-05-02,13.58737850189209,13.68100521192958,13.438243719484657,13.473315765328024,421828400
2013-05-03,13.723401069641113,13.82251915562809,13.698086908234334,13.76396203743889,361300800
2013-05-06,14.050642967224121,14.096083694628202,13.855455831819619,13.898152101512819,496641600
2013-05-07,13.988119125366211,14.20434815309937,13.836849853526012,14.180560142297356,483753200
2013-05-08,14.146098136901855,14.192760428180428,13.901201324026594,13.999708614910324,472598000
2013-05-09,14.022684097290039,14.213942864359582,13.986151892240546,14.116011568254597,398487600
2013-05-10,13.906028747558594,14.112945151872047,13.829586872224132,14.059527325424893,334852000
2013-05-13,13.960366249084473,14.05737778239488,13.86090032562085,13.861206919447605,316948800
2013-05-14,13.626351356506348,13.974485268786406,13.573854146633098,13.933041009157867,447118000
2013-05-15,13.165549278259277,13.538550920469557,12.966309240437184,13.482063889124742,741613600
2013-05-16,13.341459274291992,13.441847421628298,12.860089012472333,12.993325321754806,603204000
2013-05-17,13.300936698913574,13.510615706986792,13.231862919228654,13.478688143523838,427904400
2013-05-20,13.597803115844727,13.685911124007324,13.203925995608136,13.259492432933433,451578400
2013-05-21,13.497415542602539,13.676087596115948,13.329795622224873,13.451059213826392,456022000
2013-05-22,13.549298286437988,13.764196781868023,13.45320817584909,13.63218764754889,443038400
2013-05-23,13.573549270629883,13.69696228391454,13.378606453251018,13.383518511861686,353021200
2013-05-24,13.665956497192383,13.681613275473465,13.51890541887212,13.533948189774147,276166800
2013-05-28,13.552062034606934,13.848927675012337,13.533950044097597,13.811782272914074,386145200
2013-05-29,13.65981388092041,13.738098577524333,13.48943055390934,13.507850771852397,330576400
2013-05-30,13.863358497619629,13.953001955705467,13.646311348746679,13.681308957501896,353519600
2013-05-31,13.806561470031738,14.032817856488407,13.799499975419645,13.891597801480735,384302800
2013-06-03,13.836952209472656,13.887299168998346,13.583986937924573,13.837258803240772,372352400
2013-06-04,13.793664932250977,13.950847521462933,13.734721871181206,13.913700489818254,292728800
2013-06-05,13.664726257324219,13.836951610141153,13.621746567558693,13.68130363408972,290589600
2013-06-06,13.46057415008545,13.722749535528667,13.325189225922971,13.675779205527228,416934000
2013-06-07,13.563419342041016,13.607319638752077,13.285893752915314,13.400404076458438,404535600
2013-06-10,13.473777770996094,13.78660677728183,13.40961604223928,13.653063846586388,450153200
2013-06-11,13.434171676635742,13.592582283150572,13.302777391694843,13.377071456253708,286112400
2013-06-12,13.26809024810791,13.54622988419276,13.246907400996493,13.492505462045168,265227200
2013-06-13,13.383824348449707,13.420049958884459,13.162480048330524,13.277604366081247,285832400
2013-06-14,13.20238971710205,13.393955893444605,13.154804561835487,13.3666329788231,271866000
2013-06-17,13.262253761291504,13.375842654331073,13.211906801411317,13.245062376381261,259414400
2013-06-18,13.255194664001465,13.351284770022337,13.20730372766394,13.248747996364383,195025600
2013-06-19,12.985960960388184,13.251819631141709,12.985960960388184,13.24383753419982,310940000
2013-06-20,12.796847343444824,13.077441298430296,12.745578964131765,12.872368600947473,357310800
2013-06-21,12.69430923461914,12.893857497665516,12.528531371277783,12.84750035886423,481118400
2013-06-24,12.357843399047852,12.54572555364969,12.220001614975164,12.507043909473738,480746000
2013-06-25,12.360603332519531,12.519013088661753,12.243944425750481,12.45485138674266,314162800
2013-06-26,12.220616340637207,12.426917894682957,12.146629683518057,12.399594977087073,367724000
2013-06-27,12.08891487121582,12.322539363336412,12.081547602030144,12.256843029460796,337246000
2013-06-28,12.173337936401367,12.288154027277924,11.938178049175695,12.014620731603445,578516400
2013-07-01,12.562914848327637,12.656549726125565,12.317317681921153,12.362446805792016,391053600
2013-07-02,12.847501754760742,12.943899266671824,12.57059182501744,12.58563459481758,469865200
2013-07-03,12.918417930603027,12.985343907960178,12.815574574853834,12.92025995254229,240928800
2013-07-05,12.814654350280762,12.994861824532439,12.751106636867416,12.905833215131953,274024800
2013-07-08,12.74189567565918,12.924559178949762,12.606817333575062,12.897237080687143,298138400
2013-07-09,12.96600341796875,13.001307609717003,12.59852863929828,12.697381359916745,352584400
2013-07-10,12.916267395019531,13.041215823167242,12.84013295398946,12.88157721443885,281405600
2013-07-11,13.117658615112305,13.147130965736435,12.929777298500063,12.984422309076775,326292400
2013-07-12,13.093714714050293,13.194409464735815,12.998546029766887,13.128712314827496,279563200
2013-07-15,13.122264862060547,13.24567788605783,13.04121834725782,13.047665834628713,241917200
2013-07-16,13.20699691772461,13.222652876081444,13.02187738373246,13.0940212006344,216538000
2013-07-17,13.210372924804688,13.269010219910804,13.146211202798709,13.191646929304833,198990400
2013-07-18,13.254888534545898,13.350363816758934,13.219584338438995,13.304621494774791,218878800
2013-07-19,13.045823097229004,13.323040445892543,13.027402876849989,13.296024942439475,268721600
2013-07-22,13.08757495880127,13.193181771081198,13.061787468066631,13.1842790737681,207796400
2013-07-23,12.862853050231934,13.107528830151468,12.854256947359488,13.078057297215427,369395600
2013-07-24,13.523507118225098,13.64876131718704,13.36233390529831,13.475001365616466,591936800
2013-07-25,13.461803436279297,13.550832865935,13.379221493932802,13.529343427623033,229493600
2013-07-26,13.538246154785156,13.5397807633382,13.334093211289051,13.363564745525444,200152400
2013-07-29,13.747005462646484,13.814544642816148,13.513994963153293,13.532414366940642,248057600
2013-07-30,13.91677474975586,14.034354306887987,13.791212276027814,13.813623138001446,309422400
2013-07-31,13.892520904541016,14.040186005364117,13.79735221034929,13.968043000129917,322957600
2013-08-01,14.019923210144043,14.023607254435836,13.914930407136536,13.991373916306483,206250800
2013-08-02,14.199825286865234,14.209342812519463,14.019312009599,14.060756284101597,274783600
2013-08-05,14.411958694458008,14.449412325972038,14.187851732541478,14.265828212790439,318855600
2013-08-06,14.28302001953125,14.486865551365772,14.188464522415,14.368057992359114,334857600
2013-08-07,14.274731636047363,14.336745566638461,14.17618549306649,14.238506017487445,298858000
2013-08-08,14.246297836303711,14.341786253414579,14.151735273459234,14.334369517098773,255777200
2013-08-09,14.043582916259766,14.229306719610596,14.018862101842988,14.173063937414899,266865200
2013-08-12,14.44252872467041,14.482391622021524,14.11094579756521,14.118053916257402,364434000
2013-08-13,15.128873825073242,15.286166771156202,14.463852821632685,14.553162300136895,881941200
2013-08-14,15.404831886291504,15.582520044629403,15.247230315874866,15.385672803292742,756372400
2013-08-15,15.386592864990234,15.525345568720036,15.113724980397166,15.340549359490822,490294000
2013-08-16,15.523185729980469,15.542036192296818,15.415954952661034,15.455817854673741,362306000
2013-08-19,15.690367698669434,15.875781189923803,15.574792678486043,15.5852988983702,510518400
2013-08-20,15.484247207641602,15.777820602783818,15.476521852563794,15.751244787185028,358688400
2013-08-21,15.524110794067383,15.672131954927188,15.488263234305581,15.562120330869279,335879600
2013-08-22,15.54265308380127,15.62392692784243,15.39555775736776,15.605076465944242,244207600
2013-08-23,15.482701301574707,15.554703387874875,15.431094415203427,15.552231142406882,222731600
2013-08-26,15.542957305908203,15.766381897798723,15.466627983229378,15.474353335866342,330965600
2013-08-27,15.098588943481445,15.528751543898208,15.02782295675123,15.38937989779219,424188800
2013-08-28,15.169974327087402,15.321396941113393,15.018553363426136,15.018553363426136,307608000
2013-08-29,15.194695472717285,15.343026940744307,15.177081131518634,15.19315073146722,239657600
2013-08-30,15.056257247924805,15.233326564526529,15.034007026317918,15.203969871013452,272297200
2013-09-03,15.098276138305664,15.469721961448,15.060266600107196,15.237954713505498,331928800
2013-09-04,15.410697937011719,15.520402594529754,15.336223603445326,15.437584019716372,345032800
2013-09-05,15.305009841918945,15.472193360114801,15.254639083892316,15.458904629613494,236367600
2013-09-06,15.39617919921875,15.432025119406072,15.140616932513085,15.402978701574725,359525600
2013-09-09,15.641854286193848,15.695933441270292,15.558727059568927,15.60569809327958,340687200
2013-09-10,15.285543441772461,15.681403072314634,15.12670580062088,15.642774650503467,743195600
2013-09-11,14.453344345092773,14.638138916366723,14.363726272634318,14.431711372204381,898696400
2013-09-12,14.6072359085083,14.690980325946743,14.400806736452687,14.477754955183693,404051200
2013-09-13,14.366510391235352,14.58066333836584,14.360331426569108,14.503716744188761,298835600
2013-09-16,13.909774780273438,14.264842477772476,13.820158330707354,14.245993663376899,543706800
2013-09-17,14.070465087890625,14.206126687432537,13.82880883827658,13.84302342638201,399380800
2013-09-18,14.35971736907959,14.411324284168375,14.235489440730435,14.313363565942439,456862000
2013-09-19,14.595182418823242,14.70426816797892,14.500930139869558,14.54573916851378,404541200
2013-09-20,14.444077491760254,14.788328710569713,14.400504563498693,14.771333255102796,699302800
2013-09-23,15.16193675994873,15.355694484041784,14.913481010680716,15.33066340816366,762106800
2013-09-24,15.114349365234375,15.311196604070084,15.074795076630933,15.292965026225454,364344400
2013-09-25,14.880419731140137,15.13103752118129,14.87733024832117,15.117441816340131,316957200
2013-09-26,15.025345802307129,15.0976565067485,14.953652334051108,15.01854795244763,237221600
2013-09-27,14.918119430541992,14.97745168889903,14.855387421073289,14.9499483625515,228040400
2013-09-30,14.732705116271973,14.884434679848596,14.660392744129384,14.748155828979636,260156400
2013-10-01,15.079119682312012,15.11558448594774,14.7830739975062,14.78523762536619,353883600
2013-10-02,15.128567695617676,15.197788955559643,14.94902613569524,15.007122285052155,289184000
2013-10-03,14.93851375579834,15.214781475720313,14.85600543198456,15.157919816547613,322753200
2013-10-04,14.92676830291748,14.975284058606373,14.789870594498469,14.952416612580409,258868400
2013-10-07,15.072627067565918,15.224047976503941,14.998461353922693,15.035853654018702,312292400
2013-10-08,14.862187385559082,15.161939819595776,14.849826154190929,15.140306839519175,290917200
2013-10-09,15.03678035736084,15.073862391094258,14.779982033850516,14.976520608475342,301725200
2013-10-10,15.13103199005127,15.215703922789238,15.050685661751587,15.182949145495593,278602800
2013-10-11,15.228995323181152,15.26082425176311,14.992592169760778,15.049143557647811,267738800
2013-10-14,15.32880973815918,15.376399648299337,15.122073530865276,15.136907006809919,261898000
2013-10-15,15.410394668579102,15.51299124323005,15.312744237064736,15.374238477776203,320073600
2013-10-16,15.485481262207031,15.529362791523216,15.427385147460768,15.47559228091166,251101200
2013-10-17,15.590243339538574,15.598896200153364,15.441294650580723,15.450564747485792,253593200
2013-10-18,15.725906372070312,15.737340097758034,15.627637064571799,15.636289925972019,290542000
2013-10-21,16.111263275146484,16.202115863357697,15.807183540761082,15.814908898897626,398106800
2013-10-22,16.065217971801758,16.33036064488157,15.699333724746719,16.26732000658817,534063600
2013-10-23,16.222509384155273,16.244450983329276,16.03833032990784,16.03833032990784,313723200
2013-10-24,16.437274932861328,16.45458065083963,16.144939337937714,16.223739272737458,384764800
2013-10-25,16.253414154052734,16.47807337792363,16.22714694617238,16.419049727343516,337792000
2013-10-28,16.374549865722656,16.40916131631214,16.16843085473312,16.348591277780542,550440800
2013-10-29,15.966638565063477,16.664105883443074,15.900508442901243,16.572017171525665,635807200
2013-10-30,16.22065544128418,16.301619031624313,15.97714413314511,16.057181868901264,354163600
2013-10-31,16.152664184570312,16.30068700175435,16.108474032237083,16.22374042039849,275696400
2013-11-01,16.070158004760742,16.21756195489057,15.940677012425825,16.193458382275963,274890000
2013-11-04,16.277816772460938,16.27998039958244,16.03245221484496,16.103218170102576,244627600
2013-11-05,16.237646102905273,16.3439510114814,16.16193564568499,16.210761670248743,265213200
2013-11-06,16.191648483276367,16.3141149972181,16.10710301365161,16.29204529470566,223375600
2013-11-07,15.929611206054688,16.262197058822455,15.926193267362235,16.149989401748005,262620400
2013-11-08,16.180463790893555,16.198180978789296,15.932733580491517,15.994588528057442,279316800
2013-11-11,16.13352394104004,16.214960232150105,15.989299801364046,16.162741605026103,227452400
2013-11-12,16.163360595703125,16.284894165896013,16.069801343252855,16.090626041572413,204276800
2013-11-13,16.182636260986328,16.232990711631185,16.068561036870985,16.100887883704836,197220800
2013-11-14,16.416690826416016,16.45150269622641,16.22117929131857,16.250396959552454,282419200
2013-11-15,16.318151473999023,16.445589657552006,16.302610556004716,16.367572987620743,317920400
2013-11-18,16.120466232299805,16.38653601877475,16.10710157197457,16.318153977110637,244944000
2013-11-19,16.149059295654297,16.26810617085317,16.099948205885646,16.132895879021632,208938800
2013-11-20,16.007640838623047,16.176110973335213,15.986816131860039,16.13912118132245,193916800
2013-11-21,16.198484420776367,16.200660680808713,15.966296897325101,16.08845131914082,262026800
2013-11-22,16.156829833984375,16.230185219065177,16.117355042012857,16.14812645575449,223725600
2013-11-25,16.279298782348633,16.345504558942014,16.194132486730865,16.19475332669892,229311600
2013-11-26,16.579561233520508,16.6647292062268,16.287384589930397,16.291112950486635,401382800
2013-11-27,16.96996307373047,16.97120641401282,16.579562525073914,16.67001428561472,363448400
2013-11-29,17.284208297729492,17.354454522272153,17.02746438112646,17.079372584483245,318127600
2013-12-02,17.13376235961914,17.5409453245503,17.12101854259456,17.344192210488103,472544800
2013-12-03,17.60280418395996,17.604670023943424,17.334249386340566,17.35352032616974,450968000
2013-12-04,17.561779022216797,17.69201600626086,17.43185245823004,17.577319945085925,377809600
2013-12-05,17.65191650390625,17.876956077469707,17.60560416111494,17.79956023280495,447580000
2013-12-06,17.406986236572266,17.61617450219753,17.39300073352194,17.586334335689205,344352400
2013-12-09,17.60622215270996,17.70413226277065,17.434334150159117,17.434334150159117,320493600
2013-12-10,17.57886505126953,17.65128916898581,17.44365477287153,17.517632650109743,278269600
2013-12-11,17.44863510131836,17.747342168731684,17.396728556554724,17.623942737406914,359718800
2013-12-12,17.423145294189453,17.572342769344317,17.40729395470422,17.47287889257437,262290000
2013-12-13,17.233230590820312,17.495880776167134,17.209608790339438,17.494947856148144,332822000
2013-12-16,17.32865333557129,17.488420032395727,17.251259157109597,17.251569577103425,282592800
2013-12-17,17.250638961791992,17.388956817521894,17.200594936100842,17.276126604690518,229902400
2013-12-18,17.11946678161621,17.14060356119842,16.747406008970373,17.086208682273593,565863200
2013-12-19,16.923336029052734,17.095534481558598,16.900645487404837,17.079993560429944,320308800
2013-12-20,17.06507110595703,17.14557612060715,16.93452373463243,16.95348425337243,436413600
2013-12-23,17.719985961914062,17.73956732070063,17.492149316032823,17.65502186593981,501306400
2013-12-24,17.644763946533203,17.77562172032817,17.59378701674163,17.713766812714976,167554800
2013-12-26,17.527584075927734,17.7016483491343,17.511420656558567,17.65813145083269,204008000
2013-12-27,17.409154891967773,17.543432262596298,17.39081687597898,17.52509424660751,225884400
2013-12-30,17.236032485961914,17.409163897651748,17.167650425545876,17.32741717324558,253629600
2013-12-31,17.438068389892578,17.44614927102787,17.219866339237143,17.225151779979697,223084400
2014-01-02,17.192819595336914,17.3140427347157,17.15831816120594,17.272081261853746,234684800
2014-01-03,16.815166473388672,17.210538608309623,16.798070134473118,17.184430129965723,392467600
2014-01-06,16.90686798095703,16.996074758002152,16.585782347619002,16.70545179731443,412610800
2014-01-07,16.785945892333984,16.969955188620773,16.72005054798807,16.918979920730447,317209200
2014-01-08,16.89225196838379,16.957524824552113,16.74398741708728,16.747715776868414,258529600
2014-01-09,16.67654800415039,16.99794412427728,16.640180701505205,16.996078283115455,279148800
2014-01-10,16.565256118774414,16.809566544129616,16.508374576153578,16.7794159733416,304976000
2014-01-13,16.651979446411133,16.86240930276838,16.470144744123303,16.47107766392982,378492800
2014-01-14,16.983322143554688,16.99388970144131,16.711968637821887,16.72937539434076,332561600
2014-01-15,17.324304580688477,17.412580069660013,17.147132762682308,17.204947248558057,391638800
2014-01-16,17.227632522583008,17.308447946082683,17.147748358893196,17.247836378457926,229278000
2014-01-17,16.80553436279297,17.159878028636868,16.78160047834559,17.14154000522931,426739600
2014-01-21,17.066625595092773,17.097707431332154,16.797758747623227,16.81547592547961,328526800
2014-01-22,17.14246940612793,17.322126222628878,17.02746294836783,17.123819306491164,379985200
2014-01-23,17.28761863708496,17.29756535335491,16.934208089615105,17.09366264981911,403239200
2014-01-24,16.973377227783203,17.270216739937663,16.932347011632114,17.21986230466125,429354800
2014-01-27,17.111074447631836,17.24473100987856,16.963432385150018,17.09770978740718,554878800
2014-01-28,15.743433952331543,16.0076362422719,15.605735287150763,15.813680174974488,1065523200
2014-01-29,15.56470775604248,15.770476397406894,15.498501969168508,15.664173306369724,502810000
2014-01-30,15.534553527832031,15.74343130050748,15.438819680355548,15.620342316609486,678501600
2014-01-31,15.560042381286621,15.588949619765627,15.340909112816625,15.391573970150823,464797200
2014-02-03,15.588949203491211,15.781663568205191,15.519635908989112,15.62251938082844,401464000
2014-02-04,15.814608573913574,15.835434930929353,15.627179660770397,15.723225587007908,376681200
2014-02-05,15.932723045349121,16.016335567324592,15.735657847830883,15.745294145753567,328344800
2014-02-06,16.025602340698242,16.056559636324042,15.878637848366587,15.948993972112978,257765200
2014-02-07,16.24979019165039,16.35141415951248,16.17787271897027,16.302947600983824,370280400
2014-02-10,16.54090690612793,16.634713921975084,16.197262352738903,16.217899428643044,345559200
2014-02-11,16.758846282958984,16.814815857343078,16.55684748666322,16.59155710605615,282256800
2014-02-12,16.757598876953125,16.87141840791031,16.673799794190096,16.78980694194287,308100800
2014-02-13,17.023700714111328,17.036833096534714,16.70381932418924,16.718202489221365,307398000
2014-02-14,17.00993537902832,17.0721622127994,16.923010188402603,16.962407323961397,272924400
2014-02-18,17.072473526000977,17.23507019780318,17.06059026045367,17.0727858040585,260251600
2014-02-19,16.802934646606445,17.100614101745315,16.708503104520297,17.03369809546863,313768000
2014-02-20,16.608448028564453,16.791371214417605,16.541219720691675,16.66598235444107,305858000
2014-02-21,16.4239559173584,16.715381460168466,16.403631126187875,16.659722492974847,278784800
2014-02-24,16.495874404907227,16.56998282973032,16.335467021636077,16.35829337836479,288909600
2014-02-25,16.3242130279541,16.559041157914045,16.291068129799168,16.553101194051838,231952000
2014-02-26,16.176931381225586,16.41613801138972,16.12221092118762,16.37267458934968,276217200
2014-02-27,16.4996337890625,16.5343417525267,16.136288971388286,16.170372378543036,301882000
2014-02-28,16.454917907714844,16.65847815580204,16.32608898740561,16.543720120341348,371968800
2014-03-03,16.5024471282959,16.592814077753967,16.3476657141624,16.366739730067895,238781200
2014-03-04,16.61126136779785,16.655038754588503,16.502758910069996,16.60375834285601,259140000
2014-03-05,16.646284103393555,16.721015437877575,16.545284665594888,16.60125760182504,200062800
2014-03-06,16.5959415435791,16.711324152731834,16.51307928251217,16.659729787195275,185488800
2014-03-07,16.586246490478516,16.634400778373802,16.44897604314599,16.60657128719004,220729600
2014-03-10,16.601259231567383,16.676616799688464,16.52058458466915,16.521210810969855,178584000
2014-03-11,16.76291847229004,16.8457807413845,16.653477487457817,16.742907618389214,279224400
2014-03-12,16.779178619384766,16.802317265064353,16.635029666219204,16.713515030559197,199326400
2014-03-13,16.59281349182129,16.874545146676073,16.546222262179253,16.80512922431908,257742800
2014-03-14,16.406452178955078,16.6003184556304,16.35360703609088,16.53465320969246,237199200
2014-03-17,16.470548629760742,16.571546368793996,16.442719143633276,16.500567402195625,199544800
2014-03-18,16.616260528564453,16.634083757159043,16.42239430032465,16.444282153523314,209647200
2014-03-19,16.611888885498047,16.767607141489727,16.5412205048673,16.64315844992242,224756000
2014-03-20,16.53183937072754,16.655977445813168,16.489626714015344,16.56904889746467,208398400
2014-03-21,16.662227630615234,16.68974484207982,16.4577305629171,16.632835080609887,374046400
2014-03-24,16.859851837158203,16.90081371588265,16.730710617891305,16.835774688988725,355700800
2014-03-25,17.041202545166016,17.06496740433491,16.872350306732702,16.93207556765432,282293200
2014-03-26,16.8782958984375,17.16659538647336,16.849529574210315,17.08904855040359,299768000
2014-03-27,16.805749893188477,16.932077223822464,16.73258164033674,16.88579828301954,222031600
2014-03-28,16.7869930267334,16.852032049211964,16.705381552998578,16.832645754710367,200564000
2014-03-31,16.783241271972656,16.910505465517314,16.75791167458015,16.861100393071556,168669200
2014-04-01,16.936763763427734,16.943643899334166,16.78417170066411,16.815127302435357,200760000
2014-04-02,16.96491050720215,16.9939907795014,16.893305304726013,16.959595099672086,180420800
2014-04-03,16.847339630126953,16.963346766631524,16.811380891278088,16.928638810088785,162344000
2014-04-04,16.629398345947266,16.885177540841322,16.59062575559131,16.879237575990942,275251200
2014-04-07,16.368305206298828,16.60063350085774,16.318901794477497,16.510578816254952,289850400
2014-04-08,16.367366790771484,16.45116755377011,16.219151559813312,16.422087276243147,243888400
2014-04-09,16.582490921020508,16.5878063277547,16.322959465730715,16.342345754382055,206169600
2014-04-10,16.368610382080078,16.64252496725975,16.35891640385108,16.5937444680268,239652000
2014-04-11,16.247602462768555,16.348287925785595,16.170367913740673,16.228526781610814,271717600
2014-04-14,16.31233787536621,16.327345599943467,16.17256581134131,16.31921634621674,205674000
2014-04-15,16.196012496948242,16.311081151553697,15.988699881829971,16.268243936682147,266490000
2014-04-16,16.22884750366211,16.29388653580426,16.076567628395452,16.198828718087167,214765600
2014-04-17,16.414264678955078,16.502443994716234,16.23478159663758,16.259797242234544,284334400
2014-04-21,16.609071731567383,16.63940111559274,16.38362197436313,16.426773129699285,182548800
2014-04-22,16.62565040588379,16.62971503248672,16.46305198227074,16.519647816370956,202563200
2014-04-23,16.40833282470703,16.60782852209447,16.398951118003513,16.543101759576057,394940000
2014-04-24,17.753517150878906,17.823247037971402,17.533384392798155,17.76727576137213,759911600
2014-04-25,17.88390350341797,17.885464893967416,17.634378264188506,17.652199825625623,390275200
2014-04-28,18.57651138305664,18.628418026249868,17.90297914402445,17.910797787766388,669485600
2014-04-29,18.52147674560547,18.635608569760223,18.43329907773154,18.565566414510783,337377600
2014-04-30,18.451435089111328,18.743486987601596,18.442367332553978,18.531171229092994,456640800
2014-05-01,18.494895935058594,18.59870752922276,18.3347991356937,18.51115443551355,244048000
2014-05-02,18.529294967651367,18.579952501033233,18.439554232974984,18.52179194152693,191514400
2014-05-05,18.791318893432617,18.79257134543311,18.44861295744194,18.45299152963566,287067200
2014-05-06,18.586517333984375,18.899204630662652,18.586517333984375,18.817593154383104,374564400
2014-05-07,18.52147674560547,18.676570447215664,18.37764008732876,18.61278220492927,282864400
2014-05-08,18.488460540771484,18.69032819546097,18.438465500214676,18.49663519673785,230297200
2014-05-09,18.41143226623535,18.43375640825335,18.247609940471268,18.379988038817945,291597600
2014-05-12,18.64063835144043,18.666735777122952,18.469899289843976,18.47273052719683,213208800
2014-05-13,18.66988182067871,18.694407459465296,18.573666757349976,18.614541702485496,159737200
2014-05-14,18.67334747314453,18.784343448875013,18.60637339677219,18.628069484497054,166404000
2014-05-15,18.514554977416992,18.759185044007324,18.490029334229998,18.699443566292807,230846000
2014-05-16,18.78780174255371,18.788429787165295,18.40702030966649,18.50858217626709,276256400
2014-05-19,19.01042366027832,19.096578291492957,18.782142854860744,18.798493846852498,317755200
2014-05-20,19.014196395874023,19.06733501917376,18.889050941355325,19.00790755298888,234836000
2014-05-21,19.06450843811035,19.076770424204216,18.93087428426709,18.98652845341565,196859600
2014-05-22,19.094694137573242,19.175819387777153,18.99501973577023,19.07362776904068,200760000
2014-05-23,19.310396194458008,19.329262725903188,19.069539353765315,19.094065005012034,232209600
2014-05-27,19.6719913482666,19.679222257070705,19.357555967418175,19.365416600049855,348866000
2014-05-28,19.621047973632812,19.80404903360229,19.61381538725873,19.684248721432912,315481600
2014-05-29,19.978559494018555,20.025410935244825,19.739274574086796,19.741790110250125,376474000
2014-05-30,19.903730392456055,20.254953411602095,19.774811646835097,20.060318364368147,564020800
2014-06-02,19.76695442199707,19.961275480441625,19.57357710985686,19.933920271726805,369350800
2014-06-03,20.046480178833008,20.084213226718376,19.754370636656436,19.760973500220533,292709200
2014-06-04,20.27539825439453,20.371930753348387,20.00152538691809,20.04334578100258,335482000
2014-06-05,20.354949951171875,20.418466437655365,20.205908542506595,20.318790356643298,303805600
2014-06-06,20.298978805541992,20.477894311881503,20.26439268367151,20.435130174206535,349938400
2014-06-09,20.6237850189209,20.663403884643337,20.194582039647447,20.40368058252147,301660000
2014-06-10,20.744844436645508,20.92092866855593,20.595173343300754,20.850495311644497,251108000
2014-06-11,20.65900993347168,20.857104333028094,20.5731693068746,20.71843741370651,182724000
2014-06-12,20.313440322875977,20.716231877942793,20.22759971989632,20.69862311854601,218996000
2014-06-13,20.091129302978516,20.3464512122581,20.00308720739027,20.293624947347173,218100000
2014-06-16,20.293630599975586,20.41468872503711,20.12855225449011,20.14175966402831,142244000
2014-06-17,20.26721954345703,20.40368323704997,20.205590561929405,20.31784263002738,118904000
2014-06-18,20.289228439331055,20.3134400633764,20.106541341266617,20.30903703395159,134056000
2014-06-19,20.21879768371582,20.315644192359667,20.1043424136342,20.313442677363962,142112000
2014-06-20,20.00969123840332,20.37066230974992,20.00748972427249,20.216588226593576,403592000
2014-06-23,19.992088317871094,20.165971041156716,19.941463553668445,20.099939032068697,174776000
2014-06-24,19.87102508544922,20.192377309912718,19.85121649537386,19.97447442276717,156144000
2014-06-25,19.88863182067871,19.96346650349202,19.732357913101094,19.85561582797625,147476000
2014-06-26,20.00749969482422,20.04051570618689,19.76538507693811,19.89084457670499,130516000
2014-06-27,20.24520492553711,20.24960627498185,19.978877104386076,19.989882996893066,256116000
2014-06-30,20.45431137084961,20.630395643576907,20.269422716559543,20.271624231766257,197929200
2014-07-01,20.584171295166016,20.705229437131702,20.498330677868164,20.584171295166016,152892000
2014-07-02,20.575366973876953,20.70302629259042,20.489524684071327,20.661207584418708,113860000
2014-07-03,20.696422576904297,20.71182982228496,20.51373546791654,20.617184835156927,91567200
2014-07-07,21.123424530029297,21.127825880193875,20.71182860019772,20.720632979790572,225872000
2014-07-08,20.986957550048828,21.306109988488537,20.672208140698533,21.189453227309045,260888000
2014-07-09,20.99576759338379,21.11902557292386,20.85710236640121,21.00677348981302,145744000
2014-07-10,20.91872787475586,21.03098161844881,20.58416815844927,20.6369944374011,158744000
2014-07-11,20.958343505859375,21.105813066802835,20.879105778939177,20.989157990854622,136072000
2014-07-14,21.229074478149414,21.325920977835604,21.05299191784988,21.0992136529009,171240000
2014-07-15,20.98035430908203,21.31711382004387,20.91652382253984,21.306109606045,181911600
2014-07-16,20.861499786376953,21.372142050159532,20.852695406745426,21.343529075804852,213585200
2014-07-17,20.489524841308594,20.971554180560545,20.37507125279589,20.916528061623616,229192000
2014-07-18,20.78445816040039,20.85268998572704,20.474110156308335,20.606174137185203,199952000
2014-07-21,20.676605224609375,20.909915321357172,20.628181994130454,20.907713807445468,156316000
2014-07-22,20.848295211791992,20.88571256785154,20.71623286852877,20.839490831672606,220788000
2014-07-23,21.391950607299805,21.543821525779784,20.94733870754118,21.00236481637423,371672000
2014-07-24,21.35672950744629,21.42055998449202,21.222465690085148,21.35893102162395,182916000
2014-07-25,21.497600555419922,21.53501790772516,21.27089324769997,21.317114979241197,173876000
2014-07-28,21.79473876953125,21.843162010257934,21.471186685087716,21.530614139175544,221272000
2014-07-29,21.653879165649414,21.887191067422844,21.625266186426334,21.862979439132545,172572000
2014-07-30,21.60325813293457,21.72431460666385,21.49760722857083,21.66708864276164,132040000
2014-07-31,21.0419864654541,21.449179388831652,20.982558998928994,21.38535057189364,227372000
2014-08-01,21.15863800048828,21.266490378979228,20.868100223503713,20.887910495185864,194044000
2014-08-04,21.03978729248047,21.257691945608933,20.947343810145718,21.211470204441557,159832000
2014-08-05,20.93633460998535,21.0595925570938,20.76905476800704,20.989159204565603,223732000
2014-08-06,20.9011173248291,21.0155725734907,20.846091215081998,20.854895594153167,154232000
2014-08-07,20.898906707763672,21.22406820050524,20.81484990937015,20.99844569914752,186844000
2014-08-08,20.956418991088867,20.974115338243607,20.63346824978939,20.850244283393547,167460000
2014-08-11,21.232919692993164,21.252828506952394,20.978540168154957,21.073655931786053,146340000
2014-08-12,21.228492736816406,21.429783180968776,21.148860870140457,21.243976617135818,135180000
2014-08-13,21.509414672851562,21.509414672851562,21.24397624696782,21.268308299562403,127664000
2014-08-14,21.566930770874023,21.582414653666394,21.41209194295031,21.529327296609214,112464000
2014-08-15,21.673099517822266,21.719551149793,21.425355793028967,21.655403175847873,195804000
2014-08-18,21.934118270874023,21.98056991050177,21.673103090382625,21.785913491928728,190288000
2014-08-19,22.237163543701172,22.270343773515926,21.969512615064254,21.98942142799974,277596000
2014-08-20,22.246007919311523,22.361030783732055,22.108863780380315,22.21725262511047,210796000
2014-08-21,22.24822235107422,22.32785422102663,22.1442584271021,22.246009885904304,133912000
2014-08-22,22.411909103393555,22.445089330135502,22.161954545488225,22.184074134110713,176736000
2014-08-25,22.4605770111084,22.59993196186276,22.4030647208661,22.515876835829186,161080000
2014-08-26,22.316791534423828,22.451723207924104,22.3101558271396,22.434026863421966,132608000
2014-08-27,22.591081619262695,22.688409841467763,22.27476658471279,22.345550286057414,209476000
2014-08-28,22.617624282836914,22.734859620347905,22.464996253751664,22.471631961517733,273840000
2014-08-29,22.67291831970215,22.761398338472965,22.606557883720036,22.752550167834283,178380000
2014-09-02,22.849885940551758,22.947212474645514,22.721589955136633,22.796796899100745,214256000
2014-09-03,21.88545036315918,22.82775778206087,21.805818512601846,22.805638198598512,501684000
2014-09-04,21.704069137573242,22.139830204730643,21.631072986368117,21.865543631021445,342872000
2014-09-05,21.89208984375,21.984993122878564,21.746097530019686,21.85448637661934,233828000
2014-09-08,21.757158279418945,21.967296891045745,21.68858705222593,21.96508611363821,185426800
2014-09-09,21.675317764282227,22.801223018058693,21.266099418898037,21.916425865826227,759385200
2014-09-10,22.34112548828125,22.365457542139186,21.624440351090772,21.679740166655822,403478400
2014-09-11,22.436241149902344,22.438453615048807,22.035871026830662,22.210618645839695,249412400
2014-09-12,22.487125396728516,22.604360775253333,22.35882937631316,22.387584682564736,250504400
2014-09-15,22.48047637939453,22.794580557992337,22.43844967469054,22.741491529498653,245266000
2014-09-16,22.310165405273438,22.398645478153828,21.87440243862156,22.07569464661487,267632400
2014-09-17,22.46942710876465,22.51809122870284,22.25043856904279,22.400854172662257,243706000
2014-09-18,22.51587677001953,22.63974783699469,22.465000188873756,22.54684453676332,149197600
2014-09-19,22.332275390625,22.63974220365911,22.230523941268473,22.626470789104523,283609600
2014-09-22,22.35439109802246,22.593286644244685,22.248216424778807,22.518079724665096,211153600
2014-09-23,22.703887939453125,22.77024838089025,22.23936991224164,22.25264132548261,253608800
2014-09-24,22.50702667236328,22.75034554210876,22.385366393682258,22.597719186946694,240687200
2014-09-25,21.648775100708008,22.276980273696783,21.615594869714002,22.232741090782543,400368000
2014-09-26,22.285825729370117,22.285825729370117,21.766007799260457,21.794763095885465,249482000
2014-09-29,22.144256591796875,22.21725274780611,21.81688096605675,21.821305896029845,199065200
2014-09-30,22.285825729370117,22.460573349513894,22.23716162153053,22.299097145102206,221056400
2014-10-01,21.938539505004883,22.272550811885317,21.832363132992175,22.250429538987877,205965200
2014-10-02,22.09781265258789,22.168596368274613,21.68638177777854,21.95845599935501,191031200
2014-10-03,22.035865783691406,22.16637250680102,21.907569837585797,21.99604985861091,173878400
2014-10-06,22.035865783691406,22.26370069869025,21.991624929370833,22.108860239992293,148204800
2014-10-07,21.843429565429688,22.14647319580346,21.839006322246235,21.993845147916552,168376800
2014-10-08,22.296886444091797,22.36545767576489,21.746099062689275,21.845639743870954,229618800
2014-10-09,22.34554672241211,22.646377827054653,22.25485591059785,22.46057127351347,309506000
2014-10-10,22.281404495239258,22.568962550260824,22.18628873614663,22.272556321414758,265326400
2014-10-13,22.07789421081543,22.513656956128873,22.07789421081543,22.41411797945824,214333600
2014-10-14,21.843429565429688,22.234951560405566,21.80361362631209,22.206196260671543,254754400
2014-10-15,21.57577896118164,21.931909953290162,21.05374850148033,21.670894723439506,403734400
2014-10-16,21.29264259338379,21.615593330994912,21.104623547957548,21.135591311316386,288618000
2014-10-17,21.604536056518555,21.898731541856375,21.414304516196115,21.566932579100975,272718800
2014-10-20,22.066844940185547,22.111084129749155,21.726197780171667,21.74831737495347,310069200
2014-10-21,22.66628646850586,22.78794503834234,22.400846367049738,22.78794503834234,378495600
2014-10-22,22.78131103515625,23.02905481085634,22.695043459824763,22.748130809040354,273052400
2014-10-23,23.18832015991211,23.236984269920015,22.92288002012803,23.022420705403256,284298800
2014-10-24,23.274585723876953,23.334308779772257,23.121957698920856,23.265737551222767,188215600
2014-10-27,23.250255584716797,23.332099922792388,23.159563073258717,23.192743301538904,136750800
2014-10-28,23.610809326171875,23.610809326171875,23.3033424795417,23.31440311795662,192243600
2014-10-29,23.743534088134766,23.750171485302026,23.52675970061006,23.590907705625256,210751600
2014-10-30,23.663896560668945,23.745739203278195,23.42500096510478,23.65947163059386,162619200
2014-10-31,23.889522552490234,23.898370726319964,23.714774916490434,23.89173501785182,178557200
2014-11-03,24.19919776916504,24.39827742742393,23.89173095326043,23.938182592251454,209130400
2014-11-04,24.022241592407227,24.219108817597146,23.82758683256118,24.19035351859316,166297600
2014-11-05,24.079744338989258,24.177072524164615,23.918268185186136,24.132831672895854,149743600
2014-11-06,24.148622512817383,24.16861765441486,23.948681266449277,24.126407007102532,139874000
2014-11-07,24.217491149902344,24.286359721451895,24.1152984745618,24.159729482993576,134766000
2014-11-10,24.177507400512695,24.28858663874539,24.141961230709594,24.219716358485545,108782000
2014-11-11,24.37078094482422,24.381889545142023,24.08197598084015,24.148622497943652,109769200
2014-11-12,24.715126037597656,24.75511462392777,24.29746878754316,24.299689151553352,187769600
2014-11-13,25.063915252685547,25.203874460377488,24.79288168340183,24.837314388574637,238091600
2014-11-14,25.36604881286621,25.36827087167841,24.706238025186497,25.137225908303186,176254400
2014-11-17,25.323841094970703,26.05474259465047,25.17055291790958,25.386045189422692,186986800
2014-11-18,25.652633666992188,25.70150879179799,25.301622947872563,25.312731547122713,176896000
2014-11-19,25.47490882873535,25.71261830032932,25.28163206370791,25.6459717828812,167476800
2014-11-20,25.839248657226562,25.961436482133397,25.514897525123693,25.528228184617273,173582000
2014-11-21,25.874794006347656,26.119167953517504,25.777043749505957,26.10583898937887,228717200
2014-11-24,26.354656219482422,26.385758266776918,25.90811895692522,25.959214451079987,189803200
2014-11-25,26.125825881958008,26.60346675134473,26.092501785036337,26.452398980909255,275361600
2014-11-26,26.43685531616211,26.459070821978717,26.176930338745453,26.201367903624057,163073200
2014-11-28,26.42130470275879,26.52571944614566,26.225805875629508,26.496837762694714,99257600
2014-12-01,25.563777923583984,26.492400499454497,24.719574965543586,26.394650219383454,335256000
2014-12-02,25.466018676757812,25.714836713448708,25.048361463856086,25.21498027625424,237395600
2014-12-03,25.754833221435547,25.848139378306243,25.572663331620728,25.71484462635743,172253600
2014-12-04,25.657079696655273,26.036970454323093,25.612648683277037,25.71928379335861,168178000
2014-12-05,25.548219680786133,25.788151194137754,25.468242509668926,25.76815605389129,153275600
2014-12-08,24.970609664916992,25.470466168327516,24.79732634825752,25.348278345075617,230659600
2014-12-09,25.35272216796875,25.392710755573372,24.29302544391353,24.479639417713226,240832000
2014-12-10,24.870637893676758,25.51489774010257,24.77955381019787,25.417149174287964,178261200
2014-12-11,24.797317504882812,25.2816228121575,24.735111738453234,24.939498723997048,165606800
2014-12-12,24.377445220947266,24.852864124602288,24.344121117527006,24.539619925359908,224112400
2014-12-15,24.04420280456543,24.792875478822168,23.62654395513492,24.59293259291756,268872400
2014-12-16,23.715410232543945,24.47297122309571,23.60655308638596,23.630990647044673,243162800
2014-12-17,24.306350708007812,24.401877190318253,23.730959586018788,23.79760778221132,213647200
2014-12-18,25.026142120361328,25.026142120361328,24.584047413895913,24.85285885325096,236024800
2014-12-19,24.832866668701172,25.157217742212282,24.80620874439849,24.939503450714348,353719200
2014-12-22,25.090576171875,25.2127623038095,24.875082201724876,24.917292850085886,180670000
2014-12-23,25.001705169677734,25.17721049945479,24.98393209186725,25.15499499965868,104113600
2014-12-24,24.883970260620117,25.03948050890489,24.883970260620117,25.010600518490456,57918400
2014-12-26,25.323841094970703,25.441584801602605,24.8839683156691,24.90396176248533,134884000
2014-12-29,25.306062698364258,25.497117352008264,25.259407945512482,25.27940308172524,110395600
2014-12-30,24.997264862060547,25.308286991404348,24.906180790536105,25.246082904522435,119526000
2014-12-31,24.5218448638916,25.132780495832957,24.484078340701245,25.06391193061123,165613600
2015-01-02,24.2885684967041,24.757322667510806,23.84869429608989,24.746214074011096,212818400
2015-01-05,23.60433006286621,24.137510563273064,23.41771781993756,24.05753340346533,257142000
2015-01-06,23.606552124023438,23.86647704595982,23.24443284626176,23.668756205006424,263188400
2015-01-07,23.937572479248047,24.037543101651647,23.70430543372708,23.8153846563686,160423600
2015-01-08,24.85730743408203,24.915069102408545,24.148621476140704,24.26636687175016,237458000
2015-01-09,24.883970260620117,25.159446283982255,24.48408434369557,25.030593966869393,214798000
2015-01-12,24.27080535888672,25.021700145626117,24.170834756205902,25.015035664771943,198603200
2015-01-13,24.486303329467773,25.05947250680508,24.195276317806265,24.75511483629627,268367600
2015-01-14,24.39299201965332,24.546280156950274,24.10418543326274,24.22415116784341,195826400
2015-01-15,23.730966567993164,24.45075950194886,23.695422095851104,24.437430536762403,240056000
2015-01-16,23.546567916870117,23.899800647867,23.371062580642416,23.777612852096432,314053200
2015-01-20,24.153060913085938,24.20860051169221,23.65986900627278,23.95756044123407,199599600
2015-01-21,24.33745765686035,24.672915679210643,24.05309343135395,24.204161237587133,194303600
2015-01-22,24.970609664916992,24.98616068833683,24.375224961946195,24.49519072615685,215185600
2015-01-23,25.099456787109375,25.27051800940202,24.777326090029074,24.948389007255805,185859200
2015-01-26,25.12611961364746,25.40603972695871,25.059473097577246,25.268300881851875,222460000
2015-01-27,24.24637222290039,24.9883823005039,24.221934658687033,24.975051641429268,382274800
2015-01-28,25.617088317871094,26.241354665962845,25.617088317871094,26.132495813648262,585908400
2015-01-29,26.414634704589844,26.47906084545902,25.672624750212208,25.84146561266473,337745600
2015-01-30,26.028079986572266,26.659009053947294,25.959209727294347,26.30355593888149,334982000
2015-02-02,26.354656219482422,26.474621985447392,25.788153190960248,26.225805607091413,250956400
2015-02-03,26.359094619750977,26.456843163643637,26.128049679300354,26.325770520611485,207662800
2015-02-04,26.561260223388672,26.772311739909934,26.283562197650888,26.325772839941987,280598800
2015-02-05,26.750837326049805,26.81551772589778,26.596942522907266,26.768678845410147,168984800
2015-02-06,26.52557945251465,26.81998588228434,26.4185217954967,26.768687031674467,174826400
2015-02-09,26.7017765045166,26.728539641570595,26.414060869820496,26.44082570849816,155559200
2015-02-10,27.214752197265625,27.24374786000545,26.799908323654723,26.802137450309015,248034000
2015-02-11,27.85263442993164,27.861556041891518,27.321811280495048,27.382030034194866,294247200
2015-02-12,28.205034255981445,28.432531137637998,28.006533042518136,28.11581982595189,297898000
2015-02-13,28.34331512451172,28.387921486223178,28.024374703566266,28.387921486223178,217088800
2015-02-17,28.510597229003906,28.74478492883244,28.307634328935983,28.434764356996737,252609600
2015-02-18,28.70909309387207,28.72247466222771,28.4258374184376,28.465983825128166,179566800
2015-02-19,28.64887809753418,28.77823895505859,28.622114955718075,28.655568882988206,149449600
2015-02-20,28.88306427001953,28.88306427001953,28.559663844942996,28.686792165091312,195793600
2015-02-23,29.663686752319336,29.663686752319336,28.918749871709704,28.99904269378574,283896400
2015-02-24,29.47856330871582,29.797505428827776,29.255528098629526,29.65030137339149,276912400
2015-02-25,28.724699020385742,29.351430728053582,28.5819566428779,29.342507415133056,298846800
2015-02-26,29.088247299194336,29.188612447930158,28.238483821586108,28.724698872604694,365150000
2015-02-27,28.651100158691406,29.121704515397834,28.60203214779336,28.99457283173106,248059200
2015-03-02,28.791608810424805,29.057021202929167,28.615412526417927,28.8272952538238,192386800
2015-03-03,28.851831436157227,28.88751788225004,28.568575800571598,28.76261872417201,151265200
2015-03-04,28.6689453125,28.896442186882158,28.61988069571888,28.79384789282073,126665200
2015-03-05,28.193880081176758,28.71578162559271,28.048906862742268,28.677866050476716,226068400
2015-03-06,28.236251831054688,28.854058495568886,28.1604206909755,28.63771411109559,291368400
2015-03-09,28.356693267822266,28.8986705367367,27.89277967490991,28.53958205134802,354114000
2015-03-10,27.770118713378906,28.37454402056517,27.611763894296796,28.19388601740263,275426400
2015-03-11,27.263822555541992,27.8281013430904,27.234828591930793,27.823641387774657,275756000
2015-03-12,27.756731033325195,27.85709789818275,27.127771813054192,27.279435822987377,193450800
2015-03-13,27.564922332763672,27.968617242604044,27.339657983201466,27.745582020097828,207309200
2015-03-16,27.868249893188477,27.868249893188477,27.40433793157187,27.62960227726778,143497200
2015-03-17,28.334392547607422,28.396842132527716,28.024373749879125,28.080132550932753,204092400
2015-03-18,28.65333366394043,28.80722850316116,28.184960063870278,28.32547163340424,261083600
2015-03-19,28.436986923217773,28.82729850843841,28.414683744387002,28.715780912661085,183238000
2015-03-20,28.080137252807617,28.63772365508533,27.91509165050743,28.604269730150317,274780400
2015-03-23,28.3723087310791,28.515051128701085,28.218413892358317,28.352236379049575,150838800
2015-03-24,28.256336212158203,28.557431756059323,28.22734054077781,28.376775450692996,131369200
2015-03-25,27.518081665039062,28.285323278086906,27.518081665039062,28.22287369593157,206620800
2015-03-26,27.70989418029785,27.852636579424896,27.344116569831844,27.379803020425417,190291600
2015-03-27,27.48908805847168,27.812488413804292,27.413256908193112,27.78349445074899,158184800
2015-03-30,28.184959411621094,28.191650195497832,27.65636536425211,27.66751780512906,188398800
2015-03-31,27.75226593017578,28.211717830211086,27.73665353653254,28.122503422982593,168362400
2015-04-01,27.712121963500977,27.90616318862663,27.455631158322962,27.83925195192856,162485600
2015-04-02,27.950769424438477,28.00429739259133,27.698740276996347,27.886089016343043,128880400
2015-04-06,28.403532028198242,28.439218476535938,27.729966481247576,27.761191272731303,148776000
2015-04-07,28.104665756225586,28.575268458173554,28.09797497255016,28.468212516119703,140049200
2015-04-08,28.01322364807129,28.19165250699081,27.872712070268168,28.068982453780674,149316800
2015-04-09,28.22733497619629,28.231796633201682,27.80356944835671,28.06898018497623,129936000
2015-04-10,28.34777069091797,28.372304696547733,27.937386781517116,28.091279896730754,160752000
2015-04-13,28.292016983032227,28.67563953079171,28.23848900731811,28.631029764719884,145460400
2015-04-14,28.169355392456055,28.390159834169868,28.082371772943823,28.32547940142055,102098400
2015-04-15,28.27640151977539,28.354463497065556,28.104665169737025,28.19387958733585,115881600
2015-04-16,28.140350341796875,28.347773142664174,28.126968774522698,28.16488434954854,113476000
2015-04-17,27.823646545410156,28.13366539684033,27.75896612078909,28.002075420338887,207828000
2015-04-20,28.45928955078125,28.57526709942881,27.917313977736786,28.00652839295522,188217200
2015-04-21,28.30539321899414,28.593107080472446,28.25186355495903,28.570805606226017,129740400
2015-04-22,28.68678855895996,28.74254736328277,28.173808580164312,28.32324176735976,150618000
2015-04-23,28.920976638793945,29.08825305419757,28.579733023630347,28.615419475695823,183083600
2015-04-24,29.05702018737793,29.13508385417906,28.82283259022097,29.103859068107898,178103600
2015-04-27,29.58561897277832,29.692678322930522,29.251066160858862,29.5097878188559,387816800
2015-04-28,29.119470596313477,30.007149600056675,28.89866796105314,29.989309781714585,475696000
2015-04-29,28.691253662109375,29.349206951490967,28.615422495902195,29.03026818601784,253544400
2015-04-30,27.912853240966797,28.6912455461602,27.7857232558686,28.6912455461602,332781600
2015-05-01,28.7603816986084,29.02356494334512,27.94630476844285,28.12473186614602,234050400
2015-05-04,28.70462989807129,29.121708041200908,28.60649386439373,28.8830587408262,203953200
2015-05-05,28.057832717895508,28.648874718271387,28.05337106036978,28.581963468375665,197085600
2015-05-06,27.88163185119629,28.269712636977108,27.513623417372457,28.227335402903112,288564000
2015-05-07,28.054086685180664,28.23773942450763,27.776366574993446,27.944341703965602,175763600
2015-05-08,28.58265495300293,28.58265495300293,28.244464472597784,28.37212553081629,222201600
2015-05-11,28.291486740112305,28.569205099876047,28.136949097863642,28.531131153120356,168143200
2015-05-12,28.190702438354492,28.416907681742856,27.95553660896253,28.130230443948047,192640000
2015-05-13,28.22205924987793,28.4863401637973,28.19070403201726,28.253414467738597,138776800
2015-05-14,28.880521774291992,28.880521774291992,28.479622656033424,28.53561436300858,180814000
2015-05-15,28.840211868286133,29.001468271652918,28.71479098065927,28.907402605932774,152832000
2015-05-18,29.158248901367188,29.276951075377166,28.748389097394412,28.752869391922168,203531600
2015-05-19,29.13137435913086,29.312786989104495,29.035066821543506,29.270232734179626,178532800
2015-05-20,29.129127502441406,29.3351765910795,28.967871099600664,29.11569003844849,145819600
2015-05-21,29.427005767822266,29.480759044817898,29.07761801100838,29.131371288004015,158921600
2015-05-22,29.684551239013672,29.780858717612816,29.429229283312292,29.474025366825213,182384000
2015-05-26,29.030580520629883,29.767433333273217,28.91859710134961,29.698004160113488,282790400
2015-05-27,29.57258415222168,29.621857137253844,29.126892265971527,29.191841154897613,183332800
2015-05-28,29.51434898376465,29.552422935284834,29.36205317768391,29.532266740502852,122933200
2015-05-29,29.17840003967285,29.440440835950447,29.093291545724245,29.39116785708155,203538000
2015-06-01,29.236629486083984,29.4270026650907,29.126887922800613,29.178399338575723,128451200
2015-06-02,29.106733322143555,29.26350943361036,28.963394674879204,29.08433527016419,134670400
2015-06-03,29.142568588256836,29.326223065552163,29.093295602517273,29.263512614149683,123934000
2015-06-04,28.97234344482422,29.24558319592613,28.871559075064773,29.021616410922068,153800400
2015-06-05,28.813329696655273,29.0462571005717,28.748380823281174,29.003702858464138,142507200
2015-06-08,28.622968673706055,28.9387628027095,28.40572052119703,28.86933019747864,210699200
2015-06-09,28.537853240966797,28.685672169851138,28.134713969769297,28.37659684899527,224301600
2015-06-10,28.864850997924805,28.967873843270144,28.634163688897942,28.64984130128505,156349200
2015-06-11,28.799888610839844,29.155994985573447,28.77525212732269,28.932028196312768,141563600
2015-06-12,28.481868743896484,28.74167115423187,28.468431277407326,28.710315926602668,147544800
2015-06-15,28.425870895385742,28.49754021576761,28.154871224293956,28.242218155111498,175955600
2015-06-16,28.578166961669922,28.63415866876909,28.302688719631533,28.450505937833068,125976400
2015-06-17,28.510976791381836,28.64087624799022,28.385554210588214,28.605042445428634,131672400
2015-06-18,28.64087677001953,28.737182572460274,28.493059555070516,28.495299701749957,141628800
2015-06-19,28.354202270507812,28.627442095144573,28.30940958494469,28.602805605465427,218867600
2015-06-22,28.580408096313477,28.68119248908319,28.461705946557167,28.553531460833586,136157200
2015-06-23,28.45050811767578,28.580409298194233,28.416912749095985,28.551294223415173,121075600
2015-06-24,28.692384719848633,29.070889130084293,28.47065808302268,28.49081427331097,221123600
2015-06-25,28.555768966674805,28.936511869404658,28.555768966674805,28.860363972351166,127752400
2015-06-26,28.387794494628906,28.665512873567515,28.334042936160746,28.59384355936622,176267200
2015-06-29,27.89059066772461,28.32508688966341,27.879393350820546,28.098879899931916,196645600
2015-06-30,28.092166900634766,28.24670460053645,27.964505842503904,28.12352212833485,177482800
2015-07-01,28.354202270507812,28.430351886442832,28.217582358189432,28.421393007583923,120955200
2015-07-02,28.31836700439453,28.37435871282857,28.168307927155485,28.316126857612392,108844000
2015-07-06,28.219823837280273,28.271336965967965,27.96226161130483,27.98241951687184,112241600
2015-07-07,28.150386810302734,28.2534113302229,27.72036926832292,28.195179485492016,187787200
2015-07-08,27.451616287231445,27.9152275908007,27.444897555238352,27.879393783927053,243046400
2015-07-09,26.891698837280273,27.785326064619287,26.701327362004943,27.73829323252054,314380000
2015-07-10,27.610628128051758,27.738289141701422,27.147016898615483,27.31051342214001,245418000
2015-07-13,28.143672943115234,28.166069284579958,27.843556499547745,28.002572745297982,165762000
2015-07-14,28.132469177246094,28.30268441941036,28.004808172805653,28.228774967173518,127072400
2015-07-15,28.403474807739258,28.477384275626225,28.125756402361706,28.157111623514105,134596800
2015-07-16,28.7819766998291,28.795417580581077,28.522176060091958,28.609522988935005,144889600
2015-07-17,29.030580520629883,29.030580520629883,28.737184508909607,28.909639931490798,184658800
2015-07-20,29.579303741455078,29.780872540979825,29.272466830781838,29.33293883762444,235600800
2015-07-21,29.283658981323242,29.76966652525816,29.187354898095368,29.75399062640201,307025600
2015-07-22,28.045129776000977,28.107840221823945,27.321716084585486,27.321716084585486,461802400
2015-07-23,28.031688690185547,28.463943022870716,28.009290640658186,28.264612684942378,203998000
2015-07-24,27.883872985839844,28.16159140299697,27.749493216811004,28.067525735549932,168649200
2015-07-27,27.49640655517578,27.684539578096555,27.350829484842556,27.568075871352438,177822000
2015-07-28,27.633028030395508,27.751731890613442,27.44713685232689,27.633028030395508,134472400
2015-07-29,27.545679092407227,27.659902650623785,27.384422706391206,27.581514604291346,148046800
2015-07-30,27.406827926635742,27.45162061947957,27.259008964534047,27.395628899058934,134513200
2015-07-31,27.167173385620117,27.46728807590613,27.079826470761883,27.458329198903865,171540000
2015-08-03,26.526634216308594,27.45161669011406,26.320583416018234,27.211972229365205,279904000
2015-08-04,25.675559997558594,26.360898023782894,25.364246207297786,26.298187578080213,496554400
2015-08-05,25.84577178955078,26.302664314819687,25.106680588053468,25.297052046399365,397250400
2015-08-06,25.90201759338379,26.210241653937203,25.67478840803341,26.091002202592456,211612000
2015-08-07,25.989757537841797,26.153994127175643,25.760278086551494,25.77827694607466,154681600
2015-08-10,26.934682846069336,26.99542686441503,26.216994045857348,26.216994045857348,219806400
2015-08-11,25.533050537109375,26.58821021293682,25.497054529831722,26.50496676412921,388331200
2015-08-12,25.926767349243164,25.96726393134656,24.664625876231,25.317070047245263,404870000
2015-08-13,25.906517028808594,26.187742785273155,25.769278722336622,26.106749630094097,194143200
2015-08-14,26.088748931884766,26.167491794854577,25.650037469291767,25.719780902712788,171718000
2015-08-17,26.358728408813477,26.46896842424783,25.9852597819827,26.10674951421202,163538800
2015-08-18,26.210247039794922,26.42172941067276,26.100006996375427,26.194498462163565,138242800
2015-08-19,25.875022888183594,26.214742405614185,25.800778867897705,26.120250952413596,193146000
2015-08-20,25.34406280517578,25.72652910647414,25.114581651224274,25.66578510481969,274006400
2015-08-21,23.793949127197266,25.175329896555905,23.76920112347376,24.844608134492457,513102000
2015-08-24,23.200002670288086,24.477892689076736,20.698217502105816,21.34391251384925,648825200
2015-08-25,23.33948516845703,24.997592680867275,23.28549030921994,24.997592680867275,414406400
2015-08-26,24.678119659423828,24.723115087542965,23.634209935576713,24.0931687950817,387098400
2015-08-27,25.404804229736328,25.476797939729323,24.752360267412996,25.24956881171529,338464400
2015-08-28,25.488052368164062,25.492551224917044,25.09433631834652,25.236073478353163,212657600
2015-08-31,25.368812561035156,25.76702746189481,25.19782682695612,25.20457597022168,224917200
2015-09-01,24.234912872314453,25.170831367111514,24.15391971109108,24.781615852339243,307383600
2015-09-02,25.274314880371094,25.274314880371094,24.552127500351563,24.799607485547245,247555200
2015-09-03,24.831106185913086,25.373308468297505,24.756862185690675,25.308063896871648,212935600
2015-09-04,24.583629608154297,24.849106786987825,24.41264558660887,24.516136457480822,199985200
2015-09-08,25.267576217651367,25.323821380074396,24.819865205374594,25.14158760309295,219374400
2015-09-09,24.7816162109375,25.652290131988792,24.69612247481686,25.593796405287875,340043200
2015-09-10,25.32606315612793,25.485799157752652,24.72536543527181,24.808607149145427,251571200
2015-09-11,25.695035934448242,25.695035934448242,25.143834112112092,25.150583255954153,199662000
2015-09-14,25.942514419555664,26.297984206676528,25.841273828404,26.228240764614974,233453600
2015-09-15,26.16074562072754,26.216990774441335,25.742281539779604,26.082002748821395,173364800
2015-09-16,26.18998908996582,26.21923594626371,25.97175766149506,26.153991374707925,148694000
2015-09-17,25.629791259765625,26.207991371903283,25.584795823332808,26.021258765887808,256450400
2015-09-18,25.524049758911133,25.71528465238944,25.16858169626885,25.24507428048749,297141200
2015-09-21,25.920015335083008,25.956013055840767,25.571296426687674,25.573544996885683,200888000
2015-09-22,25.512798309326172,25.688282888426293,25.314814298882453,25.508297736471206,201384800
2015-09-23,25.719785690307617,25.809778286081457,25.49030620172703,25.5645485055094,143026800
2015-09-24,25.87276840209961,25.98525869950004,25.28107005570099,25.479052361198093,200878000
2015-09-25,25.807525634765625,26.25298799897815,25.65228846418968,26.196742846330732,224607600
2015-09-28,25.29682159423828,25.776029699414288,25.29682159423828,25.614043377533406,208436000
2015-09-29,24.536388397216797,25.53755328929948,24.266412311973202,25.384566383270485,293461600
2015-09-30,24.815364837646484,25.09434034567892,24.462145307781423,24.786116256427917,265892000
2015-10-01,24.65337562561035,24.662375055975247,24.14266868031388,24.5386350340402,255716400
2015-10-02,24.833356857299805,24.975095727258328,24.196663093369313,24.300153958589345,232079200
2015-10-05,24.923349380493164,25.056088820595715,24.538632779190944,24.72086650705366,208258800
2015-10-06,25.04259490966797,25.139336655151183,24.696124512273805,24.889608003240234,192787200
2015-10-07,24.923349380493164,25.146079683043784,24.615127072030614,25.139330540006746,187062400
2015-10-08,24.6353759765625,24.790613141574273,24.345150793328475,24.790613141574273,247918400
2015-10-09,25.224822998046875,25.260818997928748,24.63312297996097,24.747863555236524,211064400
2015-10-12,25.10783576965332,25.36656381482721,25.071839764562586,25.36206495786556,121868800
2015-10-13,25.15057945251465,25.299065743982542,24.900850869328735,24.932348013472396,132197200
2015-10-14,24.79511070251465,25.089834727151104,24.64887297522261,25.038090152495354,177849600
2015-10-15,25.166324615478516,25.22031946720111,24.858100642150646,24.957092634029895,150694000
2015-10-16,24.98184585571289,25.197827024230406,24.86710526990286,25.148331017941146,156930400
2015-10-19,25.1370792388916,25.141578094938946,24.772610106299137,24.927847245147582,119036800
2015-10-20,25.596040725708008,25.686033304145568,24.932348678104145,25.049337828547003,195871200
2015-10-21,25.59379768371582,26.003262373405033,25.580297678331625,25.647792555854497,167180800
2015-10-22,25.985261917114258,25.985261917114258,25.670288702098475,25.722035000555053,166616400
2015-10-23,26.79068946838379,26.824436900679824,26.171992836664035,26.25523455766646,237467600
2015-10-26,25.935760498046875,26.576954795646735,25.85476735345894,26.565706796738482,265335200
2015-10-27,25.771528244018555,26.219239154410243,25.645537941665477,25.962761409444894,279537600
2015-10-28,26.83343505859375,26.840185918337394,26.111247547939957,26.306981285328003,342205600
2015-10-29,27.116907119750977,27.15290483391494,26.608450564210656,26.70519227544445,204909200
2015-10-30,26.88518714904785,27.272154134112238,26.873937430181474,27.220407830379447,197461200
2015-11-02,27.26314926147461,27.303645838259225,26.90992978703437,27.177657251136313,128813200
2015-11-03,27.575868606567383,27.782850320594342,27.15515431953093,27.175403463547447,182076000
2015-11-04,27.447635650634766,27.85710031053478,27.36214363292937,27.70186313340554,179544400
2015-11-05,27.321102142333984,27.72102331544472,27.153904346044666,27.531229778083773,158210800
2015-11-06,27.352737426757812,27.52219516245733,27.25332339400709,27.364035298663072,132169200
2015-11-09,27.24202537536621,27.52219501421261,27.12453543772521,27.330143259550265,135485600
2015-11-10,26.383438110351562,26.67716553216662,26.223018332650877,26.412811886820972,236511600
2015-11-11,26.23431968688965,26.530305343254632,26.03097003893098,26.29306552381402,180872000
2015-11-12,26.14620018005371,26.39473785719451,26.130384193066934,26.268209961300276,130102400
2015-11-13,25.38250160217285,26.112300142808355,25.366685620118844,26.028700395487025,183249600
2015-11-16,25.798242568969727,25.811798634532966,25.07974178929681,25.165599744219016,152426800
2015-11-17,25.687532424926758,25.994815906553306,25.603932659370976,25.965442130751285,110467600
2015-11-18,26.50092887878418,26.54611691578622,26.0964895695074,26.155235396660544,186698800
2015-11-19,26.837589263916016,27.056754903032566,26.381183801900182,26.58001361401769,173183200
2015-11-20,26.955074310302734,27.095158250187996,26.853398647939915,26.932478569457885,137148400
2015-11-23,26.60486602783203,27.052235234166435,26.51222829958286,26.94829963336525,129930000
2015-11-24,26.86018180847168,26.966375604988837,26.46252220611864,26.50997016808758,171212800
2015-11-25,26.668127059936523,26.939260457207514,26.643273122091355,26.934740619155768,85553200
2015-11-27,26.61842155456543,26.753989127179526,26.570973593675813,26.726875267894048,52185600
2015-11-30,26.7291316986084,26.979929261873394,26.604862014535446,26.659088002215885,156721200
2015-12-01,26.512229919433594,26.844367396521143,26.4037779210867,26.83081132768114,139409600
2015-12-02,26.272727966308594,26.686205269283136,26.227539924767314,26.512227689341298,133546400
2015-12-03,26.028701782226562,26.387952999182904,25.807278021673593,26.333727018367686,166278000
2015-12-04,26.894075393676758,26.943783278050187,26.008376600264462,26.049046530768774,231108000
2015-12-07,26.724613189697266,27.0816045509564,26.618419404174713,26.8827747703654,128336800
2015-12-08,26.71331787109375,26.79691591639147,26.403774457285067,26.55289636640272,137238000
2015-12-09,26.123605728149414,26.59130901997083,26.001595948916012,26.580011147818134,185445600
2015-12-10,26.247875213623047,26.421852801434646,26.098753290740753,26.218503157673915,116850800
2015-12-11,25.572296142578125,26.071631280505112,25.497734342537758,26.02644325104522,187544800
2015-12-14,25.414146423339844,25.459334470771875,24.80635735964201,25.346362628378287,257274800
2015-12-15,24.964513778686523,25.486444790174765,24.93288180511915,25.292133110367587,213292400
2015-12-16,25.15656280517578,25.303426508670157,24.58266750493335,25.095558783872654,224954000
2015-12-17,24.62333869934082,25.36217364527321,24.62333869934082,25.31020584948216,179091200
2015-12-18,23.956804275512695,24.745347109680957,23.907096398068227,24.607523072875654,385813200
2015-12-21,24.250526428222656,24.259564378866465,23.85286521895921,24.23922855896469,190362400
2015-12-22,24.227937698364258,24.338649601228077,24.051700208086512,24.266347704119205,131157600
2015-12-23,24.53974151611328,24.593967512874414,24.221160122038235,24.23697610958579,130629600
2015-12-24,24.40869140625,24.62785701513054,24.390615501147582,24.62785701513054,54281600
2015-12-28,24.135303497314453,24.33187511678874,23.990699682004674,24.30927937004816,106816800
2015-12-29,24.56911277770996,24.725014452648782,24.14433932315391,24.166933344089593,123724800
2015-12-30,24.248279571533203,24.560081279546445,24.21664758914695,24.53296913682323,100855200
2015-12-31,23.782825469970703,24.18274491126048,23.68340972744789,24.17822679742444,163649200
2016-01-04,23.803157806396484,23.80767764371102,23.046247094620064,23.184072827894877,270597600
2016-01-05,23.206668853759766,23.916131678081758,23.13888680248448,23.893537660989995,223164000
2016-01-06,22.752525329589844,23.129852542884784,22.56499340636256,22.72089335584966,273829600
2016-01-07,21.792264938354492,22.623737661641886,21.787746823710957,22.296120049866783,324377600
2016-01-08,21.907501220703125,22.393280526576167,21.862313169660183,22.26675260460501,283192000
2016-01-11,22.26222801208496,22.381977873213682,21.993354511488814,22.361643771729913,198957600
2016-01-12,22.5853271484375,22.750266772155083,22.33226963872977,22.718634798918274,196616800
2016-01-13,22.0046443939209,22.863230659182058,21.984310299820383,22.666659130480447,249758400
2016-01-14,22.485912322998047,22.702819753922995,21.63184556255437,22.133440764418324,252680400
2016-01-15,21.94590187072754,22.0769495761646,21.545982445846825,21.73577424780705,319335600
2016-01-19,21.839710235595703,22.289337538177914,21.57761481977865,22.235111554282746,212350800
2016-01-20,21.869091033935547,22.185412560203687,21.10766014073889,21.48724562749793,289337600
2016-01-21,21.75837516784668,22.115364840881966,21.451091652054625,21.93009110846146,208646000
2016-01-22,22.915203094482422,22.92424104675834,22.226076040621987,22.28482014469573,263202000
2016-01-25,22.467836380004883,22.94005776578175,22.415868583710015,22.937797846687225,207178000
2016-01-26,22.59210968017578,22.793199431708945,22.158298197574815,22.57855361003625,300308000
2016-01-27,21.107656478881836,21.832935426651044,21.089580572216434,21.699629493573713,533478800
2016-01-28,21.259033203125,21.35618902330654,20.874929759884267,21.191251155159947,222715200
2016-01-29,21.99335479736328,21.99335479736328,21.31778374399101,21.417199504928192,257666000
2016-02-01,21.787748336791992,21.851012289074713,21.555026630689095,21.79678629052001,163774000
2016-02-02,21.347150802612305,21.699622245793766,21.301961051042397,21.559536601646197,149428800
2016-02-03,21.769668579101562,21.880380476015556,21.25677729339488,21.464645020935105,183857200
2016-02-04,21.9445858001709,22.110420391823958,21.624277524740638,21.77648076010939,185886800
2016-02-05,21.358489990234375,22.01728232988202,21.28352532202926,21.92641412214322,185672400
2016-02-08,21.583389282226562,21.740135164718094,21.135864787153604,21.15630922406545,216085600
2016-02-09,21.57884407043457,21.79465627285637,21.33804480160271,21.419826012369537,177324800
2016-02-10,21.415285110473633,21.887798463910986,21.376666680582236,21.790115431548138,169374400
2016-02-11,21.285799026489258,21.517513078323827,21.033640534698964,21.306245199612153,200298800
2016-02-12,21.35167694091797,21.46753395868016,21.1290516334015,21.397111915122284,161405600
2016-02-16,21.953676223754883,22.001381645287527,21.492522082438995,21.585660743574064,196231600
2016-02-17,22.289884567260742,22.31032900190104,21.842360121911447,21.960487566111066,179452800
2016-02-18,21.867351531982422,22.464807102233163,21.828731373325958,22.453447926187096,156084000
2016-02-19,21.8173770904541,21.980939543472857,21.762856850503574,21.808290094934485,141496800
2016-02-22,22.00819969177246,22.012744056300644,21.790116989935395,21.878713033395226,137123200
2016-02-23,21.51069450378418,21.921871011669452,21.478890891747024,21.899154393523894,127770400
2016-02-24,21.83100128173828,21.894608501371707,21.199469982282494,21.34940277127564,145022800
2016-02-25,21.980937957763672,21.980937957763672,21.637911267604633,21.819647698552124,110330800
2016-02-26,22.015012741088867,22.267169470991487,21.940046336788832,22.08089041777644,115964400
2016-02-29,21.965038299560547,22.31487983681167,21.955951303807204,22.003656731636827,140865200
2016-03-01,22.837369918823242,22.891890162145486,22.130872005277148,22.183121799454458,201628400
2016-03-02,22.887344360351562,22.919147975648066,22.635185886809957,22.832824124581418,132678400
2016-03-03,23.057722091674805,23.105427515608564,22.819193238838924,22.84872640591726,147822800
2016-03-04,23.4007511138916,23.568856205395058,23.028192947225968,23.25536264559122,184220400
2016-03-07,23.14177131652832,23.359853957914016,22.93504611698036,23.25989876400803,143315600
2016-03-08,22.95094871520996,23.11678331690598,22.807832464308035,22.89415630455838,126247600
2016-03-09,22.971399307250977,23.07589715499009,22.778303687323117,23.01456036910305,108806800
2016-03-10,22.982757568359375,23.22582907206048,22.751045242646086,23.037279542900215,134054400
2016-03-11,23.230369567871094,23.234912198409383,23.057720143578248,23.225825204165872,109632800
2016-03-14,23.28943634033203,23.37803411578756,23.12133125152439,23.150864421065304,100304400
2016-03-15,23.757402420043945,23.89370386345121,23.59156781290107,23.61655661306187,160270800
2016-03-16,24.073169708251953,24.150406562530918,23.75967446092274,23.76421882480209,153214000
2016-03-17,24.0345516204834,24.186754882417784,23.843728197697207,23.970942657443317,137682800
2016-03-18,24.061809539794922,24.193568356192465,23.89597666154192,24.157220379324066,176820800
2016-03-21,24.059537887573242,24.454812583825912,23.884616290686402,24.064080517871087,142010800
2016-03-22,24.243547439575195,24.373034082040988,23.90052075287327,23.90960774764577,129777600
2016-03-23,24.109514236450195,24.32305426123006,24.057266187727596,24.189025000173338,102814000
2016-03-24,24.005016326904297,24.136775138916786,23.8278242784853,23.95958309049779,104532000
2016-03-28,23.895977020263672,24.123146679600588,23.86644385532302,24.079983889713148,77645600
2016-03-29,24.461627960205078,24.48661676033685,23.825552247487547,23.827824429272315,124760400
2016-03-30,24.888702392578125,25.084068399564647,24.670619770790836,24.681978944774524,182404400
2016-03-31,24.759218215942383,24.96594341723686,24.734229417254767,24.925052813308657,103553600
2016-04-01,24.986387252807617,24.988659434406525,24.579753404940448,24.711512207009157,103496000
2016-04-04,25.24309730529785,25.48616881128661,25.05000167669104,25.08407747780796,149424800
2016-04-05,24.945505142211914,25.154502591293046,24.856909094527428,24.87735526954472,106314800
2016-04-06,25.206745147705078,25.21128951145732,24.806926062688646,25.040912267254328,105616400
2016-04-07,24.65699577331543,25.084074121761805,24.561584929487037,24.977304101358456,127207600
2016-04-08,24.684261322021484,24.936418103579808,24.572946917136136,24.74105374906479,94326800
2016-04-11,24.766035079956055,25.127235733446977,24.72287402396467,24.75467763708124,117630000
2016-04-12,25.088613510131836,25.102243132785176,24.684251861860606,24.83872554037621,108929200
2016-04-13,25.45208740234375,25.52023725639498,25.170397525964894,25.170397525964894,133029200
2016-04-14,25.465713500976562,25.531592897322362,25.290793659977908,25.356673056323707,101895600
2016-04-15,24.95458221435547,25.51114881888379,24.927322969396243,25.467986036809492,187756000
2016-04-18,24.416196823120117,24.750134781187743,24.29352499369716,24.73650515564087,243286000
2016-04-19,24.286706924438477,24.53432099889616,24.132231500674308,24.507060018290673,129539600
2016-04-20,24.336692810058594,24.554775545200297,24.09362126569745,24.22538012646041,122444000
2016-04-21,24.073169708251953,24.291252378951796,23.970942318970557,24.291252378951796,126210000
2016-04-22,24.007287979125977,24.189024387077033,23.766488711782632,23.855084734037895,134732400
2016-04-25,23.870990753173828,24.000477403415204,23.741504102932453,23.852816762537497,112126400
2016-04-26,23.705156326293945,23.920968567337326,23.605202843265552,23.605202843265552,224064800
2016-04-27,22.221742630004883,22.42392354841962,21.73559955278658,21.808293796113595,458408400
2016-04-28,21.542499542236328,22.235365973971092,21.410740721834195,22.174030927600157,328970800
2016-04-29,21.294885635375977,21.517512687688416,21.01546789538402,21.351678056222635,274126000
2016-05-02,21.272167205810547,21.372122412619245,20.99047730763794,21.34713361091707,192640400
2016-05-03,21.62201499938965,21.74922949374469,21.28126040393793,21.399387901100827,227325200
2016-05-04,21.39710807800293,21.78556793866074,21.313054690673432,21.62654815721305,164102000
2016-05-05,21.310253143310547,21.499952301766445,21.182264189999923,21.483953682602618,143562000
2016-05-06,21.1914119720459,21.358254508677135,20.99257044511638,21.33997161328847,174799600
2016-05-09,21.207416534423828,21.431397323202965,21.161704923852827,21.25541241773364,131745600
2016-05-10,21.351398468017578,21.38568173083738,21.0519949097443,21.33082955655721,134747200
2016-05-11,21.14341926574707,21.385684667157527,21.13199092866493,21.36511575287298,114876400
2016-05-12,20.647459030151367,21.20512841784952,20.44861921094909,21.191415807896114,305258800
2016-05-13,20.6885986328125,20.951434700845574,20.569751944370484,20.569751944370484,177571200
2016-05-16,21.456533432006836,21.573095833014207,20.94686173110111,21.115990292755455,245039200
2016-05-17,21.367395401000977,21.643944010088024,21.257691061120006,21.609662493699624,187667600
2016-05-18,21.61195182800293,21.760511494120927,21.458821873202286,21.520532104594423,168249600
2016-05-19,21.52967071533203,21.63023449435873,21.38568309476868,21.63023449435873,121768400
2016-05-20,21.762798309326172,21.810794188993604,21.60281030004855,21.63023726430973,128104000
2016-05-23,22.03934669494629,22.213047312142947,21.86564607774963,21.911357684232694,152074400
2016-05-24,22.37531852722168,22.418742371665218,22.133051383686695,22.21990256001259,140560800
2016-05-25,22.768423080444336,22.795848291450028,22.42330797763182,22.551296945575466,152675200
2016-05-26,22.94898796081543,23.02212478858309,22.544448519944698,22.782143646119465,225324800
2016-05-27,22.935272216796875,22.96269917944234,22.683864495564723,22.727290083823526,145364800
2016-05-31,22.823286056518555,22.946704795658686,22.58559090081012,22.76386183166151,169228800
2016-06-01,22.503307342529297,22.750144772558794,22.473596107768472,22.631296346076713,116693200
2016-06-02,22.334177017211914,22.361602233697674,22.08505359057761,22.306750057006894,160766400
2016-06-03,22.379884719848633,22.459877833098478,22.272464649033516,22.350173490275573,114019600
2016-06-06,22.542158126831055,23.28724061385472,22.295322470865948,22.395884499696482,93170000
2016-06-07,22.633577346801758,22.825562553300053,22.617578724903485,22.68385922811605,89638000
2016-06-08,22.613012313842773,22.754713919599112,22.553588103582754,22.631295210775672,83392400
2016-06-09,22.775287628173828,22.85299474577958,22.503309229114617,22.5124515506658,106405600
2016-06-10,22.58786964416504,22.70671631189116,22.50787652706869,22.519303118814356,126851600
2016-06-13,22.247325897216797,22.654151294413545,22.192473720405708,22.55587353311241,152082000
2016-06-14,22.27475357055664,22.50787838097542,22.112481307161257,22.24275632108258,127727600
2016-06-15,22.201622009277344,22.491885083031796,22.176481058205077,22.357038005124206,117780800
2016-06-16,22.295326232910156,22.341036095207958,21.95706732326021,22.043916759113824,125307200
2016-06-17,21.787939071655273,22.089628701079626,21.781082766578276,22.08277239600263,244032800
2016-06-20,21.735363006591797,22.071335779092,21.719364386173638,21.94106080033874,137647600
2016-06-21,21.920501708984375,22.021063763622866,21.63938097435582,21.69880519554195,142185600
2016-06-22,21.83821678161621,22.144476641153588,21.792505183664925,21.9982030151478,116876400
2016-06-23,21.96392059326172,22.007346177047722,21.76965108976098,21.92735305722027,128960800
2016-06-24,21.34683609008789,21.634813163276906,21.175421456190588,21.234845684183206,301245600
2016-06-27,21.035995483398438,21.266834250941113,20.91257678818906,21.25540591586429,181958400
2016-06-28,21.3902530670166,21.406253435006544,21.05885224553003,21.232552840268287,161779600
2016-06-29,21.575376510620117,21.60965976640076,21.399389944681594,21.47709877403231,146124000
2016-06-30,21.849647521972656,21.888501079819115,21.552529925610926,21.584527178392662,143345600
2016-07-01,21.915922164916992,22.048483173007646,21.787933188122725,21.824500719898644,104106000
2016-07-05,21.71022605895996,21.803933527004773,21.589093375853576,21.801647511176586,110820800
2016-07-06,21.833648681640625,21.8633616615893,21.568528340658464,21.621094508119302,123796400
2016-07-07,21.927350997924805,22.055339977628716,21.854214188991275,21.872497083435356,100558400
2016-07-08,22.096481323242188,22.144477194500986,21.952493709465784,22.053055740033134,115648400
2016-07-11,22.165050506591797,22.318180458540134,22.10791230866605,22.112482597263565,95179600
2016-07-12,22.265605926513672,22.329600410160836,22.197041155628387,22.20846774558315,96670000
2016-07-13,22.13990592956543,22.32274708671437,22.13304788221459,22.263324626093507,103568800
2016-07-14,22.578731536865234,22.624441399813954,22.242758638661694,22.258757265065697,155676000
2016-07-15,22.57643699645996,22.695285385204475,22.512442515006228,22.60843423718683,120548000
2016-07-18,22.816425323486328,22.884990113891956,22.53530462603701,22.558159556172217,145975600
2016-07-19,22.82556915283203,22.855280389599486,22.704434702042764,22.754716597895005,95119600
2016-07-20,22.84613609313965,22.960412485208405,22.7958542016343,22.855278413751474,105104000
2016-07-21,22.725008010864258,23.08383588507153,22.656441464212794,22.816429491826305,130808000
2016-07-22,22.549015045166016,22.69528866497556,22.46902018806969,22.686146345772578,113254800
2016-07-25,22.247325897216797,22.590155053794803,22.151334151867577,22.455309755859364,161531600
2016-07-26,22.094194412231445,22.391313691284648,22.03705622346884,22.128477674232837,224959200
2016-07-27,23.52951431274414,23.8494886392863,23.483804441975174,23.831203993490796,369379200
2016-07-28,23.847196578979492,23.872337524646834,23.49979711550615,23.50208313158119,159479200
2016-07-29,23.817487716674805,23.895196577490267,23.696355008425535,23.812917427788967,110934800
2016-08-01,24.238019943237305,24.260874869595558,23.86319357106082,23.86319357106082,152671600
2016-08-02,23.87919807434082,24.24259620096853,23.769491959598383,24.238025912059054,135266400
2016-08-03,24.178600311279297,24.190026904759343,23.945475484677555,23.954617805693257,120810400
2016-08-04,24.32796287536621,24.35783506081068,24.19238533460814,24.261323304914335,109634800
2016-08-05,24.697927474975586,24.736991508436272,24.399198594376884,24.419878934503544,162213600
2016-08-08,24.90244483947754,24.90244483947754,24.624398012004807,24.707121137626988,112148800
2016-08-09,25.003543853759766,25.03341778870637,24.819712210761192,24.87026648236449,105260800
2016-08-10,24.817415237426758,25.02422738170504,24.762265916674316,24.980566553144822,96034000
2016-08-11,24.80133056640625,25.03112145398412,24.782946874640338,24.93690634855783,109938000
2016-08-12,24.858779907226562,24.918526032774064,24.766863195576278,24.766863195576278,74641600
2016-08-15,25.157508850097656,25.17129574327472,24.835801235031,24.84958812820806,103472800
2016-08-16,25.134525299072266,25.32984894553096,25.095461271046624,25.191973017874176,135177600
2016-08-17,25.09776496887207,25.132233958062734,24.895547833975158,25.07018942688641,101424000
2016-08-18,25.065589904785156,25.185080392392177,25.05180125967124,25.100058887821994,87938800
2016-08-19,25.129928588867188,25.205759993423843,24.900137728876203,24.99435106982664,101472400
2016-08-22,24.934606552124023,25.07018231714914,24.7829437439619,25.015033001983426,103280800
2016-08-23,25.012739181518555,25.120741185314976,24.939206163447757,24.952993056471833,85030800
2016-08-24,24.824308395385742,24.98975810888897,24.74388193831203,24.948395680513162,94700400
2016-08-25,24.718608856201172,24.789843479413918,24.51409508045152,24.677246421040255,100344800
2016-08-26,24.573835372924805,24.805922881545758,24.429066007664545,24.68183735870146,111065200
2016-08-29,24.5462646484375,24.688735642107595,24.424475748071117,24.50030716824224,99881200
2016-08-30,24.357837677001953,24.472733137742527,24.242942216261376,24.311880193971962,99455600
2016-08-31,24.380813598632812,24.488815599743944,24.27510999735703,24.279706797027725,118649600
2016-09-01,24.525588989257812,24.541674285712745,24.270520893211142,24.390011416424098,106806000
2016-09-02,24.75537872314453,24.817421505515394,24.546268126347023,24.748483522289334,107210000
2016-09-06,24.74848175048828,24.886357707069546,24.704822667192122,24.794440987070573,107521600
2016-09-07,24.900142669677734,24.992059382545694,24.60371219109044,24.778353770223017,169457200
2016-09-08,24.24753761291504,24.649671731305286,24.1831964344791,24.645076684202273,212008000
2016-09-09,23.698333740234375,24.29349305410918,23.698333740234375,24.045318473346743,186228000
2016-09-12,24.229148864746094,24.293490025106944,23.560456619927667,23.588032154295945,181171200
2016-09-13,24.805927276611328,24.9989525467698,24.64277594586758,24.704820471447803,248704800
2016-09-14,25.683732986450195,25.97327006617872,24.9552961162342,24.985170060918605,443554800
2016-09-15,26.55693244934082,26.59369983237713,26.078966988860696,26.163990247258173,359934400
2016-09-16,26.407569885253906,26.685616664695463,26.205354523796075,26.45352911728894,319547600
2016-09-19,26.099647521972656,26.6971034353223,26.023816113861358,26.469610964153617,188092000
2016-09-20,26.09735107421875,26.22373676385673,25.853773294005933,25.977860583878126,138057200
2016-09-21,26.092754364013672,26.193861156111502,25.837686354402024,26.1616905741033,144012800
2016-09-22,26.338634490966797,26.41216751135793,26.196163496949076,26.276589964069768,124296000
2016-09-23,25.899736404418945,26.377701976086193,25.63317982805903,26.29267869791011,209924800
2016-09-26,25.938793182373047,26.05598701880229,25.633172652872425,25.653852989978343,119477600
2016-09-27,25.987051010131836,26.007733101958642,25.81470784195836,25.966370671470393,98429600
2016-09-28,26.184673309326172,26.343229597125518,26.065182808358237,26.124928935424954,118564400
2016-09-29,25.777938842773438,26.1502006685259,25.69061894678144,26.003134657820883,143548000
2016-09-30,25.977863311767578,26.05139633350615,25.690624671669156,25.842285761995047,145516400
2016-10-03,25.856067657470703,25.977858289988134,25.80091834011907,25.89972848333856,86807200
2016-10-04,25.966373443603516,26.267398981803996,25.88135017375477,25.980160337516345,118947200
2016-10-05,25.977863311767578,26.11803590838885,25.89513844316599,26.05828978036203,85812400
2016-10-06,26.17089080810547,26.274296032967534,25.996249197535555,26.12722996717154,115117200
2016-10-07,26.209945678710938,26.324841111990455,26.083561754002574,26.267393395350695,97433600
2016-10-10,26.667234420776367,26.82808734815007,26.361612105600912,26.430548323118746,144944000
2016-10-11,26.724681854248047,27.273881954369937,26.701701362160282,27.04638770549195,256164000
2016-10-12,26.963659286499023,27.110727053168706,26.8280835175229,26.965957686037733,150347200
2016-10-13,26.880939483642578,26.986643084235844,26.591402467047303,26.83727865287989,140769600
2016-10-14,27.030302047729492,27.154389340032225,26.915406601504596,27.08774977084194,142608800
2016-10-17,27.011919021606445,27.07855683494942,26.834979059768692,26.96136474679566,94499600
2016-10-18,26.9935359954834,27.163580762357235,26.9889391959335,27.156687316197736,98214000
2016-10-19,26.913103103637695,27.060169097114,26.150197605042514,26.942975280912123,80138400
2016-10-20,26.899322509765625,26.972855528504965,26.73157613256281,26.853365030490583,96503200
2016-10-21,26.793622970581055,26.864859353381913,26.720089940683767,26.841878857091864,92770800
2016-10-24,27.03489875793457,27.05557909666727,26.885534327703144,26.908513066239045,94154800
2016-10-25,27.172775268554688,27.19805240905775,26.956771250861454,27.103837293879884,192516000
2016-10-26,26.5615291595459,26.586806298675484,26.037606190615314,26.267397089491215,264536800
2016-10-27,26.30646514892578,26.623575985649516,26.219143477778022,26.515573973334494,138248000
2016-10-28,26.131826400756836,26.474214416018615,26.069781864178626,26.166295392948534,151446800
2016-10-31,26.090457916259766,26.249014191708625,26.012328101848237,26.11573505446655,105677600
2016-11-01,25.6193790435791,26.143301853381992,25.398780058039197,26.072067257379025,175303200
2016-11-02,25.642364501953125,25.817006068751596,25.559641394696328,25.598705425127523,113326800
2016-11-03,25.36751365661621,25.743995281827615,25.30284213936926,25.63313032716619,107730400
2016-11-04,25.138845443725586,25.464514915698132,24.970237851051532,25.067245104000957,123348000
2016-11-07,25.50147247314453,25.524569187668334,25.282049279752517,25.42525172926626,130240000
2016-11-08,25.6516056060791,25.804047115273853,25.337485310314104,25.47837757953958,97016800
2016-11-09,25.610031127929688,25.711658801990904,24.95638537223282,25.379060423002652,236705600
2016-11-10,24.896326065063477,25.658528137153244,24.44362381179512,25.658528137153244,228538000
2016-11-11,25.044151306152344,25.145778970882034,24.609927055140304,24.74158027437355,136575600
2016-11-14,24.41590690612793,24.90094491285593,24.039425385539747,24.877848200567204,204702000
2016-11-15,24.739274978637695,24.870928223970914,24.519853490471267,24.61455057324304,129058000
2016-11-16,25.404462814331055,25.459897042394896,24.621472405134067,24.64456911907751,235362000
2016-11-17,25.395235061645508,25.487623720641956,25.136548931055973,25.362899295321817,110528000
2016-11-18,25.420631408691406,25.531498105785847,25.328244550306803,25.34210222663122,113715600
2016-11-21,25.80635643005371,25.86640754176656,25.409086554210305,25.434493471537493,117058400
2016-11-22,25.822519302368164,25.96571997717974,25.730130690194308,25.857163490037927,103862000
2016-11-23,25.690866470336914,25.755537971134142,25.482992530512806,25.720892020802417,109705600
2016-11-25,25.820213317871094,25.838691395755834,25.626197024414314,25.66777181857173,45903600
2016-11-28,25.769397735595703,25.97727169227272,25.7278229442603,25.737061982575543,108776000
2016-11-29,25.743988037109375,25.875641235074948,25.42293897957638,25.586927927065695,114115200
2016-11-30,25.52688217163086,25.914913036099914,25.46913949395491,25.77633096211097,144649200
2016-12-01,25.288978576660156,25.62388711091311,25.18273227819017,25.492233897356126,148347600
2016-12-02,25.38368034362793,25.42756357846044,25.141160403176627,25.215070956868146,106112000
2016-12-05,25.201213836669922,25.41370646296669,25.002578888820054,25.406777623743242,137298000
2016-12-06,25.395235061645508,25.489933921712822,25.21969854793607,25.291298921628943,104782000
2016-12-07,25.64467430114746,25.681630455762416,25.212760257625455,25.23585697317658,119994800
2016-12-08,25.896434783935547,25.96803513501159,25.545358343079073,25.60541121678257,108273200
2016-12-09,26.31910514831543,26.49233313769574,25.940313419177116,25.940313419177116,137610400
2016-12-12,26.168977737426758,26.56162717338415,25.98189029558457,26.166667537309444,105497600
2016-12-13,26.605512619018555,26.774120224967252,26.272914283101862,26.293700798013454,174935200
2016-12-14,26.605512619018555,26.838791732025186,26.557008988725105,26.570866665332833,136127200
2016-12-15,26.751026153564453,26.96121033444056,26.61475428767768,26.649398482620704,186098000
2016-12-16,26.785669326782227,26.908083501969024,26.711758781641155,26.90115466370055,177404400
2016-12-19,26.94041633605957,27.11133412277138,26.73485259959323,26.74640183690014,111117600
2016-12-20,27.012020111083984,27.13905468896272,26.949658803322148,26.96351648012113,85700000
2016-12-21,27.03742790222168,27.115958851680656,26.97275639217693,26.977376792703833,95132800
2016-12-22,26.859580993652344,26.910394825965152,26.709449696955357,26.873438670768028,104343600
2016-12-23,26.91269874572754,26.91269874572754,26.69789597566481,26.69789597566481,56998000
2016-12-27,27.0836238861084,27.208348271473028,26.905775466134806,26.91270430496064,73187600
2016-12-28,26.968137741088867,27.259159536152907,26.83879295889392,27.14367419336564,83623600
2016-12-29,26.961206436157227,27.048974654266903,26.884985693970066,26.896533169892578,60158000
2016-12-30,26.751026153564453,27.069765082206334,26.660947722379433,26.942732255693226,122345200
2017-01-03,26.827241897583008,26.86881668591836,26.506192828502428,26.746402520866,115127600
2017-01-04,26.797216415405273,26.91039331270731,26.734855109724993,26.757951824341156,84472400
2017-01-05,26.933500289916992,26.991242979542548,26.748722978248402,26.77412990265701,88774400
2017-01-06,27.23375129699707,27.29149396184983,26.901152983551942,26.972753324076155,127007600
2017-01-09,27.48320198059082,27.584829648346272,27.240683812765116,27.242992250911175,134247600
2017-01-10,27.51092529296875,27.573286618119365,27.32383955534998,27.432394324155354,97848400
2017-01-11,27.65873908996582,27.700313883092928,27.393122453996323,27.425458208410024,110354400
2017-01-12,27.543254852294922,27.554804091690794,27.303045122626244,27.462415463023376,108344800
2017-01-13,27.494752883911133,27.62871631548386,27.441628846505868,27.510920762744625,104447600
2017-01-17,27.71648597717285,27.771918455720517,27.305358383791464,27.333073741981934,137759200
2017-01-18,27.714176177978516,27.831971738494186,27.649504658375168,27.71648637858342,94852000
2017-01-19,27.665668487548828,27.737268836316627,27.57097142261398,27.577900261247446,102389200
2017-01-20,27.71648597717285,27.820422094720563,27.65412465907757,27.820422094720563,130391600
2017-01-23,27.73495864868164,27.90356625201509,27.66335654226405,27.71648057204701,88200800
2017-01-24,27.709552764892578,27.739578318916283,27.60099626333284,27.61254550220081,92844000
2017-01-25,28.150712966918945,28.201526811322868,27.78116013784528,27.813495900253795,129510400
2017-01-26,28.164569854736328,28.280055213481788,28.086038894462714,28.10220677420041,105350400
2017-01-27,28.16688346862793,28.259272125033444,28.08604405508575,28.210768476908136,82251600
2017-01-30,28.09296226501465,28.09296226501465,27.868922192883737,27.931283499112673,121510000
2017-01-31,28.028295516967773,28.037534556897295,27.85968788421241,27.982102079486857,196804000
2017-02-01,29.737483978271484,30.139374350893394,29.33559536781655,29.340214007449998,447940000
2017-02-02,29.68666648864746,29.885301449683908,29.513438447894753,29.55963364939553,134841600
2017-02-03,29.81369400024414,29.839100914486007,29.60120141037247,29.635845600551075,98029200
2017-02-06,30.093170166015625,30.141675562454875,29.77212104237736,29.82524683950918,107383600
2017-02-07,30.379568099975586,30.508911094919767,30.130119385012254,30.150905896842794,152735200
2017-02-08,30.49736785888672,30.538944415060975,30.30797372883261,30.33800104582885,92016400
2017-02-09,30.71774673461914,30.72470561483007,30.41618228022925,30.53912721677371,113399600
2017-02-10,30.64815330505371,30.838372129703465,30.63191709834235,30.72702651066723,80262000
2017-02-13,30.91956329345703,31.0425117773829,30.794299902132646,30.8708511289029,92141600
2017-02-14,31.320865631103516,31.33710183320097,30.910274131844204,30.961308263486035,132904800
2017-02-15,31.434528350830078,31.610829358083397,31.228073386766788,31.436850336470098,142492400
2017-02-16,31.39742660522461,31.52500843444373,31.27911856339185,31.471655840064088,90338400
2017-02-17,31.483253479003906,31.50877055141324,31.33943191066766,31.33943191066766,88792800
2017-02-21,31.710588455200195,31.722187769254287,31.543568243739596,31.601561274396367,98028800
2017-02-22,31.80570411682129,31.808022564241625,31.573731948669902,31.647961201878864,83347600
2017-02-23,31.671142578125,31.891515309873125,31.61778999961202,31.868320229464743,83152800
2017-02-24,31.701313018798828,31.701313018798828,31.381190337800838,31.527333916450164,87106400
2017-02-27,31.76393699645996,31.882245029246096,31.61315655185058,31.812652693421292,81029600
2017-02-28,31.777870178222656,31.882256951187273,31.710596263910983,31.798746824892667,93931600
2017-03-01,32.427391052246094,32.51090118266739,31.919374926765823,31.98664530478713,145658400
2017-03-02,32.23484802246094,32.54104938662462,32.1884507658059,32.476097474844025,104844000
2017-03-03,32.425048828125,32.43664813710312,32.149001556661574,32.19307680701115,84432400
2017-03-06,32.322998046875,32.42274791047879,32.151340923801676,32.32995692810154,87000000
2017-03-07,32.36474609375,32.47145127001867,32.19540392420693,32.25803737786824,69785200
2017-03-08,32.244117736816406,32.429696100778216,32.20236446322176,32.232518425391376,74828800
2017-03-09,32.169883728027344,32.19540079632785,31.791771675445137,32.183805024965324,88623600
2017-03-10,32.276588439941406,32.32762257022794,32.16060242376516,32.302105505084675,78451200
2017-03-13,32.290504455566406,32.343857029041125,32.20235749495864,32.20931637238525,69686800
2017-03-14,32.24180221557617,32.394901105592936,32.20700427814398,32.31371299747756,61236400
2017-03-15,32.58279037475586,32.650060700830956,32.25106855687742,32.3392190541452,102767200
2017-03-16,32.63615036010742,32.71270156623806,32.53640053165376,32.64310923888177,76928000
2017-03-17,32.47377395629883,32.708064491516325,32.45057533159433,32.708064491516325,175540000
2017-03-20,32.81477355957031,32.82405088578312,32.52944533903811,32.56888016976568,86168000
2017-03-21,32.43898010253906,33.125619128633645,32.41346302799739,32.965557801018925,158119600
2017-03-22,32.80549621582031,32.8472530372941,32.42042165380172,32.44130183434541,103440800
2017-03-23,32.689510345458984,32.842612792385644,32.61759955543351,32.76838001583444,81385200
2017-03-24,32.62454605102539,32.879716699036614,32.55727571997458,32.82404213775809,89582400
2017-03-27,32.68022918701172,32.75909884814108,32.155969998016474,32.33458949849089,94300400
2017-03-28,33.35758590698242,33.413256940988724,32.61991284988148,32.68718673545649,133499200
2017-03-29,33.43181228637695,33.51764435585213,33.21607996874023,33.329744013236365,116760000
2017-03-30,33.387733459472656,33.51995921907395,33.28798718295579,33.4480484542153,84829200
2017-03-31,33.32511901855469,33.466622167817924,33.17433500135819,33.33903678084058,78646800
2017-04-03,33.33439254760742,33.431820412118384,33.18361208721004,33.336714534133094,79942800
2017-04-04,33.58258819580078,33.61042370375884,33.21143157150444,33.229989756680446,79565600
2017-04-05,33.40863037109375,33.74267083680156,33.359914661672136,33.45502409363891,110871600
2017-04-06,33.32511901855469,33.524615203751814,33.27640331094006,33.47125906217055,84596000
2017-04-07,33.250885009765625,33.445740753824566,33.234648800900985,33.34135400090827,66688800
2017-04-10,33.21143341064453,33.37613510094479,33.148799974658566,33.3111832190379,75733600
2017-04-11,32.85421371459961,33.253206059061576,32.49001577359093,33.158096636804224,121517600
2017-04-12,32.89365768432617,32.97484582812954,32.71039766962174,32.84726395363642,81400000
2017-04-13,32.719669342041016,33.028192696843426,32.719669342041016,32.91916551358191,71291600
2017-04-17,32.90059280395508,32.91219211315342,32.67789810202854,32.81940117917894,66328400
2017-04-18,32.75446319580078,32.949318930423296,32.73358655415131,32.803178899263266,58790000
2017-04-19,32.63383483886719,32.94003972404889,32.58048224449044,32.91220420343728,69313600
2017-04-20,33.0421142578125,33.153459900895676,32.74519018318125,32.759107946114874,93278400
2017-04-21,33.0026741027832,33.09777998072209,32.90524623831978,33.04210893795076,69283600
2017-04-24,33.320472717285156,33.39238350284238,33.213763992526665,33.28799676446533,68537200
2017-04-25,33.52693176269531,33.61276031836712,33.37382930694521,33.38311017435578,75486000
2017-04-26,33.329750061035156,33.543167510661405,33.26016126182376,33.51301000459421,80164800
2017-04-27,33.35527038574219,33.44110247915963,33.24392475653553,33.38542789474943,56985200
2017-04-28,33.322792053222656,33.473576047891505,33.23464505871015,33.424860347555175,83441600
2017-05-01,34.00246810913086,34.14628966689208,33.626674470019,33.65915041982356,134411600
2017-05-02,34.21820831298828,34.352752575858716,34.062787407503606,34.22516719385969,181408800
2017-05-03,34.11381912231445,34.21356897369907,33.466618470229,33.7728198255297,182788000
2017-05-04,33.99086380004883,34.13236689045448,33.82384364286142,33.98854535383686,93487600
2017-05-05,34.554569244384766,34.55920613835577,34.04422773847722,34.04422773847722,109310800
2017-05-08,35.49404525756836,35.65410655266246,34.57079740742947,34.57079740742947,195009600
2017-05-09,35.72139358520508,35.92784866250966,35.59612663875131,35.6935545195408,156521600
2017-05-10,35.55204772949219,35.709790620088455,35.28528119313678,35.63787982539859,103222800
2017-05-11,35.85951232910156,35.887466298846675,35.477507915339935,35.51011791818945,109020400
2017-05-12,36.360294342041016,36.43482992968491,36.027203327438805,36.03419092771099,130108000
2017-05-15,36.267127990722656,36.48841033875089,36.11572521423562,36.33933557810025,104038800
2017-05-16,36.21355438232422,36.35098195227222,36.03885723449191,36.323031545970274,80194000
2017-05-17,34.9976692199707,36.00392670656544,34.87188881125802,35.777984730757545,203070800
2017-05-18,35.53107452392578,35.71741888804317,35.20264653624211,35.23525653339592,134272800
2017-05-19,35.65220642089844,35.86650124089888,35.55204839214531,35.726745603971914,107843200
2017-05-22,35.86883544921875,36.00626307961376,35.617271019183875,35.87116346602703,91865600
2017-05-23,35.82456970214844,36.0807901046628,35.710432929742886,36.0807901046628,79675600
2017-05-24,35.7174186706543,35.910750636254875,35.561356288494984,35.83388345324093,76712000
2017-05-25,35.84088134765625,35.95269013008622,35.64522130973999,35.80827134133687,76942400
2017-05-26,35.780311584472656,35.92705835172221,35.710432002247956,35.87115397509781,87710400
2017-05-30,35.79427719116211,35.971302338331945,35.71508201118262,35.7360448139615,80507600
2017-05-31,35.58232879638672,35.91076042582776,35.49381795436379,35.864175210938214,97804800
2017-06-01,35.68014144897461,35.715083008804335,35.45653110464268,35.67781343334156,65616400
2017-06-02,36.20889663696289,36.20889663696289,35.61259757739545,35.773319530245985,111082800
2017-06-05,35.85484313964844,35.97596749817618,35.74536952343279,35.95034510606883,101326800
2017-06-06,35.97597122192383,36.29275557793908,35.81990883719749,35.84785924812664,106499600
2017-06-07,36.19025802612305,36.33234517408276,35.982950897547965,36.10873482746502,84278400
2017-06-08,36.10175704956055,36.229865475770374,35.9643258955195,36.16231746111834,85003200
2017-06-09,34.70184326171875,36.14833732682097,34.01237378611209,36.14833732682097,259530800
2017-06-12,33.87262725830078,34.028689687995374,33.19480116417303,33.94716644788731,289229200
2017-06-13,34.1451416015625,34.34546115508918,33.80972248363663,34.277913150001005,136661600
2017-06-14,33.81204605102539,34.35710021153752,33.50457741429219,34.35710021153752,126124800
2017-06-15,33.60940933227539,33.65366652351866,33.12491890767413,33.38347089747428,128661600
2017-06-16,33.13888168334961,33.65831348450263,33.12257491196715,33.49060395650505,201444400
2017-06-19,34.086910247802734,34.180084202396955,33.462660746024724,33.462660746024724,130165600
2017-06-20,33.777103424072266,34.21035240941528,33.760800208277224,34.21035240941528,99600400
2017-06-21,33.97744369506836,34.02403246404221,33.68395364334305,33.895920457812245,85063200
2017-06-22,33.92153549194336,34.17076829154931,33.80273913277406,33.95414549060834,76425200
2017-06-23,34.072933197021484,34.27791233179959,33.80040605876755,33.80506564480053,141757600
2017-06-26,33.96578598022461,34.538790637195895,33.86329641771655,34.28023871513151,102769600
2017-06-27,33.47896957397461,34.044990335988786,33.45334717644765,33.77711917016634,99047600
2017-06-28,33.9681282043457,34.03334821609085,33.3462065217747,33.65600335467619,88329600
2017-06-29,33.467315673828125,33.805066361031486,33.14121572906544,33.70723637760268,125997600
2017-06-30,33.54651641845703,33.765470774786365,33.490612044216654,33.64667442380345,92096400
2017-07-03,33.42539978027344,33.84467379846659,33.332229355885566,33.74684378659216,57111200
2017-07-05,33.56281661987305,33.72586658729223,33.24370428690816,33.46964622541144,86278400
2017-07-06,33.246036529541016,33.425393293616075,33.171500915340154,33.313588095203194,96515200
2017-07-07,33.58378982543945,33.716561410596704,33.285640205766555,33.285640205766555,76806800
2017-07-10,33.788761138916016,33.99606830351503,33.39510961693943,33.567478769502706,84362400
2017-07-11,33.89823913574219,33.97277830218585,33.63037155905931,33.71189477385611,79127200
2017-07-12,33.94715881347656,34.04964484477358,33.73286402294453,33.97743724249058,99538000
2017-07-13,34.42000198364258,34.58771155072855,33.87727568379812,33.89125088868478,100797600
2017-07-14,34.715824127197266,34.78337569787912,34.31751652328096,34.46659131698343,80528400
2017-07-17,34.83694839477539,35.1490731877301,34.606350378800286,34.664582775436166,95174000
2017-07-18,34.958072662353516,34.969719852487856,34.629641093371454,34.75309348950399,71475200
2017-07-19,35.17702102661133,35.27019142330766,34.92778470640329,35.05123708142619,83692000
2017-07-20,35.01862716674805,35.34473066437197,34.98368915646322,35.28882629369343,68974800
2017-07-21,35.00232696533203,35.04192456514405,34.67855500995316,34.937106971027156,105010400
2017-07-24,35.42626190185547,35.507788683293775,34.9161455107511,35.07453948645946,85972800
2017-07-25,35.57765579223633,35.83387612902324,35.358701477050644,35.358701477050644,75415600
2017-07-26,35.745365142822266,35.85483874562187,35.652191203749126,35.719742753854945,63124000
2017-07-27,35.069881439208984,35.868831848026,34.31053219172566,35.812927462222945,129905200
2017-07-28,34.822967529296875,34.99300510465887,34.750759937878335,34.91380991111743,68854800
2017-07-31,34.64360427856445,35.016292908200576,34.503848708117545,34.916131372869216,79383600
2017-08-01,34.95109558105469,34.990693196053485,34.56909108752127,34.7298131187793,141474400
2017-08-02,36.602542877197266,37.210489037442684,36.374272953714744,37.10101188394936,279747200
2017-08-03,36.23685836791992,36.618862756994176,36.10874638135342,36.5815931692251,108389200
2017-08-04,36.4278564453125,36.66311403882336,36.264806452076094,36.35332082878584,82239600
2017-08-07,36.99153518676758,37.017157575225106,36.49306617386658,36.5839085412665,87481200
2017-08-08,37.28736114501953,37.69498783953101,36.86575924680044,36.94262642141504,144823600
2017-08-09,37.51564407348633,37.56456085760349,37.06143202478675,37.09637004613904,104526000
2017-08-10,36.32069778442383,37.41508737748859,36.15934464919948,37.391701520605345,163217200
2017-08-11,36.825801849365234,37.08069486537906,36.49608407593824,36.62002127784521,105028400
2017-08-14,37.3800048828125,37.464188955749236,37.122774779900205,37.25606771545842,88490800
2017-08-15,37.789241790771484,37.929546235370935,37.44782752936895,37.56942756923326,117862000
2017-08-16,37.63724899291992,38.0020456232673,37.45017279145974,37.86875619364734,110686400
2017-08-17,36.91466522216797,37.58112297451588,36.909987336585466,37.536691981935185,111762400
2017-08-18,36.830474853515625,37.29816342308408,36.64807659683838,36.91465893876517,109712400
2017-08-21,36.762657165527344,36.92166954735565,36.271582799189,36.830470429970546,105474000
2017-08-22,37.3636474609375,37.41509349995445,36.9520827169833,37.00118802902042,86418400
2017-08-23,37.41040802001953,37.52499300514816,37.15318144533209,37.197612430753,77596400
2017-08-24,37.244380950927734,37.588132341607285,37.076012777199765,37.51563761466219,79275600
2017-08-25,37.38235092163086,37.54604122228988,37.244383637374035,37.33324204734268,101920400
2017-08-28,37.75883483886719,37.882772017420365,37.39871266224895,37.44782152930795,103864000
2017-08-29,38.09556198120117,38.14466726824692,37.415074458130825,37.43846030693898,118067600
2017-08-30,38.198463439941406,38.324737777421916,38.02541739329437,38.30369264920524,109078400
2017-08-31,38.350460052490234,38.472060071259364,38.228860033721105,38.26627597306243,107140400
2017-09-01,38.36214828491211,38.570269515780986,38.26393413229555,38.537531464908795,66364400
2017-09-05,37.901485443115234,38.40892715759397,37.546041099856886,38.29200500490723,117874000
2017-09-06,37.861732482910156,38.1142847618526,37.53668903993608,38.048808641554295,86606800
2017-09-07,37.709739685058594,37.93890972376503,37.499281191255726,37.903830929343414,87714000
2017-09-08,37.09471893310547,37.68400394413304,37.07133307805082,37.61619067356338,114446000
2017-09-11,37.76585006713867,37.89446513084861,37.389360645104375,37.53200579427713,126323200
2017-09-12,37.61619186401367,38.341110575483285,37.127458164256865,38.02541936315735,286856000
2017-09-13,37.33323669433594,37.40573141611547,36.92634994363632,37.384682719763774,179629600
2017-09-14,37.01288604736328,37.274790596047715,36.96845504681534,37.17891711759265,95042800
2017-09-15,37.38701629638672,37.641905648420384,36.94738800614169,37.05729507870295,196458400
2017-09-18,37.10405731201172,37.531992609195264,36.94738213241652,37.44079351754495,113077600
2017-09-19,37.118106842041016,37.361306925995585,37.05029356120008,37.30050512091642,83242400
2017-09-20,36.4960823059082,37.008198335349036,35.972269779428515,36.92401424302518,211805600
2017-09-21,35.869380950927734,36.43294663182809,35.719720725313245,36.43294663182809,150046800
2017-09-22,35.51860427856445,35.607466238606435,35.20759098659773,35.436757360822604,186581600
2017-09-25,35.20525360107422,35.504573964546545,34.880210226607545,35.0743013880776,177549200
2017-09-26,35.81090545654297,35.993303671594205,35.47183203462361,35.492877159088025,146640000
2017-09-27,36.0658073425293,36.18039234027809,35.904454195884625,35.965256000812204,102016800
2017-09-28,35.84365463256836,36.07749893657425,35.70802450806324,35.98629980073919,88022000
2017-09-29,36.04008483886719,36.04242556566301,35.54433603078213,35.82728922313211,105199200
2017-10-02,35.96758270263672,36.11724287650187,35.71269333230357,36.072811899104714,74795200
2017-10-03,36.12425994873047,36.266905088727036,35.99097057722756,36.0143528621013,64921200
2017-10-04,35.89042282104492,35.979284798487335,35.65190419977463,35.92550160759473,80655200
2017-10-05,36.337066650390625,36.348759579353775,36.0237161359916,36.054113469478644,85135200
2017-10-06,36.316009521484375,36.36044049595715,36.14296350726929,36.23884049763899,69630400
2017-10-09,36.44228744506836,36.65040868701951,36.36044409761978,36.435272402949344,65051600
2017-10-10,36.45632553100586,36.94739999620243,36.269252942531836,36.493741475973025,62468000
2017-10-11,36.608314514160156,36.70886581921877,36.42123841859882,36.47268443408268,67622400
2017-10-12,36.479705810546875,36.80007131591153,36.416566859091965,36.56155273162474,64500400
2017-10-13,36.711219787597656,36.779033068008125,36.57558965859569,36.65041798290445,65576800
2017-10-16,37.38701629638672,37.41507646191564,36.86554109910935,36.924002156081094,96486000
2017-10-17,37.525001525878906,37.61853783460788,37.23503325972876,37.363648360367186,75989200
2017-10-18,37.35895919799805,37.58111410849137,37.32154682670793,37.513297272178555,65496800
2017-10-19,36.475032806396484,36.73226296290356,36.25054427724561,36.65509391595144,170336800
2017-10-20,36.538169860839844,36.8889362915039,36.47035658757761,36.622353946926445,95896400
2017-10-23,36.51945114135742,36.87489535224062,36.36277594328815,36.687819263976856,87937200
2017-10-24,36.736942291259766,36.811770614522885,36.52648027270899,36.54752540410977,71028800
2017-10-25,36.57557678222656,36.8421590610548,36.308994503398324,36.69249889694385,84828400
2017-10-26,36.809425354003906,36.90763951377101,36.66210233026315,36.76733153228646,68002000
2017-10-27,38.12831115722656,38.25692622685149,37.11108709622468,37.24905436719479,177816800
2017-10-30,38.986507415771484,39.302198530099,38.284974777869905,38.32472786583612,178803200
2017-10-31,39.529029846191406,39.67167497923969,39.0379590696006,39.262447547990675,144187200
2017-11-01,39.02627182006836,39.73949758904946,38.726951426558344,39.723126776691934,134551200
2017-11-02,39.311561584472656,39.40276070985727,38.64978185178716,38.95845801043078,165573600
2017-11-03,40.33814239501953,40.749707085055476,40.015436114041485,40.6889088506284,237594400
2017-11-06,40.74736404418945,40.920410088520335,40.15573832659195,40.30773567480745,140105200
2017-11-07,40.87831115722656,40.981203194071966,40.59536162408164,40.66785276781001,97446000
2017-11-08,41.21271514892578,41.21271514892578,40.766071739901534,40.84324077665811,97638000
2017-11-09,41.12853240966797,41.179978435848625,40.48779780880557,40.94847131803568,117930400
2017-11-10,40.99241256713867,41.15904042793553,40.89854003607489,41.09567449991334,100582000
2017-11-13,40.82813262939453,40.95251534079716,40.69436051656109,40.7178304391307,67928400
2017-11-14,40.21091842651367,40.713144075685776,40.173367975115646,40.60988212484528,99130000
2017-11-15,39.6805305480957,39.97154116625543,39.51625180437974,39.88940000389343,116632400
2017-11-16,40.15460205078125,40.335306909486874,39.966853348052915,40.17337369814629,94550000
2017-11-17,39.93163299560547,40.22264355124314,39.8119449896856,40.140502406528725,87598000
2017-11-20,39.891746520996094,40.0278642207708,39.7931792724023,39.964498282029034,65049600
2017-11-21,40.63335418701172,40.76477719280135,40.07949753332092,40.07949753332092,100525200
2017-11-22,41.06046676635742,41.069852585591065,40.612217801553015,40.68496953888638,102355600
2017-11-24,41.06281661987305,41.18719932851561,40.987715734122716,41.093326802335035,56106800
2017-11-27,40.856292724609375,41.08863206103613,40.68027905243959,41.08159180062992,82867200
2017-11-28,40.616912841796875,41.039342749980506,40.33294256875549,40.90557423399088,105715200
2017-11-29,39.77439880371094,40.5817154926386,39.229931657392434,40.51365844222666,166665600
2017-11-30,40.330604553222656,40.39866160373604,39.53032812414454,39.997348818685616,166108800
2017-12-01,40.14285659790039,40.28836010352222,39.54440933099244,39.884701751467084,159037200
2017-12-04,39.84950637817383,40.51131609418123,39.80961036524149,40.47846034347176,130169600
2017-12-05,39.81193923950195,40.25314791925785,39.52092872589599,39.675821591896266,109400800
2017-12-06,39.664093017578125,39.94336861701715,39.06564939707431,39.30972011347895,114240000
2017-12-07,39.73685073852539,39.99969669218955,39.64062906584206,39.66879010916107,102693200
2017-12-08,39.74858093261719,40.131118470982265,39.619507100586645,40.01143045944201,93420800
2017-12-11,40.52305221557617,40.574683194023976,39.61247341132401,39.70869510579568,141095200
2017-12-12,40.29540252685547,40.457335704579165,40.23908043443534,40.401010031151124,77636800
2017-12-13,40.429168701171875,40.72721594566587,40.36580277552822,40.483145225457086,95273600
2017-12-14,40.417442321777344,40.631006485435535,40.28367018157118,40.45968389383731,81906000
2017-12-15,40.82813262939453,40.87506889352634,40.47375971704085,40.748340622269716,160677200
2017-12-18,41.403106689453125,41.58616061197922,41.03699884440094,41.04169354474977,117684400
2017-12-19,40.9619140625,41.161397724148415,40.85630653968965,41.076910989698426,109745600
2017-12-20,40.917320251464844,41.16843127225666,40.65916538802657,41.03935384053752,93902400
2017-12-21,41.07221603393555,41.3092501496558,40.85865542904056,40.87508151510548,83799600
2017-12-22,41.07221603393555,41.16843773277232,40.95252798629055,40.994769562750484,65397600
2017-12-26,40.03020477294922,40.24141974875791,39.82133177595065,40.08418129681013,132742000
2017-12-27,40.0372428894043,40.079484449901045,39.82837348459809,39.919900446681545,85992800
2017-12-28,40.1498908996582,40.33059926533912,40.009078535048396,40.131115678976414,65920800
2017-12-29,39.715736389160156,40.034908090947475,39.713390828628,40.018482005205485,103999600
2018-01-02,40.426822662353516,40.436212064432425,39.72276790875693,39.9339864834405,102223600
2018-01-03,40.41978454589844,40.964255303118776,40.35642219303837,40.490190741195256,118071600
2018-01-04,40.60753631591797,40.71079826612631,40.3845863312453,40.49253940209357,89738400
2018-01-05,41.06986618041992,41.156698465850205,40.61223124489687,40.70375823200148,94640000
2018-01-08,40.917320251464844,41.213021983305815,40.8187494265099,40.917320251464844,82271200
2018-01-09,40.91262435913086,41.08394335569417,40.69671465281637,40.964255330315616,86336000
2018-01-10,40.90323257446289,40.90558171547584,40.6004906074266,40.63804105355738,95839600
2018-01-11,41.13557052612305,41.18485593261213,40.95017102382274,40.97363736609717,74670800
2018-01-12,41.56034469604492,41.62371061656519,41.222397894612946,41.34678059500012,101672400
2018-01-16,41.34912872314453,42.10011960737781,41.337393763186334,41.75043785426289,118263600
2018-01-17,42.03207778930664,42.06727910092083,41.08629768651695,41.339754292155696,137547200
2018-01-18,42.06961441040039,42.26675245042879,41.8325839476019,42.09542989296319,124773600
2018-01-19,41.88187789916992,42.1447238981669,41.63545798460618,41.91707920938982,129700400
2018-01-22,41.539222717285156,41.722276632609585,41.44535020004437,41.60962889571924,108434400
2018-01-23,41.54862976074219,42.11187589492886,41.49700235659201,41.60965015102582,130756400
2018-01-24,40.88681411743164,41.60964422571612,40.64743445496531,41.597909261485825,204420400
2018-01-25,40.15694046020508,41.05812977560475,40.020822764492415,40.954867828442865,166116000
2018-01-26,40.25080490112305,40.3658017884038,39.9105125208525,40.3658017884038,156572000
2018-01-29,39.41767501831055,39.933981051179536,39.208805613063255,39.933981051179536,202561600
2018-01-30,39.18534469604492,39.279217239588455,38.652608879864985,38.84739780967541,184192800
2018-01-31,39.293296813964844,39.53033088935035,39.07504154404407,39.16187382377497,129915600
2018-02-01,39.37544631958008,39.572580846650645,39.13606663327516,39.232288336134125,188923200
2018-02-02,37.666927337646484,39.145442958690175,37.573054807837266,38.95769431806428,346375200
2018-02-05,36.725833892822266,38.46015481125397,36.61083702582235,37.33836150168687,290954000
2018-02-06,38.26068878173828,38.422621977266445,36.141483877235586,36.336272823957266,272975200
2018-02-07,37.441627502441406,38.347511362877434,37.3313288935791,38.27475961658197,206434400
2018-02-08,36.41136932373047,37.78427774242691,36.38320827506247,37.61764984878874,217562000
2018-02-09,36.85671615600586,37.20546483681177,35.40280741697689,37.012240528275804,282690400
2018-02-12,38.34127426147461,38.61932982623296,37.115934171953185,37.34922082039222,243278000
2018-02-13,38.72536849975586,38.82198249059951,38.09149154873951,38.16218480046921,130196800
2018-02-14,39.439353942871094,39.47941260422183,38.381324910071264,38.41902485300839,162579600
2018-02-15,40.763668060302734,40.78723007818858,39.82345617338796,40.00961157579968,204588800
2018-02-16,40.631710052490234,41.19489735366418,40.47618921168071,40.61521699774737,160704400
2018-02-20,40.495033264160156,41.06292710816683,40.393705449229564,40.54216089165014,135722000
2018-02-21,40.31123733520508,41.029941821835656,40.29709580939052,40.72596553556844,149886400
2018-02-22,40.64821243286133,40.98989233998683,40.46205698407721,40.48326388413957,123967600
2018-02-23,41.355133056640625,41.390477885967094,40.89327357832788,40.92390816081634,135249600
2018-02-26,42.17281723022461,42.27178636413056,41.52244709501029,41.55543680631227,152648800
2018-02-27,42.03614044189453,42.52863093958615,41.981943834814835,42.20344770149947,155712400
2018-02-28,41.97250747680664,42.56161185345442,41.95601442397654,42.24113892873372,151128400
2018-03-01,41.2373046875,42.36367192217282,40.685903876338685,42.071474868825504,195208000
2018-03-02,41.522438049316406,41.54364494576013,40.636422689181344,40.71889874727326,153816000
2018-03-05,41.666175842285156,41.88296582019511,41.12419909970639,41.286792482040795,113605600
2018-03-06,41.630821228027344,42.003135568041614,41.50357628439049,41.923018248136664,95154000
2018-03-07,41.2443733215332,41.43760127355482,41.065286894172935,41.22316642795256,126814000
2018-03-08,41.694461822509766,41.73687562179282,41.2538127948956,41.35042320290987,95096400
2018-03-09,42.410804748535156,42.41551859070438,41.80049342731485,41.93481096207728,128740800
2018-03-12,42.82081985473633,42.97869939855477,42.46500210036413,42.48385027656255,128828400
2018-03-13,42.408443450927734,43.240258490091236,42.23642599068004,43.02582364771228,126774000
2018-03-14,42.047916412353516,42.53805170675562,41.899460952314094,42.490924073672474,117473600
2018-03-15,42.09739685058594,42.47206996264461,41.96072780085272,42.062052026621785,90975200
2018-03-16,41.948944091796875,42.208147851708596,41.8546852372409,42.097395944860104,157618800
2018-03-19,41.30800247192383,41.81934467481242,40.921550117889645,41.783999848007596,133787200
2018-03-20,41.293853759765625,41.66145424499087,41.22316052900529,41.293853759765625,78597600
2018-03-21,40.358367919921875,41.25851763313457,40.3560092009763,41.24673482523115,148219600
2018-03-22,39.788108825683594,40.69061351641359,39.72919839129295,40.05909538563753,165963200
2018-03-23,38.86675262451172,40.04024758721578,38.86675262451172,39.679715980628345,164115200
2018-03-26,40.71183395385742,40.789596177728065,39.22022095912076,39.604318235800726,150164800
2018-03-27,39.66793441772461,41.27265428475455,39.33332353816898,40.92626059766083,163690400
2018-03-28,39.22962951660156,40.06380315467739,38.92565330328693,39.41107463379318,166674000
2018-03-29,39.535972595214844,40.47147063196925,39.328606704264416,39.54304156007836,153594000
2018-04-02,39.27676773071289,39.80932042170238,38.75600144272291,39.26734364216447,150347200
2018-04-03,39.67970657348633,39.76453773113703,38.85260548309722,39.50297529468127,121112000
2018-04-04,40.438480377197266,40.532735637825745,38.826691689439365,38.85261242545335,138422000
2018-04-05,40.71889114379883,41.05585708750964,40.54922881271408,40.66704967621141,107732800
2018-04-06,39.677371978759766,40.64350131204339,39.634954580185365,40.287683447711395,140021200
2018-04-09,40.07088851928711,40.787238004037974,40.02376087874969,40.03082984504988,116070800
2018-04-10,40.82493591308594,41.001667237385014,40.41963178837809,40.76602547165292,113634400
2018-04-11,40.63406753540039,40.98281634944289,40.459691330575104,40.584581181460756,89726400
2018-04-12,41.03466033935547,41.23731241849354,40.77545293733876,40.86264284289436,91557200
2018-04-13,41.17369079589844,41.43525333828606,40.96632845646567,41.185473605045516,100497200
2018-04-16,41.43053436279297,41.51772066001814,41.19724773501885,41.24437536607009,86313600
2018-04-17,42.00078582763672,42.16573432963981,41.569561003795144,41.588412774825166,106421600
2018-04-18,41.90652847290039,42.13745997958061,41.68031440365616,41.89945950796199,83018000
2018-04-19,40.71889114379883,41.32920235376922,40.685901445843875,40.94510518817356,139235200
2018-04-20,39.05054473876953,40.346574152727804,38.98220662885717,40.20047744211226,261964400
2018-04-23,38.93745040893555,39.33332688754843,38.66646019491541,39.312119989538814,146062000
2018-04-24,38.39547348022461,39.19429899705882,37.99016931755155,39.0387745541616,134768000
2018-04-25,38.56277084350586,38.97985774663225,38.27057737549611,38.32006012932007,113528400
2018-04-26,38.69708251953125,39.052900212873844,38.49678562460161,38.67351690991345,111852000
2018-04-27,38.249366760253906,38.723005335962576,37.851131667287476,38.64524313476729,142623200
2018-04-30,38.94215393066406,39.413437426066245,38.136259584999245,38.20459770537288,169709600
2018-05-01,39.847042083740234,39.870604113627856,38.944533280461926,39.213164871326285,214277600
2018-05-02,41.607276916503906,41.88533253175076,40.95454808350027,41.29151415237828,266157600
2018-05-03,41.68267059326172,41.82641221003319,41.10534900300538,41.4446737111615,136272800
2018-05-04,43.31801986694336,43.41698896254927,41.984286805745036,42.00313857570913,224805200
2018-05-07,43.63142395019531,44.222883402962815,43.53480997715137,43.63613419599686,169805600
2018-05-08,43.841156005859375,43.88121467892142,43.28032739177404,43.59137628229113,113611200
2018-05-09,44.14984130859375,44.159265397142114,43.645568074468635,43.95897205391952,92844800
2018-05-10,44.78135681152344,44.85911902088463,44.218173170035804,44.2393836603036,111957200
2018-05-11,44.61103439331055,44.958763733617126,44.341367109957716,44.823931896676854,104848800
2018-05-14,44.5069580078125,44.83339872725097,44.438359977373224,44.71039150392342,83115200
2018-05-15,44.102455139160156,44.25148303938464,43.78547848391133,44.182881405213294,94780800
2018-05-16,44.51404571533203,44.5802831378925,43.998367654933716,44.01492791294186,76732400
2018-05-17,44.23256301879883,44.68673937854527,44.08353510360272,44.47147763647819,69176000
2018-05-18,44.07169723510742,44.42652277704792,44.029119902621154,44.27986270807691,73190800
2018-05-21,44.38395309448242,44.77189560949007,44.21363651623783,44.471475588215206,73603200
2018-05-22,44.27277374267578,44.67964071954757,44.182883435619345,44.56136551951444,60962800
2018-05-23,44.556636810302734,44.589753724392864,43.94160428065987,44.081171770264554,80233600
2018-05-24,44.5069580078125,44.67017836753173,44.048053246327676,44.65362171582824,92936000
2018-05-25,44.60867691040039,44.86178397307931,44.388683151388115,44.5258828228153,69844000
2018-05-29,44.44783401489258,44.64890336788852,44.20418730778864,44.376871758045915,90056400
2018-05-30,44.35319519042969,44.47147037760417,44.18287863214066,44.40523656154424,74762000
2018-05-31,44.20417404174805,44.52588274430976,44.03149325278761,44.28696812918716,109931200
2018-06-01,45.0013427734375,45.0060711819214,44.412331064700744,44.46910445175667,93770000
2018-06-04,45.377464294433594,45.753578569376124,45.263921111511316,45.332519140294664,105064800
2018-06-05,45.72755813598633,45.8765860459165,45.50283597350951,45.67078834894453,86264000
2018-06-06,45.88605880737305,45.90971529798077,45.39876542043306,45.80326830919342,83734400
2018-06-07,45.76304626464844,45.9380912670048,45.498107337356295,45.923898819189205,85388800
2018-06-08,45.346710205078125,45.417676045794195,44.89016967320631,45.22133878391785,106627200
2018-06-11,45.23553466796875,45.41058327377536,44.99425584445907,45.2639231720962,73234000
2018-06-12,45.483917236328125,45.5619793128146,45.21661409043262,45.273387494097285,67644400
2018-06-13,45.11016845703125,45.62585029625447,45.048666641672256,45.5170355050327,86553600
2018-06-14,45.133827209472656,45.3159720691579,44.99662751342811,45.31124004943955,86440400
2018-06-15,44.67018508911133,44.9824334085104,44.53298539811537,44.95168069568292,246876800
2018-06-18,44.64652633666992,44.76006952448041,44.282236678630035,44.44309283671168,73939600
2018-06-19,43.9250373840332,44.076429471633276,43.39516327269693,43.794933962781876,134314000
2018-06-20,44.116661071777344,44.282245672940235,43.93451620576137,44.08117994634015,82514800
2018-06-21,43.870643615722656,44.55427420282024,43.74763638348965,44.294067290302934,102847600
2018-06-22,43.74290466308594,44.03386067854398,43.69086328022703,44.02676445446986,108801600
2018-06-25,43.09239196777344,43.74290565884498,42.75175876656936,43.38334798985477,126652400
2018-06-26,43.62699508666992,44.123752445008655,43.17991490795434,43.28636549150779,98276800
2018-06-27,43.5631217956543,44.30115787617731,43.53236908914164,43.81622884246029,101141200
2018-06-28,43.880096435546875,44.048048797133816,43.47796150277597,43.54892734019965,69460800
2018-06-29,43.787845611572266,44.27987088708251,43.26743544249482,44.06697335691033,90950800
2018-07-02,44.277503967285156,44.30589247089848,43.38807572597858,43.4826980555683,70925200
2018-07-03,43.5063591003418,44.459657141944504,43.41646877272045,44.42180820300146,55819200
2018-07-05,43.85645294189453,44.09537121166383,43.59151758715277,43.823336022551814,66416800
2018-07-06,44.464378356933594,44.5731895181121,43.80913274741524,43.861174123447604,69940800
2018-07-09,45.081787109375,45.10543998969581,44.77900280926949,44.826312179384686,79026400
2018-07-10,45.027374267578125,45.24736442747198,44.98715751950538,45.11253256386964,63756400
2018-07-11,44.44309616088867,44.892540536298526,44.37922653382369,44.58975627317487,75326000
2018-07-12,45.188228607177734,45.27811892611248,44.7813615765416,44.83340296019085,72164400
2018-07-13,45.25919723510742,45.379836663073824,45.15747866647142,45.2000596236482,50055600
2018-07-16,45.15983963012695,45.57143503338008,45.04392862984047,45.30413552457632,60172400
2018-07-17,45.28757095336914,45.386921682956974,44.755332581630604,44.88543601661674,62138000
2018-07-18,45.039188385009766,45.3703610641401,44.92800942388048,45.36562904615294,65573600
2018-07-19,45.3892936706543,45.547782011675714,44.87124769700974,44.87124769700974,81147200
2018-07-20,45.28520584106445,45.519388409872334,44.98478584438676,45.36563210490812,82704800
2018-07-23,45.32542037963867,45.408214459941114,44.84049135816543,45.105426639977246,63957600
2018-07-24,45.654232025146484,45.81035617192052,45.42950984329037,45.52412856950146,74791600
2018-07-25,46.08476257324219,46.09185879831872,45.519403506005766,45.66843145156004,66839600
2018-07-26,45.94045639038086,46.35441960496236,45.79852470159238,46.03507510992466,76304000
2018-07-27,45.1763916015625,46.17227031245225,44.96822971681248,46.12496095725781,96096000
2018-07-30,44.92329025268555,45.46498911575692,44.72458877003278,45.39402326924583,84118000
2018-07-31,45.013179779052734,45.45079951875537,44.788457592235076,45.015547593417764,157492000
2018-08-01,47.66490173339844,47.72640353299923,46.673755060285146,47.10427848590774,271742800
2018-08-02,49.05820083618164,49.2923870961532,47.39288714924929,47.447292745595696,249616000
2018-08-03,49.20012664794922,49.377539475543834,48.60638274153638,48.973036640459895,133789600
2018-08-06,49.455596923828125,49.498174265918486,48.982496094524244,49.20248624760357,101701600
2018-08-07,48.9919548034668,49.55731013026369,48.9091607174553,49.51473278966766,102349600
2018-08-08,49.02507781982422,49.15754548635724,48.3792961407391,48.74121801875727,90102000
2018-08-09,49.41065216064453,49.62354609173593,49.01324558394157,49.56440848760244,93970400
2018-08-10,49.26348114013672,49.63616955463809,49.05933415368771,49.22312696657649,98444800
2018-08-13,49.581565856933594,50.075316755482326,49.303831655649645,49.68601364999049,103563600
2018-08-14,49.79044723510742,49.9827244255805,49.43674978629977,49.88777388924071,82992000
2018-08-15,49.906768798828125,50.02545879001644,49.45337216317732,49.66464020260727,115230400
2018-08-16,50.63790512084961,50.75421900677927,50.19875065654081,50.265216769109614,114001600
2018-08-17,51.64915084838867,51.73698030633501,50.59993147962187,50.66639760273782,141708000
2018-08-20,51.14590072631836,52.02895106876091,51.06281627042772,51.77258383451957,121150800
2018-08-21,51.046199798583984,51.55656903377476,50.80644727346733,51.46399096742954,104639200
2018-08-22,51.048583984375,51.35955129169982,50.76135251040176,50.82307364580705,76072400
2018-08-23,51.15302276611328,51.52333502466654,50.941754689265245,50.95362079278084,75532800
2018-08-24,51.31207275390625,51.48773167368857,51.06282297563626,51.416520556010404,73905600
2018-08-27,51.73460388183594,51.9245086286622,51.352421891870854,51.54707163132223,82100400
2018-08-28,52.15238952636719,52.351787873308055,51.967233401046144,51.98859673347588,91107200
2018-08-29,52.93099594116211,53.05206206974539,52.08355115173743,52.25921004869096,109019200
2018-08-30,53.41763687133789,54.184373483370116,52.79332612805023,52.99510063643723,195175200
2018-08-31,54.03481674194336,54.329165657459775,53.64788613858732,53.768948648472445,173360400
2018-09-04,54.208106994628906,54.40275674720709,53.797440532691446,54.219976721255726,109560400
2018-09-05,53.854400634765625,54.519065373926225,53.43424063338607,54.35764870897098,133332000
2018-09-06,52.9594841003418,53.96834918895152,52.53219933838664,53.70248110255072,137160000
2018-09-07,52.53219223022461,53.49832690084473,52.39213890618579,52.66275194845197,150479200
2018-09-10,51.82719039916992,52.66276924818167,51.38566333020641,52.4491250148644,158066000
2018-09-11,53.137516021728516,53.24433630046414,51.407013742111914,51.75121402787401,142996000
2018-09-12,52.47761154174805,53.41051343783881,52.18563146035263,53.39627121379655,197114800
2018-09-13,53.74522018432617,54.205738079671086,52.83368162441811,53.059191956699685,166825600
2018-09-14,53.1351432800293,53.84728334636249,52.82180353435116,53.588539991573036,127997200
2018-09-17,51.720359802246094,52.92387461747475,51.57555784548122,52.7339698774686,148780400
2018-09-18,51.805816650390625,52.66275866386363,51.53994856606182,51.698992744135595,126286800
2018-09-19,51.83667755126953,52.133402597695046,51.10792272075707,51.86753811518,108495200
2018-09-20,52.23073196411133,52.76483707510181,52.02183636161945,52.28058336820857,106435200
2018-09-21,51.66814041137695,52.54644583555684,51.58030733346659,52.40876497760596,384986800
2018-09-24,52.4111328125,52.522701711224435,51.423634686068496,51.46873746922922,110773600
2018-09-25,52.74346160888672,52.89301216464944,52.15238411803855,52.16425384220136,98217600
2018-09-26,52.32331085205078,53.11378686326382,52.16663914774575,52.46099171745834,95938800
2018-09-27,53.398643493652344,53.75234108517246,53.0639367414889,53.130406490303386,120724800
2018-09-28,53.586158752441406,53.609894577500874,53.17786489125524,53.36064487052438,91717600
2018-10-01,53.946983337402344,54.45972506223345,53.730970266832315,54.110776134678815,94403200
2018-10-02,54.42648696899414,54.5974008614614,53.79743140792117,53.94460585116132,99152800
2018-10-03,55.08879089355469,55.42112152044148,54.54518854127222,54.60928217007616,114619200
2018-10-04,54.12027359008789,55.155250651361975,53.82117243828827,54.78256227082808,128168000
2018-10-05,53.241966247558594,54.21997445097182,52.3612883495571,54.11315416006722,134322000
2018-10-08,53.11852264404297,53.363023749806906,52.27107432089767,52.74821043034734,118655600
2018-10-09,53.854400634765625,53.94935481014939,52.75770616953607,53.08766423196535,107564000
2018-10-10,51.35954284667969,53.73097062315094,51.28595561776469,53.519702543759095,167962400
2018-10-11,50.90614700317383,52.10491688602584,50.40052999940235,50.9227653439931,212497600
2018-10-12,52.72447967529297,52.907263316289296,51.4734858776768,52.32330683693242,161351600
2018-10-15,51.596923828125,52.6580128594491,51.57556049458657,52.49896867288773,123164000
2018-10-16,52.733978271484375,52.93338027240337,51.45449990773758,51.96961419733619,116736000
2018-10-17,52.506099700927734,52.850300087428536,52.06694511054678,52.76959173072979,91541600
2018-10-18,51.278846740722656,52.16190094264341,50.5619578731133,51.71562522580767,130325200
2018-10-19,52.059810638427734,52.52270094439236,51.613535050045634,51.763085618946356,132314800
2018-10-22,52.377899169921875,53.02120060810518,51.97198137027068,52.173752210932165,115168400
2018-10-23,52.871646881103516,52.99508549645666,50.96548575301715,51.233726314612056,155071200
2018-10-24,51.058074951171875,53.227728500085554,50.92751519703106,52.840801475072816,163702000
2018-10-25,52.17612838745117,52.55118924843808,51.4521186121958,51.68000502193236,119423200
2018-10-26,51.345298767089844,52.26870689490897,50.483608140162744,51.25034458633483,189033600
2018-10-29,50.38153839111328,52.15001887333617,48.92164904724457,52.031328859467095,183742000
2018-10-30,50.63316345214844,51.07943546602377,49.676522177021106,50.122794190896435,146640000
2018-10-31,51.952999114990234,52.330432534093326,51.42126648646341,51.48298761908578,153435600
2018-11-01,52.75059509277344,52.783828154946114,51.4663681507219,51.99810076761686,233292800
2018-11-02,49.25160217285156,50.716236361600885,48.764972440648876,49.74298051932691,365314800
2018-11-05,47.85343933105469,48.5181041388236,47.04160006391353,48.49674080545637,264654800
2018-11-06,48.37091827392578,48.596428524602615,47.87716749378135,47.93176387355699,127531600
2018-11-07,49.83793640136719,49.864048349461974,48.45638651506329,48.89316489943807,133697600
2018-11-08,49.66404724121094,50.052324278753815,49.24956351184435,50.018975263846386,101450400
2018-11-09,48.706443786621094,49.07328291204292,48.17762115241133,48.96370914662339,137463200
2018-11-12,46.25290298461914,47.60592795463001,46.16238267177907,47.40344945530987,204542000
2018-11-13,45.790767669677734,46.969897697562864,45.60496553848464,45.64784491055877,187531600
2018-11-14,44.497314453125,46.32675258754113,44.29007074517611,46.18859132716536,243204000
2018-11-15,45.59543991088867,45.72883594319939,44.521118426474104,44.876050011190976,185915200
2018-11-16,46.10044479370117,46.44346527358321,45.13093905450507,45.37867404843674,147713200
2018-11-19,44.27339172363281,45.42631894360854,44.06615168008175,45.25957387208643,167701200
2018-11-20,42.15809631347656,43.22765269611012,41.80792988484393,42.489205645373524,271300800
2018-11-21,42.1104621887207,42.941810448552935,42.05567529849002,42.81317593350857,124496800
2018-11-23,41.04090118408203,42.06758187961476,40.99564466604918,41.67215527959916,94496000
2018-11-26,41.59593200683594,41.67454118167568,40.55734367784053,41.50541532486275,179994000
2018-11-27,41.50541305541992,41.63166315620087,40.705033069179756,40.85510181769542,165549600
2018-11-28,43.101409912109375,43.18478063533533,41.669775718516014,42.09855138078,184250000
2018-11-29,42.77030944824219,43.54448657630783,42.32962255220415,43.51113755310507,167080000
2018-11-30,42.53923416137695,42.95609864238887,42.17001060838386,42.94656827592321,158126000
2018-12-03,44.02565383911133,44.05423766814675,43.165721846188546,43.93989871723536,163210000
2018-12-04,42.08902359008789,43.44681012414803,41.98897654386978,43.10378960296019,165377200
2018-12-06,41.6197509765625,41.63404289180075,40.595454645505626,40.91465286839291,172393600
2018-12-07,40.135719299316406,41.56496915357953,40.09045913903482,41.32676084453568,169126400
2018-12-10,40.4001350402832,40.51685479809434,38.90656776319262,39.30437524617842,248104000
2018-12-11,40.16905975341797,40.921795087092974,39.7807791293288,40.890830485162546,189126800
2018-12-12,40.28102111816406,40.95276656961657,40.26196401982053,40.59068897062927,142510800
2018-12-13,40.721702575683594,41.107602440425985,40.3882124553084,40.6121288081759,127594400
2018-12-14,39.41870880126953,40.27626014246563,39.37106786781869,40.257203042131245,162814800
2018-12-17,39.051876068115234,40.10237572596526,38.76364237574099,39.41156935508812,177151600
2018-12-18,39.55924987792969,39.90703192311452,39.15905808682064,39.39488558701543,135366000
2018-12-19,38.325340270996094,39.88798642404335,37.896564525398766,39.542585052646096,196189200
2018-12-20,37.358211517333984,38.61595116475634,36.99375307602242,38.20861333547078,259092000
2018-12-21,35.905147552490234,37.67503767899927,35.643120519346226,37.3653660627642,382978400
2018-12-24,34.97612380981445,36.10046723431254,34.91895251144724,35.29055686390897,148676800
2018-12-26,37.43918991088867,37.453481824208964,34.94991444565074,35.32628391375255,234330000
2018-12-27,37.196231842041016,37.343923488475426,35.74792829430979,37.12238783620926,212468400
2018-12-28,37.21528625488281,37.76078536424733,36.81509800649842,37.517811850716434,169165600
2018-12-31,37.57497787475586,37.9608741506893,37.27483309590084,37.76316082907262,140014000
2019-01-02,37.617855072021484,37.839390685649526,36.738865845414956,36.896084198987076,148158800
2019-01-03,33.87083435058594,34.71170924937219,33.8255741979129,34.29722555279616,365248800
2019-01-04,35.31675338745117,35.38583581454372,34.25434664142994,34.42823764398357,234428400
2019-01-07,35.238155364990234,35.45254503587292,34.75459276161484,35.421576790854516,219111200
2019-01-08,35.90989685058594,36.16478144522651,35.37869342403088,35.62642842655381,164101200
2019-01-09,36.51971435546875,36.81032877594301,35.64310954502001,36.038532565619036,180396400
2019-01-10,36.636436462402344,36.67693143634063,35.93610349421872,36.32676495224882,143122800
2019-01-11,36.276729583740234,36.612604058869536,36.090927455960006,36.41727520123071,108092800
2019-01-14,35.73124313354492,36.03376867647788,35.54544096003209,35.93372163187635,129756800
2019-01-15,36.46253967285156,36.53876442507238,35.74314971840054,35.795555825764026,114843600
2019-01-16,36.907989501953125,37.131905854686835,36.445864882016686,36.46492197956527,122278800
2019-01-17,37.12714385986328,37.5559195046028,36.50780085804286,36.73171723000517,119284800
2019-01-18,37.3558349609375,37.60833522881441,37.1557371857476,37.51781489324686,135004000
2019-01-22,36.5173225402832,37.33437502794704,36.355339053118676,37.25815028410485,121576000
2019-01-23,36.66501998901367,36.95563439699075,36.13619728825342,36.71980687861818,92522400
2019-01-24,36.37440872192383,36.798419228909076,36.14573077657716,36.7102833160953,101766000
2019-01-25,37.579734802246094,37.667874332465686,36.76030141896033,37.0366202455851,134142000
2019-01-28,37.231956481933594,37.23910243985736,36.6030867412518,37.11046792768946,104768400
2019-01-29,36.8460578918457,37.66787943003454,36.710281051690714,37.22004666542963,166348800
2019-01-30,39.36391830444336,39.578304302722984,38.16811172006146,38.887501744026494,244439200
2019-01-31,39.64738082885742,40.257193353717504,39.19954816570171,39.56877167193524,162958400
2019-02-01,39.666446685791016,40.25243706170224,39.52590102795281,39.77125891817062,130672400
2019-02-04,40.79316329956055,40.89082955557132,39.84747624498772,39.87844448098369,125982000
2019-02-05,41.491119384765625,41.70550903271067,41.05520140029468,41.17668632312443,144406400
2019-02-06,41.50541305541992,41.82223051192853,41.17430368331649,41.60307569024123,112958400
2019-02-07,40.719329833984375,41.43395477698931,40.576403391475225,41.06711193744201,126966800
2019-02-08,40.76716613769531,40.82697360976504,40.29109734589125,40.427460134382265,95280000
2019-02-11,40.53272247314453,40.95855507730513,40.48966284090692,40.920277415076946,83973600
2019-02-12,40.88199996948242,40.90831540610889,40.597315786984844,40.693009943062364,89134000
2019-02-13,40.7121467590332,41.26237631491163,40.64994829285385,41.00161657355029,89960800
2019-02-14,40.86045837402344,40.970502058840765,40.520752431185734,40.599698718306556,87342800
2019-02-15,40.76955795288086,41.07577192408644,40.60927436251219,40.96811920223984,98507200
2019-02-19,40.89156723022461,41.01357682194491,40.54707922219934,40.59971009502795,75891200
2019-02-20,41.154727935791016,41.46333661496224,40.90593039437642,40.953775654222376,104457600
2019-02-21,40.92266845703125,41.236059059948154,40.74085503673257,41.09969990731384,68998800
2019-02-22,41.37959289550781,41.38676949992422,40.9992182600049,41.047063506233734,75652800
2019-02-25,41.6810188293457,42.07335566637891,41.614034758415016,41.66427463679207,87493600
2019-02-26,41.7049560546875,41.937009389498,41.42744844702722,41.55663465937493,68280800
2019-02-27,41.83414077758789,41.865241839640916,41.3221888233918,41.43702182926786,111341600
2019-02-28,41.422664642333984,41.84371169320655,41.367642775589275,41.70256689790694,112861600
2019-03-01,41.85806655883789,41.9011261996357,41.36046780202603,41.69299730172728,103544800
2019-03-04,42.06857681274414,42.52311213491494,41.6188234600239,42.03029915498957,109744800
2019-03-05,41.99202346801758,42.10446181147463,41.75518455619896,42.09010860173263,78949600
2019-03-06,41.750389099121094,41.982442315941746,41.61163536584172,41.786272111884145,83241600
2019-03-07,41.267154693603516,41.731261249287456,41.1523253722086,41.594898464214864,99185600
2019-03-08,41.3652458190918,41.40352348189286,40.54947092614344,40.74564121022977,95997600
2019-03-11,42.79822540283203,42.85085627009745,41.94896222270755,41.98245426093479,128044000
2019-03-12,43.279090881347656,43.70013427679356,42.91067471626808,43.06139075201512,129870400
2019-03-13,43.47046661376953,43.8508412776213,43.281472949096475,43.59964915325102,124130000
2019-03-14,43.953712463378906,44.04223001659465,43.67381389321422,43.99438111199851,94318000
2019-03-15,44.525482177734375,44.81495205623566,43.956117314378744,44.22166273502183,156171600
2019-03-18,44.98000717163086,45.06852106720787,44.446521862203355,44.44891649745156,104879200
2019-03-19,44.62355422973633,45.212061406706034,44.47762384055318,45.05895441234656,126585600
2019-03-20,45.01350021362305,45.33167642823351,44.19293973376268,44.55178459455299,124140800
2019-03-21,46.67136764526367,46.968014081984975,45.40823386690065,45.458473759949264,204136800
2019-03-22,45.70486831665039,47.29335453951794,45.640275228345565,46.73116287352038,169630800
2019-03-25,45.152259826660156,45.92736248979767,44.64030790519113,45.81492412687306,175381200
2019-03-26,44.685752868652344,46.1426657813242,44.157056816652506,45.85080500180008,199202000
2019-03-27,45.08766555786133,45.396270563858714,44.6283445266499,45.15464964676555,119393600
2019-03-28,45.147464752197266,45.34841698201704,44.86278060144004,45.202486604333025,83121600
2019-03-29,45.44172668457031,45.47282774509854,45.10441159077078,45.41302025968838,94256000
2019-04-01,45.75033187866211,45.8555899786877,45.06613415152161,45.84602238790681,111448000
2019-04-02,46.41539001464844,46.52065176331116,45.704876861533926,45.71444445215832,91062800
2019-04-03,46.73356628417969,47.008679231753774,46.20725754043274,46.23118199255174,93087200
2019-04-04,46.81489562988281,46.97757019551534,46.204858708044306,46.599586548456024,76457200
2019-04-05,47.128292083740234,47.152216534789176,46.87231432887972,46.996714903688506,74106400
2019-04-08,47.86990737915039,47.901004785809306,46.97040056388295,46.98953939509702,103526800
2019-04-09,47.72636795043945,48.527789624287095,47.66177485141358,47.922538232533284,143072800
2019-04-10,47.99431228637695,48.02302236315101,47.41059061354983,47.53020559075672,86781200
2019-04-11,47.59478759765625,48.08520961987092,47.47278166349611,48.0493265952234,83603200
2019-04-12,47.575645446777344,47.87946841889986,46.93929673517641,47.65459174584973,111042800
2019-04-15,47.661781311035156,47.8101063603956,47.36992048371341,47.506283305653916,70146400
2019-04-16,47.666561126708984,48.17372738438398,47.50149189935205,47.71680101561021,102785600
2019-04-17,48.59477615356445,48.65458363520854,47.51345586333893,47.73593794288261,115627200
2019-04-18,48.769405364990234,48.83878042671001,48.44883818950445,48.59237393282901,96783200
2019-04-22,48.929691314697266,49.02777645010352,48.40577724792963,48.52300121344138,77758000
2019-04-23,49.63542556762695,49.70001867175577,48.77898196787563,48.90577354056907,93292000
2019-04-24,49.558860778808594,49.87464230923597,49.53254534707647,49.60670602276934,70162400
2019-04-25,49.1091194152832,49.70240861567944,49.07084175064887,49.47992653441548,74172800
2019-04-26,48.87466812133789,49.04212831722745,48.35314505372925,49.01820386766102,74596400
2019-04-29,48.94883728027344,49.27419013877787,48.76941482853259,48.89859738762798,88818800
2019-04-30,48.006263732910156,48.65936033968653,47.63306567189509,48.57802304953885,186139600
2019-05-01,50.3626823425293,51.508592020453015,50.054073710339814,50.209575344115216,259309200
2019-05-02,50.034934997558594,50.87223969563154,49.79092311380709,50.200004222093234,127985200
2019-05-03,50.65692901611328,50.67845883004592,50.293298562586756,50.451191165476246,83569600
2019-05-06,49.87466049194336,49.96078342261361,48.68329632630447,48.872286386474464,129772400
2019-05-07,48.53017807006836,49.62106583922841,48.04454166099368,49.252653396273296,155054800
2019-05-08,48.53974914550781,49.12347073241289,48.26463619857152,48.300519226307955,105358000
2019-05-09,48.01823425292969,48.24789295306125,47.04696127241334,47.94167891931302,139634400
2019-05-10,47.3530158996582,47.754071662583286,46.2939518022013,47.41065351176873,164834800
2019-05-13,44.60087966918945,45.50384683187494,43.911646920796755,45.07878186043574,229722400
2019-05-14,45.30692672729492,45.55668236546446,44.52643531944236,44.766586521858535,146118800
2019-05-15,45.849666595458984,46.04899253088982,44.672927182991636,44.73296498290153,106178800
2019-05-16,45.6479377746582,46.22189896136479,45.35014898548038,45.60711251285755,132125600
2019-05-17,45.388572692871094,45.844858465816024,44.850632734358356,44.89145799493417,131516400
2019-05-20,43.969276428222656,44.271869244843735,43.29445223308519,44.07254333586166,154449200
2019-05-21,44.812217712402344,45.14842794409167,44.35592821006204,44.480807866582374,113459200
2019-05-22,43.894832611083984,44.59847747756857,43.83959886543886,44.34631800439947,118994400
2019-05-23,43.14555740356445,43.35688792824401,42.70127630087509,43.179178418700914,146118800
2019-05-24,42.97986602783203,43.74114498900121,42.89581163136659,43.275251015393394,94858800
2019-05-28,42.80214309692383,43.36890001918463,42.72529662605627,42.96784799476519,111792800
2019-05-29,42.598018646240234,43.071116776934666,42.26660883616166,42.367471894790725,113924800
2019-05-30,42.81895446777344,43.04229329759993,42.42750688692771,42.73490009226382,84873600
2019-05-31,42.04326629638672,42.74450725980642,42.02405376341982,42.32183886336672,108174400
2019-06-03,41.61820602416992,42.727703457706276,40.890548140562736,42.17055454799359,161584400
2019-06-04,43.14075469970703,43.18638400690421,41.91118191989877,42.13212054974457,123872000
2019-06-05,43.83720397949219,44.425577425433545,43.50099372274024,44.25506843952701,119093600
2019-06-06,44.48080062866211,44.5408384220099,43.743534767431555,43.96687726418169,90105200
2019-06-07,45.664737701416016,46.089806244285995,44.612878202409995,44.79058770038,122737600
2019-06-10,46.24831771850586,46.9183379423231,46.01777095823644,46.06340027173679,104883600
2019-06-11,46.78386306762695,47.06964363313487,46.49328211563886,46.79587136266169,107731600
2019-06-12,46.634952545166016,47.06242130029933,46.44283089170463,46.577314949802876,73012800
2019-06-13,46.625362396240234,47.25936153163985,46.4932821440289,46.75744631286873,86698400
2019-06-14,46.28673553466797,46.49086182041793,45.700766122555855,46.00095507020215,75046000
2019-06-17,46.56290817260742,46.81987167221263,46.14984788508107,46.32515720549366,58676400
2019-06-18,47.65800857543945,48.09988593799159,46.87992097277521,47.081647116842475,106204000
2019-06-19,47.51871871948242,48.001424996498194,47.3842346282757,47.953391822995805,84496800
2019-06-20,47.90055465698242,48.176727040616036,47.55713657353641,48.11908943981231,86056000
2019-06-21,47.73725891113281,48.234373692252646,47.58596247089342,47.74206296153859,191202400
2019-06-24,47.68922805786133,48.06866741206735,47.59076518160692,47.67961995732024,72881600
2019-06-25,46.96636962890625,47.852524435135905,46.899123924956235,47.65319850922663,84281200
2019-06-26,47.982200622558594,48.267981078077895,47.393831036474246,47.49469407999593,104270000
2019-06-27,47.96780776977539,48.407284958301716,47.92698250060085,48.099888014109574,83598800
2019-06-28,47.53071594238281,47.91015520529247,47.32178561109309,47.71322950016567,124442400
2019-07-01,48.402469635009766,49.10851466970261,48.18633138073166,48.79151336252782,109012000
2019-07-02,48.68585205078125,48.7819147300247,48.35684607736168,48.368854370319184,67740800
2019-07-03,49.08931350708008,49.09651775078318,48.676253100823125,48.81794144620673,45448000
2019-07-05,49.04607391357422,49.25020388004415,48.72667240803768,48.83474336935479,69062000
2019-07-08,48.035037994384766,48.366444116802036,47.648394464551245,48.22475580612427,101354400
2019-07-09,48.328033447265625,48.39287163911099,47.74446406973932,47.83812290015504,82312000
2019-07-10,48.80592727661133,48.926002876430864,48.40487521294406,48.47452111291263,71588400
2019-07-11,48.45050048828125,49.0844994559007,48.44089605343959,48.825135742181445,80767200
2019-07-12,48.82273483276367,48.99083992314614,48.55856707329398,48.618604867317444,70380800
2019-07-15,49.28142166137695,49.43991864364643,48.99083714245371,49.01244986761555,67789600
2019-07-16,49.11091613769531,49.497559682715426,48.870764958537876,49.13252886435959,67467200
2019-07-17,48.83474349975586,49.25260420414418,48.815530965790764,49.00284859143025,56430000
2019-07-18,49.38949203491211,49.44232558710556,48.91879411475666,48.99084020087647,74162400
2019-07-19,48.6522331237793,49.59122524146757,48.59699937109666,49.42071626872984,83717200
2019-07-22,49.76413345336914,49.76653364625136,48.897187448726754,48.90679188467226,89111600
2019-07-23,50.153167724609375,50.16998006484622,49.780932691130964,50.06191277497595,73420800
2019-07-24,50.11235046386719,50.22762201382964,49.75212366387008,49.87219926386912,59966400
2019-07-25,49.716102600097656,50.24923855886017,49.646456699814195,50.165184172839865,55638400
2019-07-26,49.88900375366211,50.36690222120476,49.744911590578496,49.82656210626511,70475600
2019-07-29,50.354896545410156,50.58544328543427,50.05711143404849,50.06191548357835,86693600
2019-07-30,50.13876724243164,50.47017707104218,49.785744685281244,50.13396319239506,135742800
2019-07-31,51.16180419921875,53.16226390674022,50.743943504114036,51.973516335233505,277125600
2019-08-01,50.05470275878906,52.36015527944191,49.64885039077765,51.36832985092455,216071600
2019-08-02,48.99564743041992,49.57440902069414,48.42168622562673,49.3582744127231,163448400
2019-08-05,46.430824279785156,47.70602634991593,46.248310717827536,47.5475293696651,209572000
2019-08-06,47.309783935546875,47.56674746508109,46.59893480823304,47.1440790298721,143299200
2019-08-07,47.79969787597656,47.924577538136305,46.54611186154358,46.927951427152,133457600
2019-08-08,48.853946685791016,48.877963266557416,47.88373765212976,48.078259497324076,108038000
2019-08-09,48.451385498046875,48.87806552036093,48.04157434056095,48.526114642802234,98478800
2019-08-12,48.328433990478516,48.70690564326223,48.00781893127482,48.12111912807383,89927600
2019-08-13,50.37507247924805,51.13924382722564,48.328440715985266,48.45861715007124,188874000
2019-08-14,48.875648498535156,49.76517383656183,48.83707743689404,48.97448546461343,146189600
2019-08-15,48.63218307495117,49.45179803046453,48.133179543590074,49.04681285574201,108909600
2019-08-16,49.779640197753906,49.938743078281775,49.13841005138823,49.24447863840681,110481600
2019-08-19,50.70772933959961,51.281458201897074,50.63058722259302,50.772813862693,97654400
2019-08-20,50.71015167236328,51.43093334007396,50.70051074443123,50.835505805517215,107537200
2019-08-21,51.259769439697266,51.50324237848759,51.00906488637231,51.34414318038667,86141600
2019-08-22,51.21638107299805,51.69368603628519,50.80416064220066,51.392356495109624,89014800
2019-08-23,48.8491325378418,51.117542118657454,48.45378834228211,50.48595292357212,187272000
2019-08-26,49.7772331237793,49.945976938742,49.43251020046901,49.625361851143225,104174400
2019-08-27,49.21555709838867,50.273826405538145,49.063685817402416,50.10749189366548,103493200
2019-08-28,49.54581069946289,49.59161338058128,49.01306210348635,49.20109145245917,63755200
2019-08-29,50.384700775146484,50.45943357956164,49.81820353268084,50.26175966563386,83962000
2019-08-30,50.31962585449219,50.73184262161653,49.94838578668579,50.66193578404583,84573600
2019-09-03,49.58677673339844,49.89533781570116,49.23000367167433,49.76275211353868,80092000
2019-09-04,50.428096771240234,50.4980035991261,49.977309001123494,50.23524514907617,76752400
2019-09-05,51.41404724121094,51.580381723216085,50.98736361498107,51.10548610990879,95654800
2019-09-06,51.40923309326172,51.68886781233936,51.228435354290056,51.599675438181954,77449200
2019-09-09,51.62860870361328,52.17582429562149,50.881313491046114,51.79012093031335,109237600
2019-09-10,52.23848342895508,52.25776895911056,51.0355783720099,51.55386366096022,127111600
2019-09-11,53.89942169189453,53.92835183174027,52.486788527686315,52.56875296585321,177158400
2019-09-12,53.77888870239258,54.58163109690055,53.723445092923804,54.19110916164671,128906800
2019-09-13,52.732666015625,53.22443417394161,52.31562698975631,53.03399553571428,159053200
2019-09-16,53.00989532470703,53.06534261277984,52.445807264794794,52.48678764401857,84632400
2019-09-17,53.20273971557617,53.23166985098413,52.821858758031574,53.02435499253173,73274800
2019-09-18,53.70173645019531,53.72102197860774,52.898994261928124,53.28951609684897,101360000
2019-09-19,53.265411376953125,53.940386472496364,53.12318106622086,53.51852519861264,88242400
2019-09-20,52.48677444458008,53.651112026208985,52.42409923535349,53.36665875548239,221652400
2019-09-23,52.725440979003906,52.99543108561722,52.467501112026355,52.780884587682145,76662000
2019-09-24,52.474735260009766,53.63425454373812,52.35661642183471,53.28229998490953,124763200
2019-09-25,53.28230285644531,53.39560307597528,52.344565324276225,52.68446598286613,87613600
2019-09-26,53.00748062133789,53.260598164531714,52.75195376608397,53.03399776735513,75334000
2019-09-27,52.74954605102539,53.2654220796107,52.37830599554469,53.164172116596596,101408000
2019-09-30,53.99101638793945,54.138065335435286,53.22443220446224,53.250949348382434,103909600
2019-10-01,54.140480041503906,55.015542199716855,54.04646537248146,54.25619323286931,139223200
2019-10-02,52.78329086303711,53.89700358946659,52.53499195502535,53.771649479484324,138449200
2019-10-03,53.2316780090332,53.26542677356559,51.860025224931825,52.6555323429582,114426000
2019-10-04,54.723854064941406,54.839567257316276,53.97173670620037,54.39359806442688,138478800
2019-10-07,54.73591232299805,55.42776382828695,54.441814372815855,54.545473656079785,122306000
2019-10-08,54.09468078613281,54.976974614844835,54.077808243619614,54.43699440099302,111820000
2019-10-09,54.728675842285156,54.91188287761169,54.39359754238613,54.728675842285156,74770400
2019-10-10,55.466331481933594,55.55070522641308,54.79376555162797,54.945633142016156,113013600
2019-10-11,56.941646575927734,57.28636583098088,56.00149613077123,56.15577672015505,166795600
2019-10-14,56.85968017578125,57.40448636193365,56.57040454046754,56.625848148304016,96427600
2019-10-15,56.72710418701172,57.288779297182636,56.621035584430885,56.985040399342694,87360000
2019-10-16,56.49808120727539,56.707809064497546,56.21603720446529,56.2570175797448,73903200
2019-10-17,56.71745300292969,56.92717719294954,56.29318232014836,56.671650322732425,67585200
2019-10-18,56.98985290527344,57.27189690728163,56.478795515091086,56.55111533881245,97433600
2019-10-21,57.97821044921875,58.09392363627501,57.2092205842307,57.257432573001324,87247200
2019-10-22,57.84563064575195,58.38561082629201,57.76366621548646,58.13490626794685,82293600
2019-10-23,58.62185287475586,58.6363197826314,58.149370210984436,58.36150738642255,75828800
2019-10-24,58.71826934814453,59.012367220481345,58.291585766420056,58.94245671992311,69275200
2019-10-25,59.441471099853516,59.477629173488126,58.54953639292147,58.61703391593217,73477200
2019-10-28,60.03689193725586,60.08510392289033,59.475213292684366,59.643957081574385,96572800
2019-10-29,58.64836502075195,60.20563758537324,58.47480260277576,60.0176082607551,142839600
2019-10-30,58.64113235473633,59.13290417825413,58.146954897662944,59.00272776918345,124522000
2019-10-31,59.966983795166016,60.06582076053263,57.194752211017715,59.6005697472304,139162000
2019-11-01,61.668907165527344,61.69542063687785,60.06342230976246,60.15502399914114,151125200
2019-11-04,62.073883056640625,62.15825679620855,61.56282935184472,62.03289900370376,103272000
2019-11-05,61.98468780517578,62.240214645668885,61.789426867755154,61.96539859645312,79897600
2019-11-06,62.011207580566406,62.07147348977056,61.560419756787894,61.89790737699547,75864400
2019-11-07,62.72691345214844,62.949361142413885,62.407752262154695,62.56007952914112,94940400
2019-11-08,62.89856719970703,62.97110045600225,62.10308472143455,62.54797257716268,69986400
2019-11-11,63.39664840698242,63.46192833748063,62.44883871415716,62.45367180497623,81821200
2019-11-12,63.33863067626953,63.53931836760968,63.087177071390876,63.2394969483059,87388800
2019-11-13,63.945499420166016,64.02045290680651,63.12342392301058,63.13793057340782,102734400
2019-11-14,63.50302505493164,64.04462628872201,63.3724578365131,63.7714054374306,89182800
2019-11-15,64.25740051269531,64.2622336027396,63.59248538281648,63.75447875507944,100206400
2019-11-18,64.5813980102539,64.66118458335217,63.88746954632591,64.26707005063002,86703200
2019-11-19,64.38557434082031,64.79902876426905,64.16796713788763,64.77484854643953,76167200
2019-11-20,63.636043548583984,64.33480548596809,62.96145445470267,64.20424556748875,106234400
2019-11-21,63.35071563720703,63.8342904112691,63.1500279738626,63.75691667651546,121395200
2019-11-22,63.295101165771484,63.63360202803236,63.06782043423232,63.490948356749755,65325200
2019-11-25,64.40489196777344,64.42181885231716,63.4740092418001,63.51994942626795,84020400
2019-11-26,63.90199661254883,64.59592529818575,63.46919508288151,64.5427317728704,105207600
2019-11-27,64.76032257080078,64.79417634141542,64.14860087392508,64.2138808016992,65235600
2019-11-29,64.61768341064453,64.79902396277917,64.29126894104898,64.46052307454771,46617600
2019-12-02,63.870540618896484,64.8594498920979,63.69887368430391,64.62249565738605,94487200
2019-12-03,62.73174285888672,62.75108260391447,61.967693801889936,62.456101685572456,114430400
2019-12-04,63.28541946411133,63.66502737953128,63.029125460025554,63.12342606957862,67181600
2019-12-05,64.21387481689453,64.28883567644561,63.52478684054282,63.78108081589941,74424400
2019-12-06,65.4542465209961,65.5243669132671,64.62975083416347,64.67327816174495,106075600
2019-12-09,64.53788757324219,65.47601636379221,64.05189260190541,65.28258942071827,128042400
2019-12-10,64.9150619506836,65.29950290178586,64.28157297782353,64.94407524831193,90420400
2019-12-11,65.46874237060547,65.54853630903852,64.91988787435372,64.9948413445408,78756800
2019-12-12,65.63557434082031,65.90154183015696,64.63457881755991,64.74579890264165,137310400
2019-12-13,66.52778625488281,66.5640528807458,65.50744336760692,65.63559036483228,133587600
2019-12-16,67.6666030883789,67.89147092794869,66.97026173028081,66.97509482084416,128186000
2019-12-17,67.79959106445312,68.12841831556894,67.41030959763874,67.59649057780555,114158400
2019-12-18,67.63758087158203,68.15984235538501,67.48767391747218,67.65208752012407,116028400
2019-12-19,67.70531463623047,67.98578894522153,67.44660768962197,67.57958782686217,98369200
2019-12-20,67.56507110595703,68.34120658769552,67.35229701505612,68.23966001261653,275978000
2019-12-23,68.66761779785156,68.7280646445046,67.78992840384697,67.82861527115676,98572000
2019-12-24,68.7328872680664,68.88280162309742,68.40648024886319,68.83444120163395,48478800
2019-12-26,70.0965805053711,70.11350739294336,68.83687031651944,68.8658836216346,93121200
2019-12-27,70.0699691772461,71.07822564604481,69.66376821117122,70.38913024148955,146266000
2019-12-30,70.48584747314453,70.76874192675591,68.96259007950816,69.98776610931984,144114400
2019-12-31,71.00086212158203,71.00811544777629,70.00227906916965,70.10141277966798,100805600
2020-01-02,72.62084197998047,72.68128882574726,71.37321819790198,71.62709199861638,135480400
2020-01-03,71.914794921875,72.67642344169198,71.68993450360992,71.84709477297488,146322800
2020-01-06,72.48784637451172,72.52653323692198,70.78324846628296,71.03470938256737,118387200
2020-01-07,72.14694213867188,72.75382346407903,71.92691473047077,72.49752942348555,108872000
2020-01-08,73.30750274658203,73.60973691556963,71.84952541053639,71.84952541053639,132079200
2020-01-09,74.8646469116211,75.05807391388103,74.03531775575006,74.28677138293455,170108400
2020-01-10,75.03387451171875,75.59966347515947,74.53096000715122,75.09916182683553,140644800
2020-01-13,76.63692474365234,76.66352519200935,75.23214067732687,75.35062150930146,121532000
2020-01-14,75.6020736694336,76.78441745974806,75.47876712733354,76.57406362681236,161954400
2020-01-15,75.278076171875,76.28391248020361,74.84527472915032,75.40139008732662,121923600
2020-01-16,76.22103881835938,76.33226630764163,75.45941017193344,75.82209118249474,108829200
2020-01-17,77.06488037109375,77.06729322689777,76.16301095015437,76.47007821096346,137816400
2020-01-21,76.5426254272461,77.1350000250309,76.40480486276103,76.69253240808335,110843200
2020-01-22,76.81585693359375,77.3695447452734,76.72155630946642,77.02862363912672,101832400
2020-01-23,77.18578338623047,77.26556997023165,76.3201804851689,76.86904252755714,104472000
2020-01-24,76.96332550048828,78.17709525774193,76.77231144105775,77.43239351756245,146537600
2020-01-27,74.7002182006836,75.38205304274135,73.71614173787451,74.96859866575934,161940000
2020-01-28,76.81343078613281,76.98509775416542,75.48360024038988,75.58273394834251,162234000
2020-01-29,78.42132568359375,79.2700018323593,77.70563703421264,78.44792613497704,216229200
2020-01-30,78.30767822265625,78.36087174184341,77.06972800749904,77.50252948730524,126743200
2020-01-31,74.83562469482422,78.01996079771159,74.54064375527754,77.59683282419269,199588400
2020-02-03,74.63009643554688,75.79792627872014,73.0729850588055,73.57589958168212,173788400
2020-02-04,77.09391021728516,77.2849243200521,75.83177975550196,76.23798079684781,136616400
2020-02-05,77.7225570678711,78.52287271376575,77.11808861152979,78.22305134186004,118826800
2020-02-06,78.63167572021484,78.63409595534088,77.43483255655748,77.99336084201738,105425600
2020-02-07,77.56285858154297,78.37961468469555,77.07086561575886,78.12998293153962,117684000
2020-02-10,77.93124389648438,77.93124389648438,76.06506702253098,76.14504296724274,109348800
2020-02-11,77.46107482910156,78.50080665271824,77.24295118542182,78.42810123691775,94323200
2020-02-12,79.30059814453125,79.30544270651585,77.91186562118695,77.91186562118695,113730400
2020-02-13,78.73588562011719,79.06307473499535,78.36749924118695,78.5710817713545,94747600
2020-02-14,78.75527954101562,79.00491129587996,78.24631951175783,78.70437836069574,80113600
2020-02-18,77.31321716308594,77.494988049833,76.24924802244713,76.43101890919421,152531200
2020-02-19,78.43294525146484,78.66319139368892,77.55559872430071,77.55559872430071,93984000
2020-02-20,77.62830352783203,78.68257641893778,77.12176941520916,78.19300936850892,100566000
2020-02-21,75.87116241455078,77.66464101568167,75.25314438056381,77.22111592621015,129554000
2020-02-24,72.26725769042969,73.72142482703582,70.09812948275813,72.04428953806494,222195200
2020-02-25,69.81941223144531,73.3215345796045,69.34681232251152,72.93860713253768,230673600
2020-02-26,70.92700958251953,72.19456142629366,69.43648955817032,69.44376009892217,198054800
2020-02-27,66.29064178466797,69.31531263503878,66.154920085896,68.12774407264509,320605600
2020-02-28,66.25186157226562,67.4757902084099,62.134146685522694,62.34985172812334,426510000
2020-03-02,72.41992950439453,73.05734046709884,67.30853410090411,68.41370027483313,341397200
2020-03-03,70.11994171142578,73.6778022281249,69.26682558358837,73.59782628927844,319475600
2020-03-04,73.37244415283203,73.53240346907992,71.04335603675204,71.84557120107807,219178400
2020-03-05,70.99244689941406,72.59929546384136,70.62647911575432,71.62258011074542,187572800
2020-03-06,70.04964447021484,70.48347300946683,68.15923041604361,68.34584584309786,226176800
2020-03-09,64.5093002319336,67.39824232728182,63.74101177856693,63.92278272470353,286744800
2020-03-10,69.15535736083984,69.42195621190889,65.2848479487525,67.16799957236155,285290000
2020-03-11,66.75355529785156,68.15682896396041,65.88832388635639,67.22858865883606,255598800
2020-03-12,60.16131591796875,65.43751995097615,60.105573880896614,62.02992228152743,418474000
2020-03-13,67.36914825439453,67.84175558934598,61.30526952735632,64.19906676832508,370732000
2020-03-16,58.70230484008789,62.79093319087167,58.1666849886367,58.63928856454173,322423600
2020-03-17,61.283451080322266,62.434663042742706,57.77890662120889,59.98681722549025,324056000
2020-03-18,59.78322982788086,60.59029297407206,57.46867989664371,58.110939221051666,300233600
2020-03-19,59.325172424316406,61.278603044823406,58.79924908019055,59.95773528488038,271857200
2020-03-20,55.55889129638672,61.03383075218806,55.25836203120277,59.9068487813525,401693200
2020-03-23,54.37858200073242,55.379534953760505,51.52841558126917,55.27774369215165,336752800
2020-03-24,59.83412551879883,60.030437470484934,56.785221623388836,57.28448503092087,287531200
2020-03-25,59.504520416259766,62.58977733010226,59.20883946854917,60.77206840473627,303602000
2020-03-26,62.63583755493164,62.6940018839561,59.70811342087556,59.74689210565115,252087200
2020-03-27,60.04256057739258,62.01295447288908,59.87533077006206,61.25678876823437,204216800
2020-03-30,61.75605392456055,61.92813199578418,60.44487900563897,60.76964580920623,167976400
2020-03-31,61.630027770996094,63.61738886653712,61.07502225152622,61.94752404866054,197002000
2020-04-01,58.38724136352539,60.28008186649483,57.95583869541803,59.74203967177421,176218400
2020-04-02,59.361534118652344,59.41485388495063,57.415373743181505,58.24909696369412,165934000
2020-04-03,58.50841522216797,59.548143090432646,57.91705333235699,58.845297125214294,129880000
2020-04-06,63.61253356933594,63.767640864717485,60.44002689202477,60.80841319029708,201820400
2020-04-07,62.87575912475586,65.84953553567023,62.7715455925078,65.63140455674476,202887200
2020-04-08,64.48502349853516,64.80008998881885,63.31199659211882,63.67795684548158,168895200
2020-04-09,64.95037841796875,65.45449387759112,64.15301536095346,65.12246020269797,161834800
2020-04-13,66.22517395019531,66.3342394092634,64.42685124218254,65.0279094634743,131022800
2020-04-14,69.56976318359375,69.86059951388755,67.38851289521565,67.8611200828743,194994800
2020-04-15,68.93480682373047,69.39529170786052,68.01383705547038,68.44281379449058,131154400
2020-04-16,69.4825210571289,69.84848877293005,68.43067451777503,69.64975084803966,157125200
2020-04-17,68.53975677490234,69.5455618535008,67.1001303953059,68.99782307580948,215250000
2020-04-20,67.11708068847656,68.26829630867668,67.09769504818215,67.36429382895744,130015200
2020-04-21,65.04246520996094,67.19463355650954,64.3299227872178,66.95954292864836,180991600
2020-04-22,66.91593170166016,67.35217892207115,65.9707244599182,66.31244725801642,116862400
2020-04-23,66.65660095214844,68.28526852206619,66.61782227235553,66.86018347385354,124814400
2020-04-24,68.58096313476562,68.59065965571317,67.13406617796697,67.18254138642631,126161200
2020-04-27,68.62942504882812,68.96145871324816,67.84902167998845,68.29738398813116,117087600
2020-04-28,67.51699829101562,69.27411747115775,67.42490722272382,69.09234652148788,112004800
2020-04-29,69.73458862304688,70.20476992848462,68.80392253083471,69.00750504510519,137280800
2020-04-30,71.20570373535156,71.38263003955775,69.88483989033415,70.27503779613664,183064000
2020-05-01,70.05935668945312,72.46600172757337,69.27895329807433,69.37589630273538,240616800
2020-05-04,71.05059814453125,71.17904926274149,69.39284870721828,70.08357948850092,133568000
2020-05-05,72.11699676513672,72.95071986963468,71.36567557958281,71.51109377618626,147751200
2020-05-06,72.86103820800781,73.49359729836429,72.43448019085427,72.81983355560175,142333600
2020-05-07,73.61479949951172,73.96138168836862,73.18582277419723,73.488774319377,115215200
2020-05-08,75.36693572998047,75.4203998179442,73.94771597783995,74.27579072596755,133838400
2020-05-11,76.55288696289062,77.048636946995,74.66463767418456,74.8736364220834,145946400
2020-05-12,75.6780014038086,77.6901839023614,75.55649278090975,77.23816796870288,162301200
2020-05-13,74.76426696777344,76.78131490249868,73.68526961866718,75.85784476081635,200622400
2020-05-14,75.22357177734375,75.28432609802991,73.27700096934342,74.0011951417901,158929200
2020-05-15,74.77883911132812,74.82501298410193,72.95620965856679,72.9902356348415,166348400
2020-05-18,76.54072570800781,76.91497442156756,75.41312930756065,76.10573008655975,135178400
2020-05-19,76.09844207763672,77.40586894249013,76.06684864153235,76.55774092537845,101729600
2020-05-20,77.57841491699219,77.6488845938643,76.91983269792289,76.95871635566236,111504800
2020-05-21,77.00000762939453,77.98179927461916,76.76184808396121,77.4398682042287,102688800
2020-05-22,77.49578857421875,77.57841356436222,76.63550527544366,76.73756838596826,81803200
2020-05-26,76.97087097167969,78.79592582486933,76.91497432363046,78.61609539871866,125522000
2020-05-27,77.30622100830078,77.4520328550853,76.08627697001077,76.82748410104101,112945200
2020-05-28,77.34022521972656,78.6014851025523,76.70352133146933,76.98055708772252,133560800
2020-05-29,77.26490783691406,78.0449911609041,76.90767216991519,77.58325985255884,153532400
2020-06-01,78.21511840820312,78.33662705652523,77.08751459195024,77.21874600870194,80791200
2020-06-02,78.57721710205078,78.60152031661278,77.50550986167497,77.94780315128399,87642800
2020-06-03,79.00978088378906,79.27224371259338,78.32447033961016,78.89799500589793,104491200
2020-06-04,78.32933044433594,79.13128449132041,77.95508176147044,78.83237798726375,87560400
2020-06-05,80.56024169921875,80.62099602930866,78.5504911297126,78.57965202154774,137250400
2020-06-08,81.03652954101562,81.07055551560038,79.54440749293843,80.25644625054122,95654400
2020-06-09,83.59551239013672,83.98919920003063,80.68417010070951,80.71576353395018,147712400
2020-06-10,85.74622344970703,86.21524505993106,84.10585667073434,84.54571739149566,166651600
2020-06-11,81.62950134277344,85.31364412865861,81.52743824020874,84.88836389660872,201662400
2020-06-12,82.3342514038086,84.52140692132026,81.22123552584637,83.77291696294331,200146000
2020-06-15,83.35249328613281,84.00621035316378,80.82268254803616,80.98550738644816,138808800
2020-06-16,85.56153106689453,85.83371668323046,83.7729272287711,85.41086152161019,165428800
2020-06-17,85.44242858886719,86.36832365901888,85.32091997161581,86.3075693503932,114406400
2020-06-18,85.47645568847656,85.89444563398415,84.8664800486173,85.39868839249898,96820400
2020-06-19,84.9880142211914,86.65025173694244,83.87742333103371,86.18366265338062,264476000
2020-06-22,87.21162414550781,87.3550034738647,85.33553014482946,85.3817040287766,135445200
2020-06-23,89.07313537597656,90.49478813930877,88.03787925009263,88.45830187116142,212155600
2020-06-24,87.50078582763672,89.62232897813153,87.12653720580805,88.70129157263592,192623200
2020-06-25,88.66241455078125,88.70129820159251,86.89568177427711,87.65632697012038,137522400
2020-06-26,85.9382095336914,88.77908238211344,85.78996512327025,88.55793574774712,205256800
2020-06-29,87.91878509521484,88.01356538759049,85.36710383418715,85.84584813886048,130646000
2020-06-30,88.65270233154297,88.93946836335702,87.48622233361435,87.50566045318362,140223200
2020-07-01,88.48502349853516,89.27482970528494,88.43642448943781,88.73047333907931,110737200
2020-07-02,88.48502349853516,90.03061734729651,88.37081248982172,89.39391322261687,114041600
2020-07-06,90.85201263427734,91.32103421004693,89.88480117911871,89.91639461248228,118655600
2020-07-07,90.57009887695312,92.0111893796949,90.45831301928035,91.2311060890885,112424400
2020-07-08,92.67949676513672,92.71109019742121,91.46197784699565,91.549467922268,117092000
2020-07-09,93.07804870605469,93.62726270349853,92.02821230000306,93.5737986064413,125642800
2020-07-10,93.2408676147461,93.29919680465662,92.05980720131565,92.67220807313528,90257200
2020-07-13,92.81072998046875,97.16317034048585,92.59687358818513,94.54830204332501,191649200
2020-07-14,94.34659576416016,94.53857406439258,91.25541584676947,92.19102638698895,170989200
2020-07-15,94.99545288085938,96.47542722006055,93.79494692925732,96.22511971933456,153198000
2020-07-16,93.8265380859375,94.68438876337166,93.22628512469839,93.86542173959128,110577600
2020-07-17,93.6369857788086,94.43408214536427,93.16309912532118,94.27855494560396,92186800
2020-07-20,95.61028289794922,95.74880452196625,93.37938613595313,93.72447392303613,90318000
2020-07-21,94.29070281982422,96.47785829760365,94.04039532290807,96.4025235355618,103433200
2020-07-22,94.55558776855469,95.23846569726479,93.90430327124304,93.9917859277632,89001600
2020-07-23,90.25173950195312,94.36601940031956,89.44006284876363,94.28825210729251,197004400
2020-07-24,90.0281753540039,90.37326313898976,86.65509447529368,88.44613797665554,185438800
2020-07-27,92.16188049316406,92.25422825579042,90.86903406529393,91.09260583305284,121214000
2020-07-28,90.64785766601562,91.90911765979025,90.64299257507496,91.73171241529057,103625600
2020-07-29,92.38543701171875,92.57013249165894,91.09501603040513,91.13146713399918,90329200
2020-07-30,93.50332641601562,93.60782206135195,91.14848849561243,91.55675572597188,158130000
2020-07-31,103.29207611083984,103.44274565146054,98.00887492267535,100.01134253408772,374336800
2020-08-03,105.89476776123047,108.51935112132352,104.87895742584206,105.1778638999422,308151200
2020-08-04,106.60196685791016,107.69554467867292,105.36014463163505,106.08433883614123,173071600
2020-08-05,106.98835754394531,107.30914213352884,105.855896128936,106.32249256981191,121776800
2020-08-06,110.72108459472656,111.21684185628432,106.73074554314383,107.32127567476975,202428800
2020-08-07,108.20376586914062,110.69918395823287,107.40523237781791,110.24148657363267,198045600
2020-08-10,109.77649688720703,110.79657580812425,107.12039705946748,109.65233223130258,212403600
2020-08-11,106.51176452636719,109.53791413310383,106.25126539914736,109.03883340833443,187902400
2020-08-12,110.05158996582031,110.30965211624508,107.41009717699765,107.6048585408266,165598000
2020-08-13,111.9992446899414,113.00471686377213,110.94507845537643,111.43442627597457,210082000
2020-08-14,111.8994140625,111.98949137768707,110.08566824114567,111.82394347790165,165565200
2020-08-17,111.60728454589844,113.04854413558671,110.9791727292724,113.02419710369587,119561600
2020-08-18,112.53727722167969,112.96332424198891,111.0229840865938,111.35895378278491,105633600
2020-08-19,112.67847442626953,114.09538682492261,112.58353067113143,112.9462768876478,145538000
2020-08-20,115.17876434326172,115.2931886914799,112.7028193742301,112.71986303729176,126907200
2020-08-21,121.11421203613281,121.59868597251888,116.1282420708619,116.14041187069935,338054800
2020-08-24,122.56275177001953,125.4136198889964,120.69301605778207,125.32840158232875,345937600
2020-08-25,121.55729675292969,121.90300674261194,119.83119859572422,121.43313953220415,211495600
2020-08-26,123.2103500366211,123.66804740538558,121.8080444692864,122.87681730695134,163022400
2020-08-27,121.73747253417969,124.14768014650426,120.59079194716,123.81414734892694,155552400
2020-08-28,121.54026794433594,123.13246125062976,121.31628565950032,122.71371757611423,187630000
2020-08-31,125.66191864013672,127.57061530029509,122.70150784608535,124.24014758473604,225702700
2020-09-01,130.6674041748047,131.27118380524524,127.11296048915095,129.28457897882038,151948100
2020-09-02,127.96014404296875,134.36789154079634,123.67533522306981,133.9881017356659,200119000
2020-09-03,117.71556091308594,125.46718052250692,117.34551135279557,123.58771183000317,257599600
2020-09-04,117.79349517822266,120.46176508229962,107.98710902184868,116.9267942886173,332607200
2020-09-08,109.86656951904297,115.87504793239557,109.7302350684399,110.96698542167366,231366600
2020-09-09,114.248779296875,116.02113476904711,112.24270866069972,114.19035236329198,176940500
2020-09-10,110.51903533935547,117.3455283202875,109.55495382599455,117.20919386101103,182274400
2020-09-11,109.06803131103516,112.21347869736357,107.12038789476668,111.57075280375336,180860300
2020-09-14,112.34007263183594,112.89515070723368,109.84709144123131,111.71682733418477,140150100
2020-09-15,112.5153579711914,115.71923219486175,110.6358818287243,115.23232135411556,184642000
2020-09-16,109.19463348388672,112.96332644603498,109.10699308995494,112.21348694471548,154679000
2020-09-17,107.45148468017578,109.26279366804528,105.86415795625577,106.847719970666,178011000
2020-09-18,104.04310607910156,107.97734660906691,103.31273980959568,107.50991635719829,287104900
2020-09-21,107.19829559326172,107.30541657570868,100.40101679009732,101.80332242964299,195713800
2020-09-22,108.88298797607422,109.90550360218784,106.30236674480757,109.73021542141605,183055400
2020-09-23,104.31578063964844,109.17514872406446,103.97493710920857,108.69797818298632,150718700
2020-09-24,105.3869857788086,107.36384264511429,102.25127870963266,102.41682661585128,167743300
2020-09-25,109.3406982421875,109.49651327893982,104.85137965372228,105.591486218956,149981400
2020-09-28,111.95055389404297,112.30113033847593,109.82762206038593,111.9992479561973,137672400
2020-09-29,111.10332489013672,112.29138866733861,110.5969408264079,111.55128945340192,99382200
2020-09-30,112.77828979492188,114.19033573143906,110.64562530338286,110.81117321087004,142675200
2020-10-01,113.7326431274414,114.63829765255329,112.79777513856307,114.56039012939586,116120400
2020-10-02,110.06132507324219,112.3498120079921,109.28227217240111,109.93473092714387,144712000
2020-10-05,113.45022583007812,113.59630056815382,110.57745484315866,110.9280312426724,106243800
2020-10-06,110.19766235351562,113.08017356879807,109.31148107875158,112.67116282600794,161498200
2020-10-07,112.06742095947266,112.5251184204905,111.1422857385701,111.61946379732167,96849000
2020-10-08,111.96027374267578,113.35283896768823,111.59021676910432,113.20676423757683,83477200
2020-10-09,113.90795135498047,113.93716482388015,111.91161344388998,112.26218993002949,100506900
2020-10-12,121.14342498779297,121.90300475026318,116.1574550435818,116.91703480605202,240226800
2020-10-13,117.92980194091797,122.10749776807862,116.5177635009862,121.99063649380032,262330500
2020-10-14,118.01744842529297,119.809276699368,116.48854872829669,117.83241993385298,150712000
2020-10-15,117.55001831054688,118.02718887052616,115.05703709797092,115.61211517826072,112559200
2020-10-16,115.90425109863281,118.36802614774093,115.69974944089714,118.10509013803102,115393800
2020-10-19,112.94384002685547,117.26760316923634,112.63221739110126,116.81964609469402,120639300
2020-10-20,114.43379211425781,115.8653112278617,112.60300253020057,113.15808061203983,124423700
2020-10-21,113.8105239868164,115.6023520216222,113.40151330089891,113.61575522455365,89946000
2020-10-22,112.71988677978516,114.94993985904085,111.59024979095489,114.37538106515743,101988000
2020-10-23,112.0284652709961,113.49893832846799,111.2883585929103,113.34312326795687,82572600
2020-10-26,112.03820037841797,113.49893306950727,109.92500143875907,111.02542482103557,111850700
2020-10-27,113.54762268066406,114.20982181518612,111.54155210976087,112.46667986652261,92276800
2020-10-28,108.28897094726562,112.4082400407623,108.19159026240904,112.03819046643926,143937800
2020-10-29,112.30111694335938,113.86897045793137,109.26279059723784,109.42834593101287,146129200
2020-10-30,106.01024627685547,109.0583059665517,104.90008997174331,108.15265135662641,190272600
2020-11-02,105.92256927490234,107.78257204642945,104.5105309652701,106.2536724733026,122866900
2020-11-03,107.5488510131836,108.57135915106765,105.88361710605649,106.78927141656442,107624400
2020-11-04,111.94080352783203,112.56404883306527,109.40886854661319,111.15201031363652,138235500
2020-11-05,115.91400146484375,116.48856015953854,113.81055035278919,114.86227219398131,126387100
2020-11-06,115.7823257446289,116.27982636729172,113.28503575822147,115.42138735344203,114457900
2020-11-09,113.4703598022461,119.0014527698893,113.20697761247202,117.54795729060733,154515300
2020-11-10,113.12895965576172,114.70926801417983,111.3340322401338,112.7192506326525,138023400
2020-11-11,116.5627212524414,116.69929092457168,113.58744488961582,114.31907132280901,112295000
2020-11-12,116.28955841064453,117.57722037517925,115.66523790920269,116.68951768570216,103162300
2020-11-13,116.3383560180664,116.73830791782815,114.98240900346639,116.51394665375146,81581900
2020-11-16,117.35287475585938,118.0259659670156,115.25554430373279,116.00667744857009,91183000
2020-11-17,116.46515655517578,117.71379763887923,116.0456904933859,116.62124041188267,74271000
2020-11-18,115.13847351074219,116.88462258409794,115.10920964823985,115.70426632741369,76322100
2020-11-19,115.73352813720703,116.14323708994871,113.94835813134821,114.70924831286501,74113000
2020-11-20,114.46537780761719,115.86034568136424,114.41660718303845,115.73353312647382,73604300
2020-11-23,111.06088256835938,114.73852865880856,110.96333387323223,114.30930546926308,127959300
2020-11-24,112.34854888916016,113.01189046027503,109.83175227147532,111.1194218881883,113874200
2020-11-25,113.18746185302734,113.88982427274503,112.34852978975202,112.71922520154047,76499200
2020-11-27,113.73374938964844,114.61170248347958,113.37281849287028,113.71424262866907,46691300
2020-11-30,116.13347625732422,118.00643766892851,113.94834716796547,114.10443100684269,169410200
2020-12-01,119.71358489990234,120.44521126709455,117.06997585287974,118.04547767580269,127728200
2020-12-02,120.06475830078125,120.34765470402952,117.92840706667509,119.03072137520432,89004200
2020-12-03,119.9281997680664,120.74761774931302,119.21608014318339,120.49398518452733,78967600
2020-12-04,119.25508880615234,119.85014546839597,118.54296925474208,119.59651292977875,78260400
2020-12-07,120.71833801269531,121.51824912647388,119.25508543072324,119.31361315240613,86712000
2020-12-08,121.3329086303711,121.91821565194306,120.0745104419721,121.32315897116939,82225500
2020-12-09,118.79661560058594,122.86445658019646,118.03572533878697,121.47924572192201,115089200
2020-12-10,120.22084045410156,120.83541135490303,117.20654344679436,117.54796759030177,81312200
2020-12-11,119.41118621826172,119.75261038065898,117.5967521638208,119.43069298076075,86939800
2020-12-14,118.79661560058594,120.32815322670372,118.56249723752978,119.5965268299757,79184500
2020-12-15,124.74717712402344,124.76669132932152,121.08904509194299,121.29389959264086,157243700
2020-12-16,124.67887878417969,125.22515739352977,123.4595015722462,124.28868403035126,98208600
2020-12-17,125.54707336425781,126.40551967508249,124.9032386311393,125.74217073899736,94359800
2020-12-18,123.55706024169922,125.93728698989182,123.03028838222276,125.80071733474844,192541500
2020-12-21,125.08858489990234,125.16662682589052,120.42568773818081,121.95722518388207,121251600
2020-12-22,128.64915466308594,131.1171724990301,126.47377539664267,128.38576506556214,168904800
2020-12-23,127.75174713134766,129.18572136214763,127.57614903299762,128.92234654209122,88223700
2020-12-24,128.73696899414062,130.19047198118514,127.88828722259836,128.1028988014902,54930100
2020-12-28,133.3413543701172,133.97542463818004,130.23925065126556,130.70750227088905,124486200
2020-12-29,131.56594848632812,135.38991449680984,131.04893362298358,134.66805255137436,121047300
2020-12-30,130.444091796875,132.6584848793838,130.13192410023277,132.2585255999266,96452100
2020-12-31,129.43934631347656,131.4391281363561,128.4931083029186,130.79529332577445,99116600
