Date,Close,High,Low,Open,Volume
2015-06-01,29.23662567138672,29.426998825554183,29.12688412242206,29.17839553147613,128451200
2015-06-02,29.106735229492188,29.263511351232445,28.963396572834935,29.08433717604509,134670400
2015-06-03,29.142559051513672,29.326213468709096,29.09328608189842,29.26350303782826,123934000
2015-06-04,28.97235107421875,29.245590897273896,28.871566677919382,29.02162405329183,153800400
2015-06-05,28.81333351135254,29.04626094610704,28.748384629379633,29.003706698365573,142507200
2015-06-08,28.62296485900879,28.93875894592509,28.405716735453293,28.869326349947787,210699200
2015-06-09,28.537853240966797,28.685672169851138,28.134713969769297,28.37659684899527,224301600
2015-06-10,28.864849090576172,28.967871929113908,28.6341617967928,28.64983940814395,156349200
2015-06-11,28.79990005493164,29.156006571169748,28.77526356162479,28.93203969291232,141563600
2015-06-12,28.481861114501953,28.741663455244463,28.46842365161227,28.710308236014342,147544800
2015-06-15,28.425870895385742,28.49754021576761,28.154871224293956,28.242218155111498,175955600
2015-06-16,28.578166961669922,28.63415866876909,28.302688719631533,28.450505937833068,125976400
2015-06-17,28.5109806060791,28.640880080067706,28.385558008504255,28.605046272711647,131672400
2015-06-18,28.6408748626709,28.737180658698122,28.49305765756582,28.495297804096076,141628800
2015-06-19,28.35420036315918,28.627440169415465,28.309407680609198,28.602803681393585,218867600
2015-06-22,28.58041000366211,28.681194403157793,28.461707845984066,28.553533366388574,136157200
2015-06-23,28.450502395629883,28.580403550022247,28.416907033806883,28.55128848109889,121075600
2015-06-24,28.692401885986328,29.070906522674374,28.47067511650532,28.490831318852695,221123600
2015-06-25,28.555768966674805,28.936511869404658,28.555768966674805,28.860363972351166,127752400
2015-06-26,28.38779640197754,28.665514799575778,28.334044839897864,28.593845480559093,176267200
2015-06-29,27.89058494567871,28.325081078476078,27.879387631071896,28.09887413515331,196645600
2015-06-30,28.0921630859375,28.246700764854175,27.964502045142016,28.123518309379794,177482800
2015-07-01,28.35420036315918,28.43034997397172,28.217580460031034,28.42139109571546,120955200
2015-07-02,28.318368911743164,28.374360623948455,28.168309824397074,28.316128764810145,108844000
2015-07-06,28.21982192993164,28.271335055137612,27.962259721364557,27.982417625569116,112241600
2015-07-07,28.150392532348633,28.253417073210287,27.72037490296042,28.195185216642784,187787200
2015-07-08,27.45162010192871,27.915231469921743,27.44490136900198,27.879397658068605,243046400
2015-07-09,26.89169692993164,27.78532409388832,26.701325468158796,27.738291265125472,314380000
2015-07-10,27.610626220703125,27.738287225533934,27.14701502329322,27.31051153552337,245418000
2015-07-13,28.143678665161133,28.166075011179377,27.843562160575306,28.002578438656016,165762000
2015-07-14,28.13248062133789,28.30269593274453,28.004819564965842,28.228786450441834,127072400
2015-07-15,28.403474807739258,28.477384275626225,28.125756402361706,28.157111623514105,134596800
2015-07-16,28.781980514526367,28.795421397059766,28.522179840355843,28.60952678077565,144889600
2015-07-17,29.030582427978516,29.030582427978516,28.737186396981723,28.909641830893467,184658800
2015-07-20,29.579303741455078,29.780872540979825,29.272466830781838,29.33293883762444,235600800
2015-07-21,29.28366470336914,29.769672342270248,29.187360601323384,29.753996440351017,307025600
2015-07-22,28.045127868652344,28.107838310210372,27.321714226436196,27.321714226436196,461802400
2015-07-23,28.03168487548828,28.46393914935004,28.009286829008964,28.26460883854761,203998000
2015-07-24,27.883869171142578,28.161587550306,27.749489420497778,28.06752189572776,168649200
2015-07-27,27.49640655517578,27.684539578096555,27.350829484842556,27.568075871352438,177822000
2015-07-28,27.63302230834961,27.751726143987213,27.44713116877398,27.63302230834961,134472400
2015-07-29,27.54568099975586,27.659904565881615,27.384424602573944,27.58151651412134,148046800
2015-07-30,27.406818389892578,27.45161106714991,27.25899947922739,27.395619366212692,134513200
2015-07-31,27.16718101501465,27.46729578958228,27.07983407562666,27.458336910064084,171540000
2015-08-03,26.526634216308594,27.45161669011406,26.320583416018234,27.211972229365205,279904000
2015-08-04,25.675565719604492,26.360903898562974,25.364251859964405,26.298193438884663,496554400
2015-08-05,25.845775604248047,26.30266819695184,25.106684293664838,25.29705578010854,397250400
2015-08-06,25.902009963989258,26.210233933755806,25.674780845568844,26.090994517532835,211612000
2015-08-07,25.9897518157959,26.153988368970527,25.760272415029036,25.77827127058947,154681600
2015-08-10,26.934677124023438,26.99542112946458,26.216988476278374,26.216988476278374,219806400
2015-08-11,25.533044815063477,26.588204254425946,25.497048815852654,26.504960824273486,388331200
2015-08-12,25.926761627197266,25.96725820036305,24.664620432740126,25.317064459759752,404870000
2015-08-13,25.90651512145996,26.187740857219477,25.76927682509206,26.106747708003482,194143200
2015-08-14,26.0887508392334,26.167493707960098,25.6500393445662,25.719782783086163,171718000
2015-08-17,26.358734130859375,26.46897417022502,25.985265422954708,26.10675518155745,163538800
2015-08-18,26.210243225097656,26.42172556519588,26.10000319772274,26.194494649758383,138242800
2015-08-19,25.87502098083496,26.214740473223504,25.80077696602189,26.120249026988247,193146000
2015-08-20,25.34406089782715,25.72652717034178,25.114579761145983,25.665783173258816,274006400
2015-08-21,23.793949127197266,25.175329896555905,23.76920112347376,24.844608134492457,513102000
2015-08-24,23.200002670288086,24.477892689076736,20.698217502105816,21.34391251384925,648825200
2015-08-25,23.33948516845703,24.997592680867275,23.28549030921994,24.997592680867275,414406400
2015-08-26,24.678117752075195,24.723113176716677,23.63420810891088,24.093166932943365,387098400
2015-08-27,25.404808044433594,25.476801765236914,24.75236398414154,25.24957260310294,338464400
2015-08-28,25.488054275512695,25.49255313260234,25.094338196232183,25.236075366845448,212657600
2015-08-31,25.368810653686523,25.767025524606474,25.197824932463014,25.204574075221142,224917200
2015-09-01,24.23490333557129,25.170821462072645,24.153910206219745,24.78160610046158,307383600
2015-09-02,25.274322509765625,25.274322509765625,24.552134911744044,24.799614971644914,247555200
2015-09-03,24.83111000061035,25.373312366291003,24.75686598898215,25.3080677848419,212935600
2015-09-04,24.583629608154297,24.849106786987825,24.41264558660887,24.516136457480822,199985200
2015-09-08,25.26757049560547,25.323815645291326,24.819859584716458,25.14158190957819,219374400
2015-09-09,24.7816104888916,25.65228420890531,24.696116772511363,25.59379049571053,340043200
2015-09-10,25.326068878173828,25.485804915888515,24.725371021599024,24.808612754279864,251571200
2015-09-11,25.695037841796875,25.695037841796875,25.143835978544878,25.150585122887932,199662000
2015-09-14,25.9425106048584,26.29798033970948,25.84127002859358,26.228236907903298,233453600
2015-09-15,26.160749435424805,26.216994597340136,25.742285293457442,26.082006552036564,173364800
2015-09-16,26.189990997314453,26.219237855742314,25.97175955295047,26.15399327943494,148694000
2015-09-17,25.629789352416992,26.207989421525458,25.584793919332697,26.02125682940647,256450400
2015-09-18,25.524051666259766,25.71528657402858,25.16858357705424,25.24507616698898,297141200
2015-09-21,25.920019149780273,25.956016875835882,25.571300190063322,25.57354876059226,200888000
2015-09-22,25.512800216674805,25.688284808894235,25.31481619142971,25.508299643483372,201384800
2015-09-23,25.71978187561035,25.809774458036703,25.490302421065618,25.564544713836543,143026800
2015-09-24,25.872766494750977,25.98525678385859,25.281068191972544,25.47905048287433,200878000
2015-09-25,25.807527542114258,26.252989939249428,25.652290360065248,26.196744782445116,224607600
2015-09-28,25.296815872192383,25.77602386897332,25.296815872192383,25.614037583733136,208436000
2015-09-29,24.5363826751709,25.537547333775397,24.26640665288749,25.38456046342395,293461600
2015-09-30,24.815357208251953,25.094332630514373,24.462137786982964,24.786108636025755,265892000
2015-10-01,24.653377532958984,24.662376964020137,24.142670548150836,24.53863693251174,255716400
2015-10-02,24.833362579345703,24.975101481963375,24.196668668709677,24.300159557775835,232079200
2015-10-05,24.92334747314453,25.05608690308872,24.538630901284126,24.720864615200753,208258800
2015-10-06,25.042587280273438,25.13932899628363,24.696116988433808,24.88960042045419,192787200
2015-10-07,24.92334747314453,25.146077758649916,24.615125188269793,25.13932861612938,187062400
2015-10-08,24.635377883911133,24.790615060941857,24.345152678206958,24.790615060941857,247918400
2015-10-09,25.224830627441406,25.26082663821048,24.633130430392388,24.747871040371894,211064400
2015-10-12,25.107837677001953,25.36656574183045,25.071841669176738,25.362066884527035,121868800
2015-10-13,25.150585174560547,25.29907149981078,24.90085653455851,24.932353685868133,132197200
2015-10-14,24.79511833190918,25.089842447231494,24.648880559620153,25.038097856654066,177849600
2015-10-15,25.166332244873047,25.22032711296466,24.858108178104345,24.957100199993896,150694000
2015-10-16,24.981849670410156,25.19783087190773,24.86710906707938,25.148334858060494,156930400
2015-10-19,25.137081146240234,25.14158000262894,24.772611985992622,24.927849136620136,119036800
2015-10-20,25.596044540405273,25.686037132254842,24.93235239388829,25.049341561766585,195871200
2015-10-21,25.593793869018555,26.003258497677987,25.580293865646503,25.64778873310942,167180800
2015-10-22,25.98525619506836,25.98525619506836,25.67028304941078,25.722029336472644,166616400
2015-10-23,26.790693283081055,26.824440720182352,26.171996563265758,26.25523829612088,237467600
2015-10-26,25.935768127441406,26.57696261365822,25.854774959028116,26.5657146114412,265335200
2015-10-27,25.771533966064453,26.219244975861283,25.64554363573778,25.962767173950244,279537600
2015-10-28,26.833438873291016,26.84018973399438,26.111251259969535,26.3069850251835,342205600
2015-10-29,27.11690902709961,27.15290674379558,26.608452435795478,26.70519415383389,204909200
2015-10-30,26.885177612304688,27.27214446010372,26.87392789742882,27.22039817472643,197461200
2015-11-02,27.263151168823242,27.303647748441026,26.909931669671526,27.17765915250387,128813200
2015-11-03,27.57587242126465,27.782854163924345,27.155158076028844,27.175407222846523,182076000
2015-11-04,27.4476375579834,27.8571022463373,27.362145534337124,27.701865058420555,179544400
2015-11-05,27.321104049682617,27.721025250712767,27.153906241720836,27.5312317001019,158210800
2015-11-06,27.35272789001465,27.522185566631418,27.253313891925398,27.36402575798082,132169200
2015-11-09,27.242019653320312,27.522189233318535,27.124529740357463,27.330137518995663,135485600
2015-11-10,26.383440017700195,26.677167460749807,26.223020228402216,26.412813796293136,236511600
2015-11-11,26.234323501586914,26.530309200990775,26.030973824059448,26.29306934705344,180872000
2015-11-12,26.146202087402344,26.394739782673806,26.1303860992618,26.268211877549444,130102400
2015-11-13,25.38250732421875,26.112306029374714,25.366691338599303,26.028706263207265,183249600
2015-11-16,25.798246383666992,25.81180245123472,25.07974549775184,25.165603465369564,152426800
2015-11-17,25.687538146972656,25.99482169704837,25.603938362794544,25.965447914703173,110467600
2015-11-18,26.50092887878418,26.54611691578622,26.0964895695074,26.155235396660544,186698800
2015-11-19,26.837581634521484,27.056747211333587,26.381176302252673,26.58000605784681,173183200
2015-11-20,26.95507049560547,27.095154415665974,26.853394847631844,26.932474757958378,137148400
2015-11-23,26.604862213134766,27.052231355323833,26.512224498168308,26.94829576942529,129930000
2015-11-24,26.860170364379883,26.966364115651942,26.462510931454325,26.509958873207516,171212800
2015-11-25,26.668128967285156,26.939262383948055,26.64327502766239,26.934742545573044,85553200
2015-11-27,26.618423461914062,26.75399104424228,26.570975497624552,26.726877183013954,52185600
2015-11-30,26.7291316986084,26.979929261873394,26.604862014535446,26.659088002215885,156721200
2015-12-01,26.51222038269043,26.844357740304442,26.403768423354922,26.83080167634071,139409600
2015-12-02,26.272729873657227,26.68620720664941,26.22754182883538,26.512229614077143,133546400
2015-12-03,26.02871322631836,26.387964601227406,25.80728936841156,26.33373859657054,166278000
2015-12-04,26.894065856933594,26.943773723680415,26.00836737759352,26.049037293676115,231108000
2015-12-07,26.72461700439453,27.08160841661096,26.61842320371377,26.882778607638805,128336800
2015-12-08,26.713315963745117,26.79691400307388,26.40377257203804,26.55289447050829,137238000
2015-12-09,26.12360191345215,26.59130513697723,26.00159215203521,26.580007266474304,185445600
2015-12-10,26.247873306274414,26.42185088144362,26.09875139422833,26.218501252459657,116850800
2015-12-11,25.572298049926758,26.071633225097415,25.497736244325083,26.026445192267104,187544800
2015-12-14,25.414140701293945,25.459328738551797,24.80635177444103,25.34635692159404,257274800
2015-12-15,24.964513778686523,25.486444790174765,24.93288180511915,25.292133110367587,213292400
2015-12-16,25.15656280517578,25.303426508670157,24.58266750493335,25.095558783872654,224954000
2015-12-17,24.62333869934082,25.36217364527321,24.62333869934082,25.31020584948216,179091200
2015-12-18,23.956802368164062,24.745345139551574,23.907094494677143,24.60752111371929,385813200
2015-12-21,24.250530242919922,24.259568194985434,23.8528689711029,24.239232371884757,190362400
2015-12-22,24.22793197631836,24.338643853034736,24.051694527663596,24.266341973001804,131157600
2015-12-23,24.539735794067383,24.593961778184386,24.221154474277448,24.23697045813711,130629600
2015-12-24,24.408693313598633,24.62785893960525,24.390617407083724,24.62785893960525,54281600
2015-12-28,24.135295867919922,24.331867425256085,23.990692098320757,24.309271685658228,106816800
2015-12-29,24.569114685058594,24.725016372100367,24.144341197526543,24.166935220216242,123724800
2015-12-30,24.248271942138672,24.560073552047708,24.216639969704996,24.532961417854963,100855200
2015-12-31,23.78282356262207,24.182742971838884,23.683407828072262,24.178224858365187,163649200
2016-01-04,23.803165435791016,23.807685274554252,23.04625448140937,23.184080258860124,270597600
2016-01-05,23.206674575805664,23.916137575059217,23.13889250781742,23.89354355239647,223164000
2016-01-06,22.752527236938477,23.129854481864832,22.564995297990357,22.72089526054658,273829600
2016-01-07,21.792261123657227,22.6237337013968,21.78774300980458,22.296116146970576,324377600
2016-01-08,21.907495498657227,22.393274677649,21.862307459417007,22.266746788725822,283192000
2016-01-11,22.262226104736328,22.381975955605306,21.993352627176307,22.36164185586369,198957600
2016-01-12,22.5853214263916,22.750261008321342,22.332263980796586,22.718629043098566,196616800
2016-01-13,22.00465202331543,22.863238586263442,21.984317922164728,22.66666698940705,249758400
2016-01-14,22.485910415649414,22.702817828175373,21.631843727651237,22.1334388869678,252680400
2016-01-15,21.945905685424805,22.07695341364094,21.545986191028987,21.73577802597935,319335600
2016-01-19,21.839706420898438,22.289333644945174,21.57761105086105,22.235107670521547,212350800
2016-01-20,21.869081497192383,22.18540288551802,21.107650936042944,21.487236257271135,289337600
2016-01-21,21.75836944580078,22.115359024954458,21.451086010818546,21.93008534125748,208646000
2016-01-22,22.915205001831055,22.924242954859242,22.226077890611073,22.284821999574387,263202000
2016-01-25,22.467838287353516,22.94005971321839,22.41587048664698,22.93779979393202,207178000
2016-01-26,22.592103958129883,22.793193658731777,22.158292585403082,22.57854789142378,300308000
2016-01-27,21.10765266418457,21.83293148087719,21.089576760785953,21.699625571891676,533478800
2016-01-28,21.2590389251709,21.356194771502736,20.874935378545523,21.191256858961744,222715200
2016-01-29,21.993356704711914,21.993356704711914,21.317785592751516,21.417201362310415,257666000
2016-02-01,21.787744522094727,21.851008463300907,21.555022856737796,21.79678247424034,163774000
2016-02-02,21.347156524658203,21.69962806231868,21.301966760975308,21.559542380621536,149428800
2016-02-03,21.769672393798828,21.88038431011286,21.25678101821825,21.46464878218312,183857200
2016-02-04,21.94458770751953,22.11042231358637,21.62427940424917,21.776482652846905,185886800
2016-02-05,21.35849380493164,22.017286262241782,21.283529123337583,21.926418038273624,185672400
2016-02-08,21.583389282226562,21.740135164718094,21.135864787153604,21.15630922406545,216085600
2016-02-09,21.578840255737305,21.794652420007928,21.338041029473818,21.419822225783406,177324800
2016-02-10,21.415281295776367,21.88779456504508,21.376662872764058,21.79011155008248,169374400
2016-02-11,21.28580093383789,21.517515006435573,21.033642419452526,21.3062471087929,200298800
2016-02-12,21.3516788482666,21.467535876378317,21.12905352086298,21.39711382652963,161405600
2016-02-16,21.953672409057617,22.00137782230091,21.49251834787243,21.585656992823612,196231600
2016-02-17,22.28989028930664,22.310334729195237,21.84236572907315,21.960493203597316,179452800
2016-02-18,21.867351531982422,22.464807102233163,21.828731373325958,22.453447926187096,156084000
2016-02-19,21.817371368408203,21.98093377852942,21.762851142756706,21.808284375271832,141496800
2016-02-22,22.008193969726562,22.01273833307323,21.790111324590146,21.878707345015354,137123200
2016-02-23,21.510700225830078,21.921876843092146,21.478896605332864,21.899160218903756,127770400
2016-02-24,21.83100128173828,21.894608501371707,21.199469982282494,21.34940277127564,145022800
2016-02-25,21.980941772460938,21.980941772460938,21.637915022771093,21.81965148525816,110330800
2016-02-26,22.0150146484375,22.26717140018661,21.940048237642483,22.08089233083262,115964400
2016-02-29,21.96503448486328,22.31487596135696,21.955947490688093,22.00365291023265,140865200
2016-03-01,22.837366104125977,22.891886338341294,22.13086830859153,22.183118094041166,201628400
2016-03-02,22.887344360351562,22.919147975648066,22.635185886809957,22.832824124581418,132678400
2016-03-03,23.057722091674805,23.105427515608564,22.819193238838924,22.84872640591726,147822800
2016-03-04,23.40074348449707,23.56884852119288,23.02818543929733,23.255355063597985,184220400
2016-03-07,23.14177703857422,23.359859733883138,22.93505178791128,23.259904515262182,143315600
2016-03-08,22.95095443725586,23.11678908029715,22.80783815067272,22.894162012445005,126247600
2016-03-09,22.971403121948242,23.075900987040573,22.778307469954363,23.014564190967768,108806800
2016-03-10,22.982749938964844,23.225821361975527,22.751037690171167,23.03727189540648,134054400
2016-03-11,23.23037338256836,23.2349160138526,23.057723929924467,23.225829018116897,109632800
2016-03-14,23.2894344329834,23.378032201182982,23.121329357943154,23.150862525065378,100304400
2016-03-15,23.757402420043945,23.89370386345121,23.59156781290107,23.61655661306187,160270800
2016-03-16,24.073165893554688,24.1504027355945,23.759670695902745,23.764215059061986,153214000
2016-03-17,24.034547805786133,24.18675104356324,23.843724413286907,23.97093885284189,137682800
2016-03-18,24.061817169189453,24.193576027364404,23.895984238355016,24.157228038970977,176820800
2016-03-21,24.059537887573242,24.454812583825912,23.884616290686402,24.064080517871087,142010800
2016-03-22,24.243545532226562,24.373032164505062,23.900518872512087,23.90960586656967,129777600
2016-03-23,24.109519958496094,24.323060033956608,24.057271897373173,24.189030741089972,102814000
2016-03-24,24.005014419555664,24.13677322109909,23.827822385215686,23.959581186759113,104532000
2016-03-28,23.895978927612305,24.123148605081635,23.866445760314352,24.079985811748994,77645600
2016-03-29,24.461633682250977,24.486622488228114,23.82555782074309,23.82783000305936,124760400
2016-03-30,24.88871192932129,25.084078011167296,24.67062922397006,24.68198840230631,182404400
2016-03-31,24.759225845336914,24.96595111033244,24.73423703894916,24.925060493804057,103553600
2016-04-01,24.98638916015625,24.988661341928605,24.579755281248477,24.71151409337506,103496000
2016-04-04,25.243087768554688,25.486159182711983,25.049992212898644,25.084068001141866,149424800
2016-04-05,24.945505142211914,25.154502591293046,24.856909094527428,24.87735526954472,106314800
2016-04-06,25.206743240356445,25.21128760376482,24.806924185593598,25.04091037245397,105616400
2016-04-07,24.656997680664062,25.0840760621472,24.561586829455138,24.97730603348463,127207600
2016-04-08,24.684253692626953,24.936410396248828,24.57293932214658,24.74104610211689,94326800
2016-04-11,24.766035079956055,25.127235733446977,24.72287402396467,24.75467763708124,117630000
2016-04-12,25.088613510131836,25.102243132785176,24.684251861860606,24.83872554037621,108929200
2016-04-13,25.452089309692383,25.520239168850683,25.17039941220403,25.17039941220403,133029200
2016-04-14,25.465723037719727,25.53160245873693,25.290803131214734,25.356682552231938,101895600
2016-04-15,24.9545841217041,25.511150768772367,24.927324874661373,25.467987983399016,187756000
2016-04-18,24.416194915771484,24.750132847752486,24.293523095931427,24.736503223270336,243286000
2016-04-19,24.286705017089844,24.534319072101237,24.132229605457354,24.50705809363668,129539600
2016-04-20,24.33669090270996,24.554773620759786,24.09361937739915,24.225378227835726,122444000
2016-04-21,24.073165893554688,24.291248529696585,23.970938520472508,24.291248529696585,126210000
2016-04-22,24.00728988647461,24.189026308864396,23.76649060000007,23.855086629294174,134732400
2016-04-25,23.87098503112793,24.000471650330436,23.741498411925424,23.852811044848032,112126400
2016-04-26,23.705150604248047,23.920962793197802,23.605197145346825,23.605197145346825,224064800
2016-04-27,22.221736907958984,22.423917774312617,21.73559395592137,21.808288180529786,458408400
2016-04-28,21.542497634887695,22.235364005276846,21.41073882615134,22.17402896433645,328970800
2016-04-29,21.29488182067871,21.51750883311046,21.015464130740746,21.35167423135176,274126000
2016-05-02,21.272171020507812,21.372126245241287,20.99048107182029,21.34713743905792,192640400
2016-05-03,21.622013092041016,21.74922757517405,21.281258526648376,21.39938601339086,227325200
2016-05-04,21.397109985351562,21.785569880636874,21.313056590529506,21.626550085014085,164102000
2016-05-05,21.310260772705078,21.499959999076157,21.182271773572463,21.483961374184577,143562000
2016-05-06,21.191415786743164,21.358258353407972,20.99257422401989,21.339975454728172,174799600
2016-05-09,21.207412719726562,21.431393468217014,21.161701117377966,21.255408594403086,131745600
2016-05-10,21.35140037536621,21.38568364124858,21.051996790346816,21.33083146206839,134747200
2016-05-11,21.143417358398438,21.38568273795412,21.13198902234725,21.365113825525096,114876400
2016-05-12,20.6474552154541,21.205124500120696,20.448615432988245,21.19141189270075,305258800
2016-05-13,20.688602447509766,20.95143856400625,20.569755737154033,20.569755737154033,177571200
2016-05-16,21.4565372467041,21.57309966843478,20.946865455185264,21.115994046908508,245039200
2016-05-17,21.367395401000977,21.643944010088024,21.257691061120006,21.609662493699624,187667600
2016-05-18,21.611948013305664,21.76050765320159,21.45881808553379,21.520528306033533,168249600
2016-05-19,21.529674530029297,21.630238326874213,21.38568688395375,21.630238326874213,121768400
2016-05-20,21.762794494628906,21.810790365883367,21.60280651339482,21.63023347284846,128104000
2016-05-23,22.039342880249023,22.21304346738058,21.865642293117467,21.911353891688503,152074400
2016-05-24,22.375322341918945,22.418746193765678,22.1330551570806,22.219906348213478,140560800
2016-05-25,22.7684268951416,22.795852110742203,22.42331173450735,22.5513007238947,152675200
2016-05-26,22.948986053466797,23.022122875155866,22.54444664621836,22.782141752637685,225324800
2016-05-27,22.935272216796875,22.96269917944234,22.683864495564723,22.727290083823526,145364800
2016-05-31,22.82327651977539,22.946695207344824,22.585581463388223,22.763852319748846,169228800
2016-06-01,22.503311157226562,22.750148629099247,22.473599917429176,22.631300182470316,116693200
2016-06-02,22.33417510986328,22.36160032400692,22.085051704504227,22.306748152000537,160766400
2016-06-03,22.3798828125,22.459875918932347,22.27246275083987,22.350171585459112,114019600
2016-06-06,22.542160034179688,23.28724258424666,22.2953243573292,22.395886394668537,93170000
2016-06-07,22.63357925415039,22.82556447682742,22.617580630903902,22.683861139701975,89638000
2016-06-08,22.613012313842773,22.754713919599112,22.553588103582754,22.631295210775672,83392400
2016-06-09,22.775283813476562,22.85299091806693,22.503305459971784,22.512447779991692,106405600
2016-06-10,22.58786964416504,22.70671631189116,22.50787652706869,22.519303118814356,126851600
2016-06-13,22.247329711914062,22.654155178868216,22.1924775256976,22.555877400715623,152082000
2016-06-14,22.274757385253906,22.50788223559684,22.112485094068337,22.24276013030011,127727600
2016-06-15,22.201622009277344,22.491885083031796,22.176481058205077,22.357038005124206,117780800
2016-06-16,22.295324325561523,22.34103418394888,21.957065444849373,22.04391487327308,125307200
2016-06-17,21.787939071655273,22.089628701079626,21.781082766578276,22.08277239600263,244032800
2016-06-20,21.735368728637695,22.071341589586,21.719370104007744,21.941066576536585,137647600
2016-06-21,21.920501708984375,22.021063763622866,21.63938097435582,21.69880519554195,142185600
2016-06-22,21.838214874267578,22.144474707056236,21.79250328030874,21.99820109382598,116876400
2016-06-23,21.963918685913086,22.00734426592801,21.769649199282725,21.927351153047162,128960800
2016-06-24,21.346832275390625,21.634809297117904,21.175417672125263,21.234841889498718,301245600
2016-06-27,21.035999298095703,21.266838107499005,20.912580580505406,21.255409770349754,181958400
2016-06-28,21.39025115966797,21.406251526231177,21.058850367732095,21.232550946981636,161779600
2016-06-29,21.575382232666016,21.609665497538987,21.399395620053767,21.477104470013785,146124000
2016-06-30,21.849647521972656,21.888501079819115,21.552529925610926,21.584527178392662,143345600
2016-07-01,21.915925979614258,22.04848701077855,21.78793698054216,21.824504518683042,104106000
2016-07-05,21.710222244262695,21.803929695842196,21.5890895824405,21.801643680415687,110820800
2016-07-06,21.833648681640625,21.8633616615893,21.568528340658464,21.621094508119302,123796400
2016-07-07,21.92735481262207,22.0553438145922,21.854217990964944,21.872500888589695,100558400
2016-07-08,22.096485137939453,22.144481017484175,21.952497499305284,22.053059547233484,115648400
2016-07-11,22.1650447845459,22.318174696962785,22.107906601370736,22.112476888788404,95179600
2016-07-12,22.265607833862305,22.329602322991455,22.197043057103524,22.20846964803713,96670000
2016-07-13,22.139909744262695,22.322750932915095,22.133051695730217,22.263328462055767,103568800
2016-07-14,22.578725814819336,22.62443566618397,22.24275300176019,22.258751624109717,155676000
2016-07-15,22.576448440551758,22.695296889541023,22.51245392665895,22.608445697498162,120548000
2016-07-18,22.816431045532227,22.88499585313296,22.5353102775817,22.558165213448614,145975600
2016-07-19,22.825563430786133,22.855274660105405,22.70442901036355,22.754710893610838,95119600
2016-07-20,22.846134185791016,22.96041056831921,22.795852298483535,22.855276505639576,105104000
2016-07-21,22.725000381469727,23.08382813520886,22.65643385783789,22.81642183173913,130808000
2016-07-22,22.54902458190918,22.6952982635828,22.469029690980314,22.68615594051322,113254800
2016-07-25,22.247329711914062,22.590158927276185,22.15133795010536,22.45531360621914,161531600
2016-07-26,22.094194412231445,22.391313691284648,22.03705622346884,22.128477674232837,224959200
2016-07-27,23.529508590698242,23.84948283942716,23.48379873104527,23.831198198078223,369379200
2016-07-28,23.847192764282227,23.872333705927918,23.49979335638036,23.502079372089714,159479200
2016-07-29,23.817485809326172,23.895194663918566,23.696353110777437,23.81291552080633,110934800
2016-08-01,24.23802375793457,24.260878687889843,23.863197326766088,23.863197326766088,152671600
2016-08-02,23.87919807434082,24.24259620096853,23.769491959598383,24.238025912059054,135266400
2016-08-03,24.178592681884766,24.190019271759226,23.945467928843996,23.954610246974898,120810400
2016-08-04,24.327964782714844,24.35783697050133,24.192387231327288,24.261325207038322,109634800
2016-08-05,24.697925567626953,24.73698959807084,24.39919671009821,24.419877048627786,162213600
2016-08-08,24.90243911743164,24.90243911743164,24.624392353848084,24.70711546046227,112148800
2016-08-09,25.00354766845703,25.033421607961387,24.81971599741195,24.870270276728125,105260800
2016-08-10,24.817413330078125,25.02422545846181,24.7622640135642,24.980564633257153,96034000
2016-08-11,24.801332473754883,25.031123379004846,24.782948780575172,24.93690826633293,109938000
2016-08-12,24.85878562927246,24.918531768572453,24.766868896464597,24.766868896464597,74641600
2016-08-15,25.15750503540039,25.17129192648691,24.83579746911508,24.8495843602016,103472800
2016-08-16,25.1345272064209,25.329850867701843,25.09546317543086,25.191974929582262,135177600
2016-08-17,25.097761154174805,25.13223013812641,24.895544050013584,25.070185616380453,101424000
2016-08-18,25.06559181213379,25.185082308833355,25.051803165970636,25.100060797793518,87938800
2016-08-19,25.12993049621582,25.205761906528043,24.90013961878383,24.99435296688501,101472400
2016-08-22,24.934616088867188,25.070191905745993,24.782953222698566,25.015042569487306,103280800
2016-08-23,25.012737274169922,25.12073926973064,24.93920426170639,24.952991153679143,85030800
2016-08-24,24.824310302734375,24.98976002894975,24.74388383948118,24.948397597395903,94700400
2016-08-25,24.71860122680664,24.789835828032835,24.514087514180133,24.677238804412234,100344800
2016-08-26,24.573835372924805,24.805922881545758,24.429066007664545,24.68183735870146,111065200
2016-08-29,24.5462646484375,24.688735642107595,24.424475748071117,24.50030716824224,99881200
2016-08-30,24.35783576965332,24.472731221396966,24.24294031790967,24.311878290222047,99455600
2016-08-31,24.380813598632812,24.488815599743944,24.27510999735703,24.279706797027725,118649600
2016-09-01,24.52557945251465,24.541664742714836,24.270511455650873,24.390001932400097,106806000
2016-09-02,24.755373001098633,24.817415769128708,24.546262452635688,24.74847780183722,107210000
2016-09-06,24.74848175048828,24.886357707069546,24.704822667192122,24.794440987070573,107521600
2016-09-07,24.900150299072266,24.992067040103475,24.603719729658785,24.778361362301474,169457200
2016-09-08,24.24753189086914,24.649665914361922,24.18319072761673,24.645070868343268,212008000
2016-09-09,23.698333740234375,24.29349305410918,23.698333740234375,24.045318473346743,186228000
2016-09-12,24.229150772094727,24.293491937520596,23.560458474636018,23.58803401117508,181171200
2016-09-13,24.805927276611328,24.9989525467698,24.64277594586758,24.704820471447803,248704800
2016-09-14,25.683727264404297,25.973264279627227,24.95529055647582,24.985164494504644,443554800
2016-09-15,26.556936264038086,26.593703652355746,26.078970734901933,26.163994005512343,359934400
2016-09-16,26.407569885253906,26.685616664695463,26.205354523796075,26.45352911728894,319547600
2016-09-19,26.09964942932129,26.6971053863327,26.02381801566827,26.469612898538983,188092000
2016-09-20,26.097352981567383,26.223738680442374,25.85377518355246,25.977862482493688,138057200
2016-09-21,26.092756271362305,26.19386307085092,25.837688243105493,26.161692486491084,144012800
2016-09-22,26.338638305664062,26.412171336705185,26.19616729101187,26.27659376978095,124296000
2016-09-23,25.899728775024414,26.37769420589533,25.633172277185196,26.292670952764908,209924800
2016-09-26,25.938793182373047,26.05598701880229,25.633172652872425,25.653852989978343,119477600
2016-09-27,25.98704719543457,26.007729284225405,25.814704052559733,25.96636685980884,98429600
2016-09-28,26.184669494628906,26.34322575932908,26.065179011068867,26.124925129431507,118564400
2016-09-29,25.777942657470703,26.150204538311595,25.69062274855684,26.003138505843307,143548000
2016-09-30,25.97785758972168,26.051390595263413,25.690619012892228,25.842280069812304,145516400
2016-10-03,25.856067657470703,25.977858289988134,25.80091834011907,25.89972848333856,86807200
2016-10-04,25.966373443603516,26.267398981803996,25.88135017375477,25.980160337516345,118947200
2016-10-05,25.97785758972168,26.11803015546766,25.895132739341584,26.058284040600896,85812400
2016-10-06,26.170883178710938,26.274288373428085,25.996241619052924,26.12722235050511,115117200
2016-10-07,26.20994758605957,26.32484302770025,26.083563652154005,26.267395306879912,97433600
2016-10-10,26.667232513427734,26.828085429296586,26.361610220111622,26.43054643269886,144944000
2016-10-11,26.724685668945312,27.273885847460356,26.701705173577295,27.0463915661097,256164000
2016-10-12,26.96365737915039,27.110725135416832,26.828081619764593,26.96595577852652,150347200
2016-10-13,26.880939483642578,26.986643084235844,26.591402467047303,26.83727865287989,140769600
2016-10-14,27.030302047729492,27.154389340032225,26.915406601504596,27.08774977084194,142608800
2016-10-17,27.011920928955078,27.078558747003438,26.83498095462335,26.961366650574586,94499600
2016-10-18,26.9935359954834,27.163580762357235,26.9889391959335,27.156687316197736,98214000
2016-10-19,26.913110733032227,27.06017676819917,26.15020501816667,26.9429829187749,80138400
2016-10-20,26.899324417114258,26.9728574410676,26.73157802801706,26.85336693458051,96503200
2016-10-21,26.793621063232422,26.8648574409622,26.720088038569706,26.84187694630805,92770800
2016-10-24,27.03489875793457,27.05557909666727,26.885534327703144,26.908513066239045,94154800
2016-10-25,27.172775268554688,27.19805240905775,26.956771250861454,27.103837293879884,192516000
2016-10-26,26.561527252197266,26.58680438951173,26.037604320888903,26.26739520326382,264536800
2016-10-27,26.306455612182617,26.623566333945842,26.219133972691118,26.515564360784218,138248000
2016-10-28,26.131816864013672,26.474204754321825,26.06977235007846,26.166285843626,151446800
2016-10-31,26.090463638305664,26.2490199485284,26.012333806759045,26.115740782056122,105677600
2016-11-01,25.619380950927734,26.14330379973639,25.398781948964356,26.072069198430043,175303200
2016-11-02,25.64236068725586,25.817002228073704,25.559637592305403,25.59870161692522,113326800
2016-11-03,25.367509841918945,25.743991410516074,25.302838334397123,25.633126472526214,107730400
2016-11-04,25.138853073120117,25.464522643930174,24.9702454292753,25.067252711665482,123348000
2016-11-07,25.501474380493164,25.524571096744452,25.282051170689684,25.425253630914067,130240000
2016-11-08,25.65160369873047,25.80404519659029,25.337483426322173,25.478375685071473,97016800
2016-11-09,25.61002540588379,25.711653057238347,24.956379796230905,25.379054752562507,236705600
2016-11-10,24.896331787109375,25.65853403437982,24.44362942979422,25.65853403437982,228538000
2016-11-11,25.044151306152344,25.145778970882034,24.609927055140304,24.74158027437355,136575600
2016-11-14,24.415908813476562,24.900946858095296,24.039427263477986,24.877850144002277,204702000
2016-11-15,24.73926544189453,24.87091863647674,24.519844038312897,24.61454108457989,129058000
2016-11-16,25.404470443725586,25.459904688437273,24.62147979938319,24.64457652026297,235362000
2016-11-17,25.39522361755371,25.487612234916195,25.136537603538326,25.362887865801788,110528000
2016-11-18,25.420637130737305,25.531503852787235,25.328250251556923,25.342107931000626,113715600
2016-11-21,25.806358337402344,25.866409453553572,25.409088432196707,25.43449535140172,117058400
2016-11-22,25.822519302368164,25.96571997717974,25.730130690194308,25.857163490037927,103862000
2016-11-23,25.690872192382812,25.755543707584117,25.482998206259598,25.720897749535812,109705600
2016-11-25,25.820215225219727,25.838693304469448,25.62619891743089,25.667773714659454,45903600
2016-11-28,25.769405364990234,25.977279383211275,25.727830561346025,25.737069602396616,108776000
2016-11-29,25.743993759155273,25.875646986383043,25.42294463026358,25.58693361420227,114115200
2016-11-30,25.526878356933594,25.914909163415924,25.46913568788662,25.776327110136467,144649200
2016-12-01,25.28898048400879,25.62388904352126,25.182734177525482,25.49223582003471,148347600
2016-12-02,25.383678436279297,25.427561667814384,25.141158514051124,25.21506906218895,106112000
2016-12-05,25.201215744018555,25.413708386397783,25.00258078113504,25.406779546649926,137298000
2016-12-06,25.39522361755371,25.489922434945992,25.21968718294793,25.29128752437486,104782000
2016-12-07,25.64467430114746,25.681630455762416,25.212760257625455,25.23585697317658,119994800
2016-12-08,25.896432876586914,25.968033222389383,25.545356461588256,25.60540933086868,108273200
2016-12-09,26.319108963012695,26.49233697750071,25.94031717897222,25.94031717897222,137610400
2016-12-12,26.168981552124023,26.561631045318602,25.981894083009774,26.166671351669947,105497600
2016-12-13,26.605518341064453,26.774125983275578,26.272919933615857,26.293706452998002,174935200
2016-12-14,26.605518341064453,26.838797504242407,26.55701470033933,26.570872379927426,136127200
2016-12-15,26.751026153564453,26.96121033444056,26.61475428767768,26.649398482620704,186098000
2016-12-16,26.785669326782227,26.908083501969024,26.711758781641155,26.90115466370055,177404400
2016-12-19,26.94042205810547,27.111339881119594,26.73485827797814,26.74640751773807,111117600
2016-12-20,27.01202392578125,27.13905852160009,26.949662609212613,26.963520287968606,85700000
2016-12-21,27.037431716918945,27.115962677457816,26.97276019774972,26.977380598928516,95132800
2016-12-22,26.859582901000977,26.91039673692217,26.709451593642886,26.873440579100723,104343600
2016-12-23,26.91270637512207,26.91270637512207,26.697903544165595,26.697903544165595,56998000
2016-12-27,27.08362579345703,27.20835018760531,26.905777360958567,26.912706200272364,73187600
2016-12-28,26.968137741088867,27.259159536152907,26.83879295889392,27.14367419336564,83623600
2016-12-29,26.961210250854492,27.04897848138235,26.88498949788298,26.89653697543933,60158000
2016-12-30,26.751026153564453,27.069765082206334,26.660947722379433,26.942732255693226,122345200
2017-01-03,26.82724952697754,26.86882432713634,26.506200366593873,26.746410127270636,115127600
2017-01-04,26.797224044799805,26.91040097432426,26.73486272136473,26.75795944255673,84472400
2017-01-05,26.933494567871094,26.991237245229165,26.748717295458608,26.77412421446949,88774400
2017-01-06,27.233760833740234,27.291503518813382,26.901162403825484,26.97276276942278,127007600
2017-01-09,27.483200073242188,27.584827733944625,27.240681922247372,27.242990360233225,134247600
2017-01-10,27.510921478271484,27.573282794775004,27.323835766594243,27.432390520347283,97848400
2017-01-11,27.658740997314453,27.70031579330856,27.393124343028013,27.42546009967159,110354400
2017-01-12,27.543254852294922,27.554804091690794,27.303045122626244,27.462415463023376,108344800
2017-01-13,27.4947452545166,27.628708648916422,27.441621231852487,27.510913128863745,104447600
2017-01-17,27.716480255126953,27.771912722230624,27.305352746622518,27.33306809909118,137759200
2017-01-18,27.714170455932617,27.83196599212746,27.649498949681764,27.71648065606054,94852000
2017-01-19,27.665666580200195,27.737266924031665,27.570969521794026,27.5778983599498,102389200
2017-01-20,27.716480255126953,27.820416351217133,27.654118949906113,27.820416351217133,130391600
2017-01-23,27.734970092773438,27.90357776567832,27.663367956811143,27.716492008514322,88200800
2017-01-24,27.70954704284668,27.739572590670083,27.60099056370395,27.612539800186994,92844000
2017-01-25,28.150712966918945,28.201526811322868,27.78116013784528,27.813495900253795,129510400
2017-01-26,28.164566040039062,28.280051383142826,28.08603509040193,28.102202967949797,105350400
2017-01-27,28.1668758392334,28.25926447061415,28.086036447587706,28.210760835626733,82251600
2017-01-30,28.09296226501465,28.09296226501465,27.868922192883737,27.931283499112673,121510000
2017-01-31,28.028291702270508,28.03753074094258,27.859684092462917,27.98209827107659,196804000
2017-02-01,29.737472534179688,30.139362752139206,29.335584078386464,29.340202716242487,447940000
2017-02-02,29.68666648864746,29.885301449683908,29.513438447894753,29.55963364939553,134841600
2017-02-03,29.81369400024414,29.839100914486007,29.60120141037247,29.635845600551075,98029200
2017-02-06,30.093168258666992,30.1416736520319,29.772119155377286,29.82524494914192,107383600
2017-02-07,30.379581451416016,30.508924503204828,30.13013262682309,30.150919147789043,152735200
2017-02-08,30.49736785888672,30.538944415060975,30.30797372883261,30.33800104582885,92016400
2017-02-09,30.717741012573242,30.724699891487884,30.41617661435823,30.53912152800073,113399600
2017-02-10,30.648151397705078,30.838370210516814,30.63191519200416,30.727024598410026,80262000
2017-02-13,30.919559478759766,31.042507947516878,30.79429610288974,30.870847320215493,92141600
2017-02-14,31.320877075195312,31.33711328322519,30.910285425913113,30.961319576201916,132904800
2017-02-15,31.434537887573242,31.61083894831352,31.228082860874753,31.43685987391772,142492400
2017-02-16,31.397415161132812,31.524996943849455,31.279107162422317,31.471644368916373,90338400
2017-02-17,31.48326873779297,31.508785822569497,31.33944709975163,31.33944709975163,88792800
2017-02-21,31.71058464050293,31.722183953161654,31.543564449134404,31.601557472814775,98028800
2017-02-22,31.805692672729492,31.808011119315623,31.573720588044605,31.64794981454495,83347600
2017-02-23,31.671161651611328,31.891534516075737,31.617809040967533,31.868339421698455,83152800
2017-02-24,31.701303482055664,31.701303482055664,31.381180897360554,31.527324432045337,87106400
2017-02-27,31.763940811157227,31.882248858151595,31.613160348439838,31.81265651396908,81029600
2017-02-28,31.777843475341797,31.882230160590417,31.71056961756026,31.798720104469204,93931600
2017-03-01,32.427371978759766,32.51088206006119,31.9193561520898,31.98662649054331,145658400
2017-03-02,32.23484420776367,32.54104553569124,32.18844695659932,32.47609363159711,104844000
2017-03-03,32.42507553100586,32.43667484953632,32.149028032210246,32.19310331885695,84432400
2017-03-06,32.322994232177734,32.42274408400924,32.15133712936305,32.329953112583,87000000
2017-03-07,32.36474609375,32.47145127001867,32.19540392420693,32.25803737786824,69785200
2017-03-08,32.2441291809082,32.42970761073554,32.20237589249448,32.232529865366345,74828800
2017-03-09,32.169883728027344,32.19540079632785,31.791771675445137,32.183805024965324,88623600
2017-03-10,32.27660369873047,32.327637853143436,32.16061762772172,32.30212077593695,78451200
2017-03-13,32.29051971435547,32.34387231304179,32.202372712094096,32.20933159280911,69686800
2017-03-14,32.241798400878906,32.39489727278173,32.20700046756384,32.31370917427215,61236400
2017-03-15,32.582801818847656,32.65007216855019,32.25107988445817,32.33923041268715,102767200
2017-03-16,32.63615417480469,32.71270538988306,32.5364043346917,32.64311305439243,76928000
2017-03-17,32.47377395629883,32.708064491516325,32.45057533159433,32.708064491516325,175540000
2017-03-20,32.814781188964844,32.82405851733462,32.52945290209418,32.568887741990295,86168000
2017-03-21,32.43898391723633,33.12562302407698,32.413466839693946,32.96556167763967,158119600
2017-03-22,32.805484771728516,32.847241578635575,32.42041034404195,32.441290517301645,103440800
2017-03-23,32.689510345458984,32.842612792385644,32.61759955543351,32.76838001583444,81385200
2017-03-24,32.62456130981445,32.87973207717125,32.55729094730071,32.82405748985324,89582400
2017-03-27,32.68022155761719,32.759091200333955,32.155962491013376,32.334581949788,94300400
2017-03-28,33.35757827758789,33.413249298861366,32.619905389204156,32.68717925939259,133499200
2017-03-29,33.431819915771484,33.51765200483419,33.216087548903,33.32975161933814,116760000
2017-03-30,33.38774108886719,33.519966878683235,33.2879947895574,33.44805609739234,84829200
2017-03-31,33.325103759765625,33.466606844237894,33.17431981160958,33.3390215156789,78646800
2017-04-03,33.334388732910156,33.431816586271744,33.183608289767676,33.33671071917011,79942800
2017-04-04,33.58260726928711,33.61044279305456,33.211450434189544,33.23000862990581,79565600
2017-04-05,33.40861511230469,33.74265542544554,33.359899425133094,33.455008813660356,110871600
2017-04-06,33.325103759765625,33.524599853618135,33.276388074456776,33.47124373646739,84596000
2017-04-07,33.25086975097656,33.44572540561645,33.2346335495627,33.3413387006031,66688800
2017-04-10,33.21144485473633,33.376146601789976,33.14881139716795,33.31119469750177,75733600
2017-04-11,32.85420227050781,33.25319447598897,32.49000445636002,33.15808508686104,121517600
2017-04-12,32.893646240234375,32.97483435579143,32.71038628928827,32.847252525685555,81400000
2017-04-13,32.71967315673828,33.02819654751059,32.71967315673828,32.91916935153789,71291600
2017-04-17,32.90059280395508,32.91219211315342,32.67789810202854,32.81940117917894,66328400
2017-04-18,32.75444793701172,32.949303580859954,32.73357130508771,32.80316361777981,58790000
2017-04-19,32.63383102416992,32.94003587355813,32.58047843602977,32.91220035620032,69313600
2017-04-20,33.042110443115234,33.153456073343605,32.745186402763736,32.75910416409056,93278400
2017-04-21,33.00266647338867,33.097772329341446,32.90523863144814,33.04210129943988,69283600
2017-04-24,33.320465087890625,33.39237585698242,33.213756387565255,33.28798914250683,68537200
2017-04-25,33.52693176269531,33.61276031836712,33.37382930694521,33.38311017435578,75486000
2017-04-26,33.32973861694336,33.54315599329066,33.260149841625946,33.51299849757834,80164800
2017-04-27,33.35527420043945,33.44110630367314,33.24392855849867,33.38543171289568,56985200
2017-04-28,33.322792053222656,33.473576047891505,33.23464505871015,33.424860347555175,83441600
2017-05-01,34.002471923828125,34.146293497724514,33.62667824255641,33.659154196004415,134411600
2017-05-02,34.21820831298828,34.352752575858716,34.062787407503606,34.22516719385969,181408800
2017-05-03,34.11381530761719,34.21356514784751,33.466614727903426,33.772816048963875,182788000
2017-05-04,33.99087905883789,34.132382212765485,33.82385882667371,33.98856061158516,93487600
2017-05-05,34.554561614990234,34.559198507937445,34.04422022176234,34.04422022176234,109310800
2017-05-08,35.49405288696289,35.65411421646194,34.570804838373185,34.570804838373185,195009600
2017-05-09,35.72138214111328,35.927837152275686,35.596115234791384,35.693543084367825,156521600
2017-05-10,35.552032470703125,35.70977529359681,35.28526604884279,35.63786452977076,103222800
2017-05-11,35.8595085144043,35.887462481175696,35.4775041412799,35.5101141406604,109020400
2017-05-12,36.360313415527344,36.4348490422703,36.02722222619589,36.03420983013355,130108000
2017-05-15,36.267127990722656,36.48841033875089,36.11572521423562,36.33933557810025,104038800
2017-05-16,36.213558197021484,36.350985781445964,36.03886103078676,36.32303537219975,80194000
2017-05-17,34.9976806640625,36.00393847969924,34.87190021422015,35.77799643000926,203070800
2017-05-18,35.53107452392578,35.71741888804317,35.20264653624211,35.23525653339592,134272800
2017-05-19,35.652191162109375,35.86648589039377,35.552033176222885,35.726730313280825,107843200
2017-05-22,35.86882781982422,36.00625542098801,35.617263443297745,35.87115583613732,91865600
2017-05-23,35.82455825805664,36.080778578721876,35.710421522111865,36.080778578721876,79675600
2017-05-24,35.71742630004883,35.910758306945944,35.56136388455392,35.833891107512834,76712000
2017-05-25,35.84088134765625,35.95269013008622,35.64522130973999,35.80827134133687,76942400
2017-05-26,35.78030776977539,35.92705452137962,35.71042819500086,35.87115015071543,87710400
2017-05-30,35.794281005859375,35.971306171895286,35.715085817439835,35.736048622452785,80507600
2017-05-31,35.582313537597656,35.91074502619719,35.493802733530885,35.8641598312848,97804800
2017-06-01,35.68016052246094,35.715102100969325,35.45655005859391,35.6778325055834,65616400
2017-06-02,36.208892822265625,36.208892822265625,35.612593825519774,35.77331576143785,111082800
2017-06-05,35.85485076904297,35.97597515334423,35.74537712953291,35.9503527557848,101326800
2017-06-06,35.97596740722656,36.29275172965172,35.81990503904824,35.84785544701367,106499600
2017-06-07,36.190269470214844,36.33235666310539,35.982962276085054,36.10874624577753,84278400
2017-06-08,36.101749420166016,36.22985781930265,35.96431829516833,36.162309818925564,85003200
2017-06-09,34.70184326171875,36.14833732682097,34.01237378611209,36.14833732682097,259530800
2017-06-12,33.87261199951172,34.028674358904006,33.194786210728026,33.94715115552017,289229200
2017-06-13,34.145145416259766,34.345464992166164,33.80972626086085,34.27791697953152,136661600
2017-06-14,33.812049865722656,34.35710408772815,33.50458119430064,34.35710408772815,126124800
2017-06-15,33.609413146972656,33.653670343239156,33.124922667381306,33.38347468652734,128661600
2017-06-16,33.138893127441406,33.658325107973596,33.1225863504276,33.49061552205966,201444400
2017-06-19,34.08690643310547,34.1800803772725,33.462657001187786,33.462657001187786,130165600
2017-06-20,33.7771110534668,34.21036013666981,33.76080783398927,34.21036013666981,99600400
2017-06-21,33.977447509765625,34.02403628397006,33.68395742508976,33.89592426335678,85063200
2017-06-22,33.921531677246094,34.17076444882419,33.80273533143621,33.95414167224387,76425200
2017-06-23,34.072940826416016,34.27792000709175,33.800413627139534,33.80507321421587,141757600
2017-06-26,33.96579360961914,34.53879839529873,33.86330402408988,34.28024641515841,102769600
2017-06-27,33.478973388671875,34.04499421518021,33.453350988225424,33.77712301883569,99047600
2017-06-28,33.96812057495117,34.033340572047614,33.34619903206657,33.65599579538631,88329600
2017-06-29,33.467308044433594,33.80505865464144,33.14120817401046,33.7072286935145,125997600
2017-06-30,33.5465202331543,33.76547461438173,33.49061585255683,33.646678249890044,92096400
2017-07-03,33.425392150878906,33.844666073372174,33.332221747757316,33.74683608382759,57111200
2017-07-05,33.56281280517578,33.72586275406296,33.24370050848071,33.46964242130377,86278400
2017-07-06,33.246028900146484,33.42538562306225,33.17149330305026,33.31358045030674,96515200
2017-07-07,33.583797454833984,33.716569070153604,33.28564776742897,33.28564776742897,76806800
2017-07-10,33.78875732421875,33.99606446541311,33.39510584668479,33.56747497978787,84362400
2017-07-11,33.898231506347656,33.97277065601497,33.63036398995309,33.711887186401654,79127200
2017-07-12,33.9471549987793,34.0496410185598,33.73286023232792,33.97743342439088,99538000
2017-07-13,34.42000198364258,34.58771155072855,33.87727568379812,33.89125088868478,100797600
2017-07-14,34.7158088684082,34.783360409398846,34.317501439561674,34.4665761677407,80528400
2017-07-17,34.836952209472656,35.1490770366055,34.606354168246725,34.66458657125914,95174000
2017-07-18,34.95806884765625,34.96971603651963,34.629637314513324,34.753089697174474,71475200
2017-07-19,35.177024841308594,35.27019524810859,34.927788494072644,35.05124088248308,83692000
2017-07-20,35.01862335205078,35.34472681415115,34.98368534557187,35.28882244956247,68974800
2017-07-21,35.002323150634766,35.04192074613128,34.67855123054189,34.93710316343784,105010400
2017-07-24,35.426265716552734,35.50779250676984,34.91614927051907,35.07454326328328,85972800
2017-07-25,35.57765197753906,35.83387228685359,35.35869768583004,35.35869768583004,75415600
2017-07-26,35.74537658691406,35.854850224762295,35.65220261801073,35.71975418974358,63124000
2017-07-27,35.06987762451172,35.868827946423565,34.310528459625985,35.812923566701464,129905200
2017-07-28,34.822975158691406,34.993012771307086,34.750767551452846,34.9138175604147,68854800
2017-07-31,34.64361572265625,35.01630447540552,34.503860106042794,34.91614290698702,79383600
2017-08-01,34.951080322265625,34.99067791997708,34.56907599550598,34.72979795659672,141474400
2017-08-02,36.60255813598633,37.21050454967103,36.374288117343134,37.101027350539105,279747200
2017-08-03,36.23685073852539,36.61885504717153,36.10873877893189,36.58158546724928,108389200
2017-08-04,36.427860260009766,36.66311787815662,36.26481024969889,36.35332463567779,82239600
2017-08-07,36.99154281616211,37.01716520990418,36.49307370045336,36.58391608658925,87481200
2017-08-08,37.2873649597168,37.694991695930675,36.86576301836556,36.94263020084409,144823600
2017-08-09,37.51563262939453,37.5645493985897,37.061420719251664,37.09635872994617,104526000
2017-08-10,36.32069396972656,37.41508344784956,36.159340851448846,37.39169759342249,163217200
2017-08-11,36.82579040527344,37.08068334207597,36.49607273431048,36.62000989770237,105028400
2017-08-14,37.380008697509766,37.464192779037646,37.122778568346675,37.25607151750768,88490800
2017-08-15,37.789241790771484,37.929546235370935,37.44782752936895,37.56942756923326,117862000
2017-08-16,37.63724136352539,38.00203791992535,37.45016519998717,37.868748517324306,110686400
2017-08-17,36.91465377807617,37.58111132381233,36.90997589394389,37.536680345005905,111762400
2017-08-18,36.830467224121094,37.298155696808344,36.648069005227455,36.914651291931996,109712400
2017-08-21,36.762657165527344,36.92166954735565,36.271582799189,36.830470429970546,105474000
2017-08-22,37.36362838745117,37.415074400205825,36.95206385359355,37.00116914056327,86418400
2017-08-23,37.41041946411133,37.52500448429227,37.15319281073657,37.19762380974922,77596400
2017-08-24,37.24437713623047,37.588128491701816,37.07600897974734,37.515633772181886,79275600
2017-08-25,37.382347106933594,37.54603739088878,37.2443798367557,37.33323823765675,101920400
2017-08-28,37.75883102416992,37.88276819020198,37.398708883934084,37.44781774603172,103864000
2017-08-29,38.0955810546875,38.14468636631902,37.41509319091422,37.43847905143108,118067600
2017-08-30,38.198455810546875,38.32473012280656,38.02540979846239,38.30368499879323,109078400
2017-08-31,38.35045623779297,38.472056244466614,38.228856231119316,38.26627216673891,107140400
2017-09-01,38.362159729003906,38.57028102195894,38.263945547088376,38.53754296132043,66364400
2017-09-05,37.901485443115234,38.40892715759397,37.546041099856886,38.29200500490723,117874000
2017-09-06,37.861724853515625,38.11427708156708,37.536681476039995,38.04880097446266,86606800
2017-09-07,37.70972442626953,37.93889437224509,37.49926601762614,37.90381559201768,87714000
2017-09-08,37.094730377197266,37.68401557002515,37.07134451492785,37.61620227853442,114446000
2017-09-11,37.765846252441406,37.89446130316004,37.389356868435996,37.53200200320028,126323200
2017-09-12,37.61619567871094,38.34111446369531,37.12746192939113,38.0254232193548,286856000
2017-09-13,37.3332405090332,37.40573523822023,36.92635371675804,37.38468653971778,179629600
2017-09-14,37.01286315917969,37.27476754590649,36.96843218610718,37.178894126738065,95042800
2017-09-15,37.38703918457031,37.641928692646225,36.947410625186585,37.057317765032515,196458400
2017-09-18,37.104061126708984,37.53199646788889,36.94738593100588,37.44079736686232,113077600
2017-09-19,37.118106842041016,37.361306925995585,37.05029356120008,37.30050512091642,83242400
2017-09-20,36.49607849121094,37.00819446712363,35.97226601948196,36.92401038359898,211805600
2017-09-21,35.86936950683594,36.4329350079312,35.7197093289704,36.4329350079312,150046800
2017-09-22,35.518611907958984,35.60747388708851,35.20759854918663,35.436764972636425,186581600
2017-09-25,35.205257415771484,35.50457781167694,34.88021400608444,35.07430518858542,177549200
2017-09-26,35.8109245300293,35.99332284222887,35.47185092751377,35.492896063187175,146640000
2017-09-27,36.0657958984375,36.18038085982717,35.90444280299202,35.9652445886265,102016800
2017-09-28,35.843650817871094,36.077495096989864,35.70802070780054,35.986295970860766,88022000
2017-09-29,36.04008102416992,36.042421750717985,35.544332268557866,35.8272854309584,105199200
2017-10-02,35.96759033203125,36.11725053764211,35.71270090763132,36.07281955082032,74795200
2017-10-03,36.124271392822266,36.26691657800852,35.990981979093554,36.01436427137475,64921200
2017-10-04,35.890419006347656,35.979280974345166,35.651900410428865,35.92549778916903,80655200
2017-10-05,36.33706283569336,36.34875576342897,36.023712354190145,36.05410968448605,85135200
2017-10-06,36.316009521484375,36.36044049595715,36.14296350726929,36.23884049763899,69630400
2017-10-09,36.442283630371094,36.650404850536574,36.360440291489695,36.435268588986396,65051600
2017-10-10,36.456321716308594,36.94739613012038,36.26924914740937,36.49373765736065,62468000
2017-10-11,36.608314514160156,36.70886581921877,36.42123841859882,36.47268443408268,67622400
2017-10-12,36.479705810546875,36.80007131591153,36.416566859091965,36.56155273162474,64500400
2017-10-13,36.711212158203125,36.77902542452051,36.57558205738806,36.65041036614586,65576800
2017-10-16,37.38703918457031,37.41509936727755,36.86556366804789,36.92402476080926,96486000
2017-10-17,37.52499008178711,37.618526361990085,37.23502190406929,37.363636965483664,75989200
2017-10-18,37.35896682739258,37.581121783254076,37.321554448462166,37.513304933091796,65496800
2017-10-19,36.475032806396484,36.73226296290356,36.25054427724561,36.65509391595144,170336800
2017-10-20,36.53816604614258,36.88893244018555,36.47035277996026,36.6223501234401,95896400
2017-10-23,36.51947021484375,36.8749146113694,36.3627949349457,36.68783842539898,87937200
2017-10-24,36.736934661865234,36.81176296958827,36.52647268702244,36.54751781405265,71028800
2017-10-25,36.575584411621094,36.84216674605642,36.30900207718577,36.69250655072747,84828400
2017-10-26,36.8094367980957,36.9076509883977,36.66211372855206,36.76734296329125,68002000
2017-10-27,38.12831115722656,38.25692622685149,37.11108709622468,37.24905436719479,177816800
2017-10-30,38.98651885986328,39.302210066858706,38.28498601603395,38.324739115669274,178803200
2017-10-31,39.52903747558594,39.671682636165784,39.03796660421485,39.26245512593285,144187200
2017-11-01,39.02627944946289,39.739505357875224,38.72695899743759,39.7231345423173,134551200
2017-11-02,39.31156539916992,39.40276453340428,38.64978560226695,38.95846179086375,165573600
2017-11-03,40.338138580322266,40.74970323143736,40.0154323298619,40.688905002759846,237594400
2017-11-06,40.74736404418945,40.920410088520335,40.15573832659195,40.30773567480745,140105200
2017-11-07,40.87832260131836,40.98121466696892,40.59537298896027,40.66786415298291,97446000
2017-11-08,41.21271896362305,41.21271896362305,40.76607551325696,40.84324455715639,97638000
2017-11-09,41.12852478027344,41.17997079691079,40.48779029826811,40.9484637220427,117930400
2017-11-10,40.992408752441406,41.159036597732104,40.89853623011327,41.09567067560666,100582000
2017-11-13,40.82813262939453,40.95251534079716,40.69436051656109,40.7178304391307,67928400
2017-11-14,40.21092224121094,40.713147938027774,40.173371786250605,40.60988597739111,99130000
2017-11-15,39.680538177490234,39.97154885160271,39.51625940218832,39.889407673447394,116632400
2017-11-16,40.15460205078125,40.335306909486874,39.966853348052915,40.17337369814629,94550000
2017-11-17,39.931640625,40.22265123623856,39.81195259621237,40.14051007583014,87598000
2017-11-20,39.89174270629883,40.02786039305711,39.793175467130645,39.96449446037479,65049600
2017-11-21,40.63334655761719,40.76476953873058,40.07949000791954,40.07949000791954,100525200
2017-11-22,41.06047439575195,41.069860216729566,40.61222534765896,40.68497709851023,102355600
2017-11-24,41.06282043457031,41.18720315476792,40.987719541843184,41.09333061986667,56106800
2017-11-27,40.85629653930664,41.08863589742661,40.680282850702696,41.08159563636307,82867200
2017-11-28,40.61692428588867,41.039354313094805,40.33295393283673,40.905585759415,105715200
2017-11-29,39.7744026184082,40.581719384764284,39.22993541987075,40.5136623278251,166665600
2017-11-30,40.33060836791992,40.39866542487053,39.530331863147126,39.99735260186167,166108800
2017-12-01,40.14284896850586,40.288352446473866,39.54440181533645,39.88469417113645,159037200
2017-12-04,39.8494987487793,40.5113083380798,39.80960274348526,40.478452593660734,130169600
2017-12-05,39.811954498291016,40.25316334714971,39.520943873148966,39.675836798515284,109400800
2017-12-06,39.66408920288086,39.94336477546053,39.065645639932406,39.30971633286353,114240000
2017-12-07,39.736846923828125,39.999692852259344,39.64062526038198,39.66878630099756,102693200
2017-12-08,39.74857711791992,40.13111461957262,39.619503298276676,40.01142661951891,93420800
2017-12-11,40.52304458618164,40.57467555490873,39.61246595336683,39.708687629722554,141095200
2017-12-12,40.29540252685547,40.457335704579165,40.23908043443534,40.401010031151124,77636800
2017-12-13,40.42917251586914,40.72721978848541,40.36580658424659,40.48314904524731,95273600
2017-12-14,40.41743469238281,40.63099881572758,40.28366257742813,40.459676256469045,81906000
2017-12-15,40.82813262939453,40.87506889352634,40.47375971704085,40.748340622269716,160677200
2017-12-18,41.40311050415039,41.58616444354225,41.03700262536666,41.041697326148046,117684400
2017-12-19,40.961917877197266,41.161401557423176,40.85631034455191,41.07691481510511,109745600
2017-12-20,40.91731643676758,41.16842743414846,40.65916159739693,41.03935001446314,93902400
2017-12-21,41.072208404541016,41.30924247623085,40.858647839316106,40.87507392232978,83799600
2017-12-22,41.072208404541016,41.16843008550406,40.952520379128735,40.99476194774206,65397600
2017-12-26,40.03020095825195,40.24141591393282,39.821327981158035,40.08417747696915,132742000
2017-12-27,40.037254333496094,40.07949590606701,39.82838486898746,39.919911857232634,85992800
2017-12-28,40.149906158447266,40.330614592805595,40.00909374032234,40.13113093063004,65920800
2017-12-29,39.715736389160156,40.034908090947475,39.713390828628,40.018482005205485,103999600
2018-01-02,40.42682647705078,40.43621588001568,39.722771657019194,39.93399025163347,102223600
2018-01-03,40.41978073120117,40.964251437036,40.356418384321046,40.490186919853265,118071600
2018-01-04,40.60752868652344,40.710790617330794,40.38457874373889,40.492531794304796,89738400
2018-01-05,41.06985855102539,41.15669082032517,40.61222370051546,40.703750670617445,94640000
2018-01-08,40.91731643676758,41.21301814104045,40.818745621002336,40.91731643676758,82271200
2018-01-09,40.912620544433594,41.083939525023105,40.69671085825055,40.964251510804274,86336000
2018-01-10,40.903228759765625,40.905577900559486,40.6004868209635,40.638037263592274,95839600
2018-01-11,41.13555908203125,41.18484447480892,40.95015963130988,40.97362596705587,74670800
2018-01-12,41.56035614013672,41.62372207810548,41.22240924564743,41.34679198028473,101672400
2018-01-16,41.34912872314453,42.10011960737781,41.337393763186334,41.75043785426289,118263600
2018-01-17,42.03207778930664,42.06727910092083,41.08629768651695,41.339754292155696,137547200
2018-01-18,42.06962585449219,42.266763948147556,41.83259532721489,42.09544134407751,124773600
2018-01-19,41.881874084472656,42.14472005952902,41.6354541923534,41.917075391486335,129700400
2018-01-22,41.53923797607422,41.72229195864066,41.44536542435082,41.60964418037092,108434400
2018-01-23,41.548622131347656,42.11186816210788,41.49699473667759,41.609642510426376,130756400
2018-01-24,40.886802673339844,41.60963257930642,40.64742307787513,41.59789761836071,204420400
2018-01-25,40.15692901611328,41.058118074688274,40.02081135919201,40.954856156954406,166116000
2018-01-26,40.25082015991211,40.36581709078735,39.910527650639175,40.36581709078735,156572000
2018-01-29,39.41767120361328,39.93397718651608,39.2088018185796,39.93397718651608,202561600
2018-01-30,39.18533706665039,39.27920959191692,38.652601354194225,38.84739024607921,184192800
2018-01-31,39.29330825805664,39.530342402477835,39.07505292456947,39.16188522959009,129915600
2018-02-01,39.37543487548828,39.5725693452636,39.13605525875675,39.23227693364981,188923200
2018-02-02,37.66693115234375,39.145446923123295,37.57305861302765,38.95769826348325,346375200
2018-02-05,36.7258415222168,38.4601628009349,36.610844631327524,37.33836925832738,290954000
2018-02-06,38.26068878173828,38.422621977266445,36.141483877235586,36.336272823957266,272975200
2018-02-07,37.44163131713867,38.34751526986964,37.33133269703871,38.27476351616194,206434400
2018-02-08,36.411346435546875,37.7842539912332,36.383185404580914,37.61762620233731,217562000
2018-02-09,36.856727600097656,37.20547638919081,35.40281840962682,37.012252020658266,282690400
2018-02-12,38.341278076171875,38.61933366859488,37.115937864737404,37.34922453638688,243278000
2018-02-13,38.72536087036133,38.82197484217078,38.091484044226874,38.1621772820291,130196800
2018-02-14,39.43935775756836,39.4794164227937,38.38132862243266,38.41902856901624,162579600
2018-02-15,40.763675689697266,40.787237711993015,39.823463626810906,40.00961906406378,204588800
2018-02-16,40.631710052490234,41.19489735366418,40.47618921168071,40.61521699774737,160704400
2018-02-20,40.49503707885742,41.06293097636061,40.39370925438159,40.542164710786906,135722000
2018-02-21,40.31123733520508,41.029941821835656,40.29709580939052,40.72596553556844,149886400
2018-02-22,40.64820098876953,40.98988079969852,40.46204559239559,40.483252486487366,123967600
2018-02-23,41.355125427246094,41.390470250051976,40.893266034139415,40.923900610976254,135249600
2018-02-26,42.17280578613281,42.27177489318232,41.52243582740411,41.55542552975394,152648800
2018-02-27,42.036136627197266,42.528627080196344,41.98194002503581,42.203443871619406,155712400
2018-02-28,41.97250747680664,42.56161185345442,41.95601442397654,42.24113892873372,151128400
2018-03-01,41.23732376098633,42.36369151663767,40.68592269478565,42.07149432814048,195208000
2018-03-02,41.522438049316406,41.54364494576013,40.636422689181344,40.71889874727326,153816000
2018-03-05,41.66618347167969,41.88297348928554,41.12420662986085,41.28680004196734,113605600
2018-03-06,41.63083267211914,42.00314711448065,41.50358769350333,41.92302977255187,95154000
2018-03-07,41.24436950683594,41.437597440985876,41.065283096039394,41.22316261521673,126814000
2018-03-08,41.6944580078125,41.736871803215045,41.25380902051406,41.35041941968929,95096400
2018-03-09,42.41080093383789,42.41551477558312,41.800489667512856,41.934807190193915,128740800
2018-03-12,42.820823669433594,42.97870322731675,42.46500588336334,42.48385406124085,128828400
2018-03-13,42.408443450927734,43.240258490091236,42.23642599068004,43.02582364771228,126774000
2018-03-14,42.04792404174805,42.538059425082864,41.899468554772085,42.49093178344864,117473600
2018-03-15,42.0974006652832,42.47207381129325,41.96073160316559,42.062055838116244,90975200
2018-03-16,41.948951721191406,42.20815552824538,41.85469284949225,42.09740360125407,157618800
2018-03-19,41.30800247192383,41.81934467481242,40.921550117889645,41.783999848007596,133787200
2018-03-20,41.29386520385742,41.66146579095869,41.223171953505314,41.29386520385742,78597600
2018-03-21,40.35836410522461,41.25851373335462,40.356005386501984,41.246730926564915,148219600
2018-03-22,39.78810501098633,40.69060961518841,39.72919458224374,40.05909154495934,165963200
2018-03-23,38.86674880981445,40.04024365734224,38.86674880981445,39.679712086140285,164115200
2018-03-26,40.711830139160156,40.78959235574448,39.22021728418757,39.604314524877644,150164800
2018-03-27,39.667945861816406,41.272666191803694,39.33333488572645,40.92627240477633,163690400
2018-03-28,39.229637145996094,40.06381094630235,38.92566087356404,39.41108229847523,166674000
2018-03-29,39.535972595214844,40.47147063196925,39.328606704264416,39.54304156007836,153594000
2018-04-02,39.276763916015625,39.80931655528173,38.755997678604295,39.26733982838251,150347200
2018-04-03,39.679710388183594,39.76454155398973,38.85260921827928,39.50297909238808,121112000
2018-04-04,40.438472747802734,40.53272799064838,38.82668436413568,38.85260509525929,138422000
2018-04-05,40.71890640258789,41.05587247257159,40.54924400792475,40.66706491557367,107732800
2018-04-06,39.6773567199707,40.64348568170846,39.63493933770883,40.287667954213894,140021200
2018-04-09,40.07088088989258,40.787230238252334,40.02375325832814,40.030822223282414,116070800
2018-04-10,40.82493209838867,41.001663406173904,40.4196280115526,40.76602166246026,113634400
2018-04-11,40.63405990600586,40.982808654567776,40.459683733921196,40.584573561357715,89726400
2018-04-12,41.03464889526367,41.237300917884426,40.77544156553691,40.862631446776255,91557200
2018-04-13,41.17368698120117,41.435249499355315,40.9663246609803,41.18546978925659,100497200
2018-04-16,41.430538177490234,41.51772448274305,41.19725152823636,41.24437916362685,86313600
2018-04-17,42.000789642333984,42.16573815931842,41.56956477932666,41.588416552068885,106421600
2018-04-18,41.90653610229492,42.13746765101794,41.68032199186675,41.89946713606957,83018000
2018-04-19,40.71890640258789,41.32921784126319,40.685916692270546,40.94512053173291,139235200
2018-04-20,39.0505485534668,40.34657809402919,38.98221043687875,40.20048136914202,261964400
2018-04-23,38.93745040893555,39.33332688754843,38.66646019491541,39.312119989538814,146062000
2018-04-24,38.39546585083008,39.19429120893321,37.99016176869321,39.03876679693956,134768000
2018-04-25,38.56276321411133,38.979850034719774,38.27056980391016,38.32005254794428,113528400
2018-04-26,38.69709014892578,39.052907912420274,38.49679321450623,38.673524534661865,111852000
2018-04-27,38.249366760253906,38.723005335962576,37.851131667287476,38.64524313476729,142623200
2018-04-30,38.942161560058594,39.4134451477928,38.13626705650611,38.20460519026829,169709600
2018-05-01,39.84701919555664,39.870581211910206,38.94451091068036,39.21314234724244,214277600
2018-05-02,41.60726547241211,41.8853210111797,40.9545368189417,41.291502795137106,266157600
2018-05-03,41.682674407958984,41.826416037885345,41.10535276486756,41.444677504077866,136272800
2018-05-04,43.31802749633789,43.416996609374756,41.984294200235574,42.00314597351994,224805200
2018-05-07,43.63142395019531,44.222883402962815,43.53480997715137,43.63613419599686,169805600
2018-05-08,43.84115219116211,43.88121086073857,43.28032362587547,43.59137248932765,113611200
2018-05-09,44.149845123291016,44.15926921265365,43.645571845594965,43.95897585212502,92844800
2018-05-10,44.781349182128906,44.859111378241764,44.218165636590804,44.23937612324497,111957200
2018-05-11,44.61104202270508,44.95877142248045,44.341374693233654,44.823939562481186,104848800
2018-05-14,44.506961822509766,44.833402569927514,44.43836378619095,44.710395336057,83115200
2018-05-15,44.10246276855469,44.251490694559884,43.78548605847127,44.18288904852097,94780800
2018-05-16,44.51405334472656,44.580290778639664,43.998375195944654,44.014935456791115,76732400
2018-05-17,44.232574462890625,44.68675094014407,44.0835465091372,44.47148914238329,69176000
2018-05-18,44.07170104980469,44.426526622457686,44.02912371363307,44.27986654079228,73190800
2018-05-21,44.38396453857422,44.77190715361013,44.213647916414686,44.47148705487406,73603200
2018-05-22,44.27277755737305,44.67964456930192,44.182887242571354,44.56136935907778,60962800
2018-05-23,44.556640625,44.58975754192542,43.94160804270139,44.08117554425509,80233600
2018-05-24,44.506961822509766,44.67018219621864,44.04805702169215,44.65362554309607,92936000
2018-05-25,44.608673095703125,44.86178013673768,44.38867935550355,44.52587901519814,69844000
2018-05-29,44.447811126708984,44.6488803761653,44.20416454506966,44.37684890640397,90056400
2018-05-30,44.35320281982422,44.47147802734375,44.18288623223826,44.40524419989064,74762000
2018-05-31,44.20417785644531,44.525886586769595,44.031497052583006,44.28697195102932,109931200
2018-06-01,45.0013542175293,45.006082627215655,44.41234235900359,44.469115760497296,93770000
2018-06-04,45.37746047973633,45.75357472306048,45.26391730635916,45.33251532937576,105064800
2018-06-05,45.72756576538086,45.87659370017553,45.50284356541038,45.67079596886733,86264000
2018-06-06,45.88605499267578,45.90971148131684,45.3987616462465,45.80326450137887,83734400
2018-06-07,45.76304244995117,45.938087437716206,45.49810354474371,45.92389499108366,85388800
2018-06-08,45.34672164916992,45.417687507795556,44.890181002081555,45.221350196369826,106627200
2018-06-11,45.23554611206055,45.41059476215253,44.99426722750999,45.26393462336998,73234000
2018-06-12,45.48392105102539,45.561983134058856,45.2166178827114,45.2733912911376,67644400
2018-06-13,45.11015701293945,45.62583872133828,45.04865521318298,45.51702395772197,86553600
2018-06-14,45.13382339477539,45.31596823906581,44.996623710326915,45.31123621974741,86440400
2018-06-15,44.6701774597168,44.98242572578577,44.53297779215371,44.951673018210656,246876800
2018-06-18,44.64653396606445,44.76007717327769,44.28224424577315,44.44310043134259,73939600
2018-06-19,43.925052642822266,44.076444783013294,43.395178347417,43.79494917637529,134314000
2018-06-20,44.11666488647461,44.282249501955334,43.93452000470886,44.08118375796942,82514800
2018-06-21,43.87063980102539,44.55427032867904,43.74763257948827,44.29406343878758,102847600
2018-06-22,43.7429084777832,44.033864518614706,43.69086709038591,44.02676829392175,108801600
2018-06-25,43.09238815307617,43.742901786561845,42.7517549820262,43.383344149401005,126652400
2018-06-26,43.626991271972656,44.123748586875465,43.17991113234928,43.2863617065948,98276800
2018-06-27,43.563133239746094,44.301169514152186,43.53238052515466,43.81624035304365,101141200
2018-06-28,43.88010025024414,44.04805262643195,43.47796528251381,43.548931126106865,69460800
2018-06-29,43.787845611572266,44.27987088708251,43.26743544249482,44.06697335691033,90950800
2018-07-02,44.27749252319336,44.305881019469304,43.38806451177098,43.48268681690434,70925200
2018-07-03,43.50634765625,44.459645447093266,43.416457352273774,44.42179651810617,55819200
2018-07-05,43.8564453125,44.095363540706394,43.591510003847155,43.8233283989184,66416800
2018-07-06,44.464385986328125,44.57319716617693,43.80914026437983,43.86118164934169,69940800
2018-07-09,45.081783294677734,45.1054361729971,44.778999020193005,44.82630838630501,79026400
2018-07-10,45.027366638183594,45.24735676080253,44.98714989692514,45.11252492004598,63756400
2018-07-11,44.44308853149414,44.89253282974942,44.37921891539344,44.5897486186037,75326000
2018-07-12,45.1882209777832,45.278111281541236,44.78135401584082,44.83339539070363,72164400
2018-07-13,45.259185791015625,45.37982518847754,45.15746724809984,45.20004819450975,50055600
2018-07-16,45.159847259521484,45.57144273231037,45.043936239652766,45.30414317834849,60172400
2018-07-17,45.28759002685547,45.38694079828623,44.75535143095738,44.88545492073838,62138000
2018-07-18,45.03919219970703,45.3703649068868,44.928013229161195,45.36563288849885,65573600
2018-07-19,45.38928985595703,45.547778183658465,44.87124392585113,44.87124392585113,81147200
2018-07-20,45.28521728515625,45.51939991314476,44.98479721255897,45.36564356932456,82704800
2018-07-23,45.32542419433594,45.40821828160653,44.840495132049895,45.1054304361593,63957600
2018-07-24,45.654232025146484,45.81035617192052,45.42950984329037,45.52412856950146,74791600
2018-07-25,46.084754943847656,46.0918511677494,45.51939597020719,45.66842389108969,66839600
2018-07-26,45.940452575683594,46.354415755891374,45.79852089868051,46.03507128737066,76304000
2018-07-27,45.176395416259766,46.17227421124157,44.968233513932546,46.12496485205233,96096000
2018-07-30,44.92329025268555,45.46498911575692,44.72458877003278,45.39402326924583,84118000
2018-07-31,45.013179779052734,45.45079951875537,44.788457592235076,45.015547593417764,157492000
2018-08-01,47.664913177490234,47.726414991857276,46.673766266407846,47.104289795396845,271742800
2018-08-02,49.058197021484375,49.29238326324594,47.392883464044495,47.44728905616039,249616000
2018-08-03,49.20012283325195,49.37753564709099,48.60637897287463,48.97303284336989,133789600
2018-08-06,49.455596923828125,49.498174265918486,48.982496094524244,49.20248624760357,101701600
2018-08-07,48.99195861816406,49.55731398898163,48.909164525705904,49.51473664507038,102349600
2018-08-08,49.02507019042969,49.15753783634779,48.37928861184259,48.74121043353765,90102000
2018-08-09,49.41065216064453,49.62354609173593,49.01324558394157,49.56440848760244,93970400
2018-08-10,49.26347351074219,49.63616186752561,49.05932655590925,49.22311934343157,98444800
2018-08-13,49.581573486328125,50.07532446085309,49.30383924230765,49.686021295456996,103563600
2018-08-14,49.79046630859375,49.98274357272346,49.43676872429337,49.88779300001047,82992000
2018-08-15,49.90677261352539,50.02546261378595,49.453375943218546,49.664643998797075,115230400
2018-08-16,50.63790512084961,50.75421900677927,50.19875065654081,50.265216769109614,114001600
2018-08-17,51.64914321899414,51.73697266396668,50.599924005213595,50.666390118511444,141708000
2018-08-20,51.145896911621094,52.02894718820168,51.06281246192727,51.772579973081385,121150800
2018-08-21,51.04619598388672,51.556565180937454,50.80644347668684,51.46398712151061,104639200
2018-08-22,51.048580169677734,51.35954745376496,50.76134871716838,50.82306984796145,76072400
2018-08-23,51.153018951416016,51.523331182353516,50.94175089032313,50.95361699295382,75532800
2018-08-24,51.312068939208984,51.48772784593229,51.06281917946899,51.41651673354817,73905600
2018-08-27,51.73460006713867,51.924504799962136,51.35241810535412,51.547067830452825,82100400
2018-08-28,52.15238952636719,52.351787873308055,51.967233401046144,51.98859673347588,91107200
2018-08-29,52.93099594116211,53.05206206974539,52.08355115173743,52.25921004869096,109019200
2018-08-30,53.417640686035156,54.18437735282211,52.79332989816378,52.99510442096004,195175200
2018-08-31,54.03481674194336,54.329165657459775,53.64788613858732,53.768948648472445,173360400
2018-09-04,54.208099365234375,54.40274909041703,53.79743296109522,54.21996909019062,109560400
2018-09-05,53.85439682006836,54.51906151214841,53.43423684845021,54.35764485862687,133332000
2018-09-06,52.95948791503906,53.968353076317825,52.53220312230638,53.70248497076641,137160000
2018-09-07,52.532196044921875,53.49833078569919,52.392142710712896,52.66275577263001,150479200
2018-09-10,51.82717514038086,52.66275374338426,51.385648201410284,52.44910957296742,158066000
2018-09-11,53.13751983642578,53.24434012282994,51.40701743257789,51.75121774304983,142996000
2018-09-12,52.47760009765625,53.41050179030378,52.185620079934594,53.3962595693674,197114800
2018-09-13,53.74522018432617,54.205738079671086,52.83368162441811,53.059191956699685,166825600
2018-09-14,53.13514709472656,53.847287212185975,52.82180732655303,53.58854383882072,127997200
2018-09-17,51.72035598754883,52.9238707140108,51.575554041463995,52.733965988011306,148780400
2018-09-18,51.80581283569336,52.66275478606583,51.53994477094162,51.69898893730426,126286800
2018-09-19,51.836673736572266,52.13339876116158,51.10791895968937,51.86753429821168,108495200
2018-09-20,52.23073196411133,52.76483707510181,52.02183636161945,52.28058336820857,106435200
2018-09-21,51.66813278198242,52.546438076470416,51.580299717041626,52.40875723884971,384986800
2018-09-24,52.4111328125,52.522701711224435,51.423634686068496,51.46873746922922,110773600
2018-09-25,52.743465423583984,52.89301599016302,52.15238788998584,52.16425761500714,98217600
2018-09-26,52.323307037353516,53.113782990935896,52.16663534447083,52.46098789272328,95938800
2018-09-27,53.39863204956055,53.752329565278224,53.06392536912954,53.13039510369861,120724800
2018-09-28,53.58616638183594,53.609902210274825,53.17787246251844,53.3606524678111,91717600
2018-10-01,53.94697570800781,54.459717360324966,53.7309626679872,54.11076848212006,94403200
2018-10-02,54.426490783691406,54.59740468813785,53.79743517852857,53.94460963208403,99152800
2018-10-03,55.088783264160156,55.421113845021594,54.54518098716264,54.609274607090086,114619200
2018-10-04,54.12028503417969,55.15526231430655,53.82118381913314,54.78257385496522,128168000
2018-10-05,53.241973876953125,54.21998222051164,52.36129585275346,54.11316191430005,134322000
2018-10-08,53.118534088134766,53.36303524657511,52.271085582411416,52.748221794657425,118655600
2018-10-09,53.85439682006836,53.94935098872618,52.75770243252154,53.08766047157872,107564000
2018-10-10,51.35954666137695,53.73097461398449,51.28595942699632,53.51970651890085,167962400
2018-10-11,50.90614700317383,52.10491688602584,50.40052999940235,50.9227653439931,212497600
2018-10-12,52.72447204589844,52.9072556604454,51.47347842930492,52.32329926558883,161351600
2018-10-15,51.59691619873047,52.658005073156325,51.57555286835093,52.49896091011206,123164000
2018-10-16,52.73397445678711,52.93337644328166,51.454496185595865,51.96961043793188,116736000
2018-10-17,52.506080627441406,52.850280888907186,52.06692619658876,52.76957256152675,91541600
2018-10-18,51.278831481933594,52.16188542108834,50.56194282764526,51.715609837048625,130325200
2018-10-19,52.059814453125,52.52270479300805,51.61353883204193,51.763089411901014,132314800
2018-10-22,52.377906799316406,53.02120833120337,51.971988940539,52.17375981059053,115168400
2018-10-23,52.871646881103516,52.99508549645666,50.96548575301715,51.233726314612056,155071200
2018-10-24,51.05807113647461,53.227724523287165,50.92751139208829,52.840797527182865,163702000
2018-10-25,52.17613220214844,52.551193090556765,51.45212237395931,51.680008800357086,119423200
2018-10-26,51.34530258178711,52.26871077821082,50.483611890840734,51.25034839397748,189033600
2018-10-29,50.38154220581055,52.15002282193601,48.9216527514046,52.03133279908018,183742000
2018-10-30,50.63315963745117,51.079431617704415,49.67651843439709,50.12279041465033,146640000
2018-10-31,51.952999114990234,52.330432534093326,51.42126648646341,51.48298761908578,153435600
2018-11-01,52.75059127807617,52.78382433784558,51.46636442889443,51.99809700733676,233292800
2018-11-02,49.25160598754883,50.71624028973885,48.764976217655075,49.742984372083036,365314800
2018-11-05,47.853450775146484,48.51811574186918,47.04161131385495,48.496752403392925,264654800
2018-11-06,48.37091827392578,48.596428524602615,47.87716749378135,47.93176387355699,127531600
2018-11-07,49.83793640136719,49.864048349461974,48.45638651506329,48.89316489943807,133697600
2018-11-08,49.66404342651367,50.052320434232975,49.24955972898359,50.01897142188709,101450400
2018-11-09,48.706443786621094,49.07328291204292,48.17762115241133,48.96370914662339,137463200
2018-11-12,46.252906799316406,47.605931880917694,46.1623864790107,47.40345336489818,204542000
2018-11-13,45.7907829284668,46.969913349271664,45.604980735359135,45.647860121721884,187531600
2018-11-14,44.497314453125,46.32675258754113,44.29007074517611,46.18859132716536,243204000
2018-11-15,45.595455169677734,45.72885124663024,44.521133325735,44.876065029231874,185915200
2018-11-16,46.10044479370117,46.44346527358321,45.13093905450507,45.37867404843674,147713200
2018-11-19,44.27339172363281,45.42631894360854,44.06615168008175,45.25957387208643,167701200
2018-11-20,42.158111572265625,43.22766834201665,41.80794501689303,42.48922102400499,271300800
2018-11-21,42.11045455932617,42.941802668538266,42.055667679021546,42.81316817679935,124496800
2018-11-23,41.04090118408203,42.06758187961476,40.99564466604918,41.67215527959916,94496000
2018-11-26,41.59592819213867,41.674537359769296,40.55733995839056,41.50541151846663,179994000
2018-11-27,41.50541305541992,41.63166315620087,40.705033069179756,40.85510181769542,165549600
2018-11-28,43.10140609741211,43.18477681325932,41.66977203052576,42.09854765484089,184250000
2018-11-29,42.77030563354492,43.544482692561466,42.329618776811884,43.511133672333116,167080000
2018-11-30,42.53923034667969,42.956094790309365,42.170006826796644,42.946564424698344,158126000
2018-12-03,44.02565002441406,44.05423385097278,43.16571810600193,43.93989490996853,163210000
2018-12-04,42.08903121948242,43.44681799966585,41.98898415512898,43.103797416299365,165377200
2018-12-06,41.61975860595703,41.63405052381516,40.59546208713448,40.91466036853459,172393600
2018-12-07,40.13571548461914,41.56496520303929,40.09045532863931,41.32675691663594,169126400
2018-12-10,40.40012741088867,40.51684714665778,38.90656041585195,39.30436782371349,248104000
2018-12-11,40.169063568115234,40.92179897327455,39.780782907152584,40.89083436840354,189126800
2018-12-12,40.28102493286133,40.952770447929545,40.261967832713054,40.59069281465273,142510800
2018-12-13,40.72170639038086,41.10760629127329,40.388216238765224,40.6121326126086,127594400
2018-12-14,39.418704986572266,40.27625624477988,39.371064057731815,40.25719914628972,162814800
2018-12-17,39.05186462402344,40.10236397402616,38.76363101611563,39.41155780558876,177151600
2018-12-18,39.55924606323242,39.90702807488065,39.159054310713856,39.3948817881678,135366000
2018-12-19,38.3253288269043,39.887974513339486,37.896553209341036,39.5425732450804,196189200
2018-12-20,37.35820770263672,38.61594722162958,36.9937492985405,38.20860943393784,259092000
2018-12-21,35.9051399230957,37.67502967352524,35.64311294562916,37.36535812309151,382978400
2018-12-24,34.97612762451172,36.10047117163717,34.91895631990907,35.29056071290011,148676800
2018-12-26,37.43920135498047,37.45349327266939,34.949925128842075,35.326294711989284,234330000
2018-12-27,37.19621658325195,37.3439081690997,35.74791362964968,37.12237260771279,212468400
2018-12-28,37.215274810791016,37.760773752408824,36.815086685468714,37.51780031359483,169165600
2018-12-31,37.57498550415039,37.960881858437965,37.2748406643526,37.76316849667668,140014000
2019-01-02,37.61784744262695,37.839383011324664,36.73885839429097,36.896076715977145,148158800
2019-01-03,33.87083053588867,34.71170533997153,33.825570388313054,34.297221690076654,365248800
2019-01-04,35.3167610168457,35.385843458861956,34.25435404131525,34.42824508143415,234428400
2019-01-07,35.23814392089844,35.45253352215503,34.75458147456687,35.42156528719401,219111200
2019-01-08,35.90989303588867,36.16477760345293,35.37868966576319,35.6264246419693,164101200
2019-01-09,36.519710540771484,36.81032493088937,35.64310582188923,36.038528801184015,180396400
2019-01-10,36.636444091796875,36.67693907416808,35.936110977771655,36.326772517155476,143122800
2019-01-11,36.276737213134766,36.61261175890216,36.09093504627831,36.417282860183526,108092800
2019-01-14,35.73124313354492,36.03376867647788,35.54544096003209,35.93372163187635,129756800
2019-01-15,36.46255111694336,36.538775893087994,35.74316093670541,35.79556706051702,114843600
2019-01-16,36.90798568725586,37.13190201684626,36.44586111508322,36.46491821066211,122278800
2019-01-17,37.12713623046875,37.55591178709757,36.507793355919425,36.731709681868324,119284800
2019-01-18,37.35582733154297,37.608327547850315,37.15572959722017,37.51780723077025,135004000
2019-01-22,36.51732635498047,37.3343789279958,36.355342850894715,37.25815417619096,121576000
2019-01-23,36.66501998901367,36.95563439699075,36.13619728825342,36.71980687861818,92522400
2019-01-24,36.37440872192383,36.798419228909076,36.14573077657716,36.7102833160953,101766000
2019-01-25,37.579734802246094,37.667874332465686,36.76030141896033,37.0366202455851,134142000
2019-01-28,37.231956481933594,37.23910243985736,36.6030867412518,37.11046792768946,104768400
2019-01-29,36.84605407714844,37.667875530253525,36.71027725105051,37.22004281201305,166348800
2019-01-30,39.36391830444336,39.578304302722984,38.16811172006146,38.887501744026494,244439200
2019-01-31,39.64739227294922,40.257204973829765,39.199559480528016,39.56878309333675,162958400
2019-02-01,39.666439056396484,40.25242931959905,39.52589342559066,39.77125126861664,130672400
2019-02-04,40.79317092895508,40.89083720323202,39.847483697513894,39.87845193930174,125982000
2019-02-05,41.49111557006836,41.705505198302404,41.05519762567575,41.17668253733617,144406400
2019-02-06,41.50541305541992,41.82223051192853,41.17430368331649,41.60307569024123,112958400
2019-02-07,40.719322204589844,41.43394701369877,40.57639578886016,41.06710424288514,126966800
2019-02-08,40.76716995239258,40.826977430058655,40.29110111604144,40.42746391729229,95280000
2019-02-11,40.5327262878418,40.95855893207921,40.48966665155167,40.920281266248566,83973600
2019-02-12,40.881988525390625,40.90830395465062,40.59730442258464,40.69299855187452,89134000
2019-02-13,40.71215057373047,41.262380181164986,40.649952101723166,41.00162041537065,89960800
2019-02-14,40.860469818115234,40.97051353375331,40.52076378013357,40.599710089365466,87342800
2019-02-15,40.76955032348633,41.07576423738868,40.60926676311227,40.96811153568763,98507200
2019-02-19,40.891571044921875,41.013580648024224,40.547083004759976,40.59971388249842,75891200
2019-02-20,41.154720306396484,41.463328928356844,40.90592281110477,40.953768062081025,104457600
2019-02-21,40.922672271728516,41.23606290385882,40.74085883448169,41.09970373851349,68998800
2019-02-22,41.379608154296875,41.38678476135967,40.999233378530235,41.04707864240207,75652800
2019-02-25,41.6810417175293,42.073378770005355,41.61405760981583,41.66429751578098,87493600
2019-02-26,41.704952239990234,41.93700555357512,41.42744465771321,41.556630858244425,68280800
2019-02-27,41.834136962890625,41.86523802210766,41.3221850553775,41.43701805078238,111341600
2019-02-28,41.42266082763672,41.84370783973421,41.36763896595908,41.702563057432904,112861600
2019-03-01,41.85805892944336,41.90111856239276,41.36046026332793,41.69298970241963,103544800
2019-03-04,42.068580627441406,42.523115990828586,41.6188272339384,42.0303029662159,109744800
2019-03-05,41.992027282714844,42.10446563638617,41.75518834938098,42.09011242534028,78949600
2019-03-06,41.75041580200195,41.982469167240126,41.61166197997791,41.7862988377152,83241600
2019-03-07,41.26715850830078,41.7312651068863,41.15232917629115,41.59490230920846,99185600
2019-03-08,41.3652458190918,41.40352348189286,40.54947092614344,40.74564121022977,95997600
2019-03-11,42.79823684692383,42.85086772826256,41.94897343970943,41.98246548689231,128044000
2019-03-12,43.279090881347656,43.70013427679356,42.91067471626808,43.06139075201512,129870400
2019-03-13,43.4704704284668,43.85084512569788,43.281476747208835,43.59965297928454,124130000
2019-03-14,43.953712463378906,44.04223001659465,43.67381389321422,43.99438111199851,94318000
2019-03-15,44.52546691894531,44.81493669824588,43.956102250709826,44.22164758035105,156171600
2019-03-18,44.97999954223633,45.06851342279984,44.446514323297244,44.44890895813928,104879200
2019-03-19,44.62355422973633,45.212061406706034,44.47762384055318,45.05895441234656,126585600
2019-03-20,45.01349639892578,45.331672586572196,44.192935988604326,44.551780818984106,124140800
2019-03-21,46.67135238647461,46.96799872620999,45.408219021081955,45.45845889770508,204136800
2019-03-22,45.70487594604492,47.29336243407434,45.64028284695774,46.731170674231585,169630800
2019-03-25,45.15225601196289,45.927358609615716,44.64030413374622,45.814920256190476,175381200
2019-03-26,44.68575668334961,46.142669720394025,44.157060586216474,45.85080891595458,199202000
2019-03-27,45.08766174316406,45.396266723051546,44.628340750814054,45.154645826401016,119393600
2019-03-28,45.147464752197266,45.34841698201704,44.86278060144004,45.202486604333025,83121600
2019-03-29,45.44172286987305,45.472823927790444,45.10440780439011,45.413016447400935,94256000
2019-04-01,45.750335693359375,45.855593802161465,45.06613790916995,45.84602621058282,111448000
2019-04-02,46.41539764404297,46.52065941000779,45.70488437413993,45.714451966336966,91062800
2019-04-03,46.73357391357422,47.00868690606132,46.207265083905796,46.23118953993053,93087200
2019-04-04,46.81489944458008,46.977574023468094,46.204862473032904,46.599590345608895,76457200
2019-04-05,47.128292083740234,47.152216534789176,46.87231432887972,46.996714903688506,74106400
2019-04-08,47.86991500854492,47.90101242016007,46.97040804991617,46.98954688418055,103526800
2019-04-09,47.72637939453125,48.5278012605482,47.661786280016884,47.92254972366387,143072800
2019-04-10,47.99430465698242,48.02301472919259,47.41058307694635,47.5301980351387,86781200
2019-04-11,47.594791412353516,48.08521347387526,47.47278546841466,48.04933044635173,83603200
2019-04-12,47.57565689086914,47.87947993607481,46.939308026197594,47.654603208931675,111042800
2019-04-15,47.661773681640625,47.810098707258135,47.3699129010381,47.506275701150514,70146400
2019-04-16,47.666561126708984,48.17372738438398,47.50149189935205,47.71680101561021,102785600
2019-04-17,48.59477996826172,48.6545874546007,47.51345959315239,47.73594169016094,115627200
2019-04-18,48.769412994384766,48.83878806695745,48.448845768750054,48.59238153452908,96783200
2019-04-22,48.9296875,49.027772627759255,48.40577347407819,48.52299743045083,77758000
2019-04-23,49.63542175292969,49.70001485209425,48.77897821899976,48.90576978194872,93292000
2019-04-24,49.558868408203125,49.87464998724384,49.53255297241984,49.606713659529454,70162400
2019-04-25,49.10912322998047,49.7024124764622,49.070845562372796,49.47993037791629,74172800
2019-04-26,48.87467956542969,49.042139800530364,48.35315637570548,49.01821534536197,74596400
2019-04-29,48.948822021484375,49.274174778566774,48.76939962567477,48.898582144500175,88818800
2019-04-30,48.00627136230469,48.65936807287442,47.633073241979126,48.57803076980022,186139600
2019-05-01,50.36267852783203,51.508588118959366,50.054069919017955,50.20957154101496,259309200
2019-05-02,50.034934997558594,50.87223969563154,49.79092311380709,50.200004222093234,127985200
2019-05-03,50.65693664550781,50.67846646268303,50.29330613721523,50.45119876388478,83569600
2019-05-06,49.8746452331543,49.96076813747586,48.68328143200459,48.87227143435446,129772400
2019-05-07,48.53017807006836,49.62106583922841,48.04454166099368,49.252653396273296,155054800
2019-05-08,48.539737701416016,49.12345915069855,48.2646248193424,48.30050783861878,105358000
2019-05-09,48.01823425292969,48.24789295306125,47.04696127241334,47.94167891931302,139634400
2019-05-10,47.352996826171875,47.75405242755431,46.29393315529909,47.41063441506635,164834800
2019-05-13,44.60088348388672,45.503850723802664,43.91165067654419,45.07878571600781,229722400
2019-05-14,45.30693054199219,45.55668620119035,44.52643906842477,44.7665902910609,146118800
2019-05-15,45.84967041015625,46.048996362171025,44.672930899784056,44.7329687046891,106178800
2019-05-16,45.64793395996094,46.22189509870286,45.350145195668674,45.60710870157197,132125600
2019-05-17,45.38858413696289,45.84487002495388,44.850644042816135,44.89146931368547,131516400
2019-05-20,43.96928787231445,44.2718807676928,43.294463501537294,44.07255480683123,154449200
2019-05-21,44.81221389770508,45.14842410077408,44.355924434207004,44.480804080096796,113459200
2019-05-22,43.89483642578125,44.59848135341637,43.83960267533602,44.34632185833325,118994400
2019-05-23,43.14555740356445,43.35688792824401,42.70127630087509,43.179178418700914,146118800
2019-05-24,42.97986602783203,43.74114498900121,42.89581163136659,43.275251015393394,94858800
2019-05-28,42.802146911621094,43.368903884393525,42.72530043390467,42.96785182423073,111792800
2019-05-29,42.5980224609375,43.07112063399836,42.266612621180826,42.36747568884229,113924800
2019-05-30,42.8189582824707,43.04229713219423,42.4275106667513,42.73490389947276,84873600
2019-05-31,42.04326629638672,42.74450725980642,42.02405376341982,42.32183886336672,108174400
2019-06-03,41.61819076538086,42.72768779213401,40.89053314856024,42.170539086692926,161584400
2019-06-04,43.14075469970703,43.18638400690421,41.91118191989877,42.13212054974457,123872000
2019-06-05,43.837196350097656,44.425569693638934,43.50098615185949,44.25506073740765,119093600
2019-06-06,44.480796813964844,44.54083460216376,43.7435310159626,43.96687349355877,90105200
2019-06-07,45.66473388671875,46.08980239407976,44.61287447558197,44.79058395870665,122737600
2019-06-10,46.248313903808594,46.9183340723606,46.01776716255535,46.06339647229206,104883600
2019-06-11,46.78385925292969,47.06963979513542,46.493278324635206,46.79586754698529,107731600
2019-06-12,46.63496017456055,47.06242899962698,46.442838489668404,46.57732256976799,73012800
2019-06-13,46.62535095214844,47.259349931934366,46.49327073235591,46.75743483635723,86698400
2019-06-14,46.286746978759766,46.490873314978614,45.70077742177055,46.00096644363661,75046000
2019-06-17,46.56291961669922,46.81988317946014,46.14985922765215,46.325168591151744,58676400
2019-06-18,47.657989501953125,48.099866687658974,46.87990221069181,47.08162827402509,106204000
2019-06-19,47.518714904785156,48.001421143050344,47.38423082437452,47.95338797340395,84496800
2019-06-20,47.90055847167969,48.17673087730708,47.5571403608846,48.11909327191323,86056000
2019-06-21,47.73725128173828,48.23436598340896,47.58595486567917,47.74205533137628,191202400
2019-06-24,47.68922424316406,48.06866356701845,47.59076137478577,47.679616143391534,72881600
2019-06-25,46.96636199951172,47.852516661791036,46.89911630648535,47.65319076826102,84281200
2019-06-26,47.982208251953125,48.267988752912856,47.39383857231526,47.49470163187464,104270000
2019-06-27,47.967803955078125,48.4072811086545,47.92697868915026,48.09988418890847,83598800
2019-06-28,47.53071594238281,47.91015520529247,47.32178561109309,47.71322950016567,124442400
2019-07-01,48.4024772644043,49.10852241038683,48.186338976057606,48.79152105324501,109012000
2019-07-02,48.685848236083984,48.7819109078006,48.35684228844312,48.36885058045973,67740800
2019-07-03,49.08930206298828,49.09650630501188,48.67624175302726,48.81793006537936,45448000
2019-07-05,49.04607391357422,49.25020388004415,48.72667240803768,48.83474336935479,69062000
2019-07-08,48.0350341796875,48.36644027578619,47.64839068055923,48.22475197636059,101354400
2019-07-09,48.328025817871094,48.39286399948066,47.744456532471055,47.83811534810115,82312000
2019-07-10,48.805931091308594,48.9260067005133,48.40487899629488,48.474524901707014,71588400
2019-07-11,48.45050811767578,49.08450718512967,48.44090368132173,48.82514343056897,80767200
2019-07-12,48.82273864746094,48.990843750978065,48.55857086735086,48.61860866606529,70380800
2019-07-15,49.28143310546875,49.43993012454427,48.9908485190662,49.01246124924694,67789600
2019-07-16,49.11091232299805,49.49755583798557,48.87076116249439,49.132525047983556,67467200
2019-07-17,48.834747314453125,49.25260805148238,48.81553477898725,49.00285241925894,56430000
2019-07-18,49.38949203491211,49.44232558710556,48.91879411475666,48.99084020087647,74162400
2019-07-19,48.65222930908203,49.59122135314634,48.59699556073013,49.42071239377778,83717200
2019-07-22,49.76412582397461,49.76652601648886,48.89717995224468,48.90678438671772,89111600
2019-07-23,50.15317916870117,50.1699915127743,49.780944050285115,50.06192419824494,73420800
2019-07-24,50.11235809326172,50.22762966077378,49.7521312384216,49.87220685670164,59966400
2019-07-25,49.716094970703125,50.24923084765101,49.64644908110747,50.16517647452962,55638400
2019-07-26,49.889007568359375,50.3669060724439,49.744915394257944,49.82656591618786,70475600
2019-07-29,50.35490417480469,50.585450949759505,50.057119018324855,50.0619230685826,86693600
2019-07-30,50.13877487182617,50.47018475086588,49.78575226095789,50.13397082105858,135742800
2019-07-31,51.161808013916016,53.162267870594626,50.74394728765502,51.973520210453195,277125600
2019-08-01,50.05471420288086,52.360167250633246,49.648861742078736,51.36834159535315,216071600
2019-08-02,48.99563980102539,49.57440130117731,48.421678685607006,49.358266726861835,163448400
2019-08-05,46.43083572387695,47.70603810831465,46.24832211693409,47.547541088998095,209572000
2019-08-06,47.309783935546875,47.56674746508109,46.59893480823304,47.1440790298721,143299200
2019-08-07,47.79969024658203,47.924569888809515,46.546104432236135,46.92794393689847,133457600
2019-08-08,48.85395812988281,48.87797471627512,47.883748868949,48.07827075971028,108038000
2019-08-09,48.45137023925781,48.87805012719757,48.04155921083366,48.52609936047873,98478800
2019-08-12,48.32843780517578,48.70690948783331,48.00782272066505,48.12112292640716,89927600
2019-08-13,50.37507247924805,51.13924382722564,48.328440715985266,48.45861715007124,188874000
2019-08-14,48.875648498535156,49.76517383656183,48.83707743689404,48.97448546461343,146189600
2019-08-15,48.632179260253906,49.451794151476854,48.133175768034526,49.04680900852128,108909600
2019-08-16,49.779640197753906,49.938743078281775,49.13841005138823,49.24447863840681,110481600
2019-08-19,50.707733154296875,51.281462059755455,50.63059103148695,50.772817682286515,97654400
2019-08-20,50.71014404296875,51.43092560223709,50.700503116487184,50.835498157263025,107537200
2019-08-21,51.259769439697266,51.50324237848759,51.00906488637231,51.34414318038667,86141600
2019-08-22,51.21638488769531,51.69368988653307,50.80416442619492,51.39236032291388,89014800
2019-08-23,48.84913635253906,51.117546110498004,48.45379212610639,50.48595686609099,187272000
2019-08-26,49.7772331237793,49.945976938742,49.43251020046901,49.625361851143225,104174400
2019-08-27,49.21554946899414,50.27381861209073,49.06367821155097,50.10748412600324,103493200
2019-08-28,49.545806884765625,49.59160956235751,49.01305832980717,49.20108766430298,63755200
2019-08-29,50.38471221923828,50.45944504062783,49.81821484810171,50.26177108180153,83962000
2019-08-30,50.319618225097656,50.73183492972225,49.94837821357819,50.66192810275073,84573600
2019-09-03,49.5867919921875,49.895353169440305,49.23001882067758,49.7627674264787,80092000
2019-09-04,50.4281120300293,50.49801887906792,49.977324123510904,50.23526034951121,76752400
2019-09-05,51.414058685302734,51.58039320433175,50.9873749640987,51.10549748531893,95654800
2019-09-06,51.40922927856445,51.68886397689248,51.22843155300844,51.59967160935337,77449200
2019-09-09,51.628597259521484,52.175812730232884,50.88130221260114,51.79010945042045,109237600
2019-09-10,52.23849105834961,52.25777659132172,51.03558582572097,51.55387119036651,127111600
2019-09-11,53.89942169189453,53.92835183174027,52.486788527686315,52.56875296585321,177158400
2019-09-12,53.77887725830078,54.581619481986,53.72343366063035,54.19109762983482,128906800
2019-09-13,52.732662200927734,53.22443032366969,52.31562320522777,53.033991699218745,159053200
2019-09-16,53.0098876953125,53.065334975405115,52.44579971658606,52.48678008991177,84632400
2019-09-17,53.20274353027344,53.23167366775572,52.82186254541924,53.024358794438605,73274800
2019-09-18,53.70174026489258,53.721025794674944,52.89899801960268,53.2895198822642,101360000
2019-09-19,53.26542282104492,53.94039806160679,53.12319247975443,53.518536697086034,88242400
2019-09-20,52.486793518066406,53.65113152281099,52.424118286063894,53.3666781487152,221652400
2019-09-23,52.72544860839844,52.995438754079444,52.46750870409688,52.780892225099386,76662000
2019-09-24,52.47472381591797,53.63424284676949,52.35660500350317,53.282288364697834,124763200
2019-09-25,53.28229904174805,53.39559925316639,52.34456157671541,52.68446221097044,87613600
2019-09-26,53.007484436035156,53.260601997444645,52.75195756239218,53.03400158396071,75334000
2019-09-27,52.749542236328125,53.26541822760675,52.37830220769446,53.164168271914754,101408000
2019-09-30,53.99102783203125,54.138076810696,53.22444348606664,53.25096063560748,103909600
2019-10-01,54.14047622680664,55.015538323363366,54.04646156440839,54.25618941001897,139223200
2019-10-02,52.78329849243164,53.89701137983922,52.534999548530294,53.77165725173804,138449200
2019-10-03,53.2316780090332,53.26542677356559,51.860025224931825,52.6555323429582,114426000
2019-10-04,54.72385787963867,54.8395710800797,53.971740468468944,54.39360185610263,138478800
2019-10-07,54.735897064208984,55.4277483766297,54.44179919601279,54.54545845037951,122306000
2019-10-08,54.09468078613281,54.976974614844835,54.077808243619614,54.43699440099302,111820000
2019-10-09,54.72868728637695,54.91189436001317,54.39360891641107,54.72868728637695,74770400
2019-10-10,55.46632766723633,55.550701405913,54.793761783186426,54.94562936312992,113013600
2019-10-11,56.94164276123047,57.2863619931898,56.00149237905756,56.155772958105636,166795600
2019-10-14,56.859676361083984,57.40448251068551,56.570400745177686,56.62584434929446,96427600
2019-10-15,56.72710418701172,57.288779297182636,56.621035584430885,56.985040399342694,87360000
2019-10-16,56.49808883666992,56.70781672221334,56.21604479577313,56.25702517658655,73903200
2019-10-17,56.71745300292969,56.92717719294954,56.29318232014836,56.671650322732425,67585200
2019-10-18,56.9898567199707,57.271900740857916,56.47879929558,56.55111912414219,97433600
2019-10-21,57.978214263916016,58.09392745858567,57.20922434833199,57.257436340274744,87247200
2019-10-22,57.84563446044922,58.3856146765989,57.763670024778484,58.134910101720735,82293600
2019-10-23,58.621849060058594,58.63631596699273,58.149366427033016,58.361503588666736,75828800
2019-10-24,58.71828842163086,59.012386389499646,58.29160470130654,58.94247586623234,69275200
2019-10-25,59.44146728515625,59.4776253564704,58.549532635464736,58.617030154143734,73477200
2019-10-28,60.03689956665039,60.08511155841157,59.475220850701646,59.64396466103537,96572800
2019-10-29,58.64837646484375,60.20564933333659,58.47481401300021,60.01761997202817,142839600
2019-10-30,58.64113235473633,59.13290417825413,58.146954897662944,59.00272776918345,124522000
2019-10-31,59.966983795166016,60.06582076053263,57.194752211017715,59.6005697472304,139162000
2019-11-01,61.66889572143555,61.69540918786586,60.0634111636055,60.155012835985374,151125200
2019-11-04,62.0738639831543,62.15823769679664,61.562810435390226,62.03287994281064,103272000
2019-11-05,61.98469161987305,62.24021847609193,61.78943067043556,61.965402409963275,79897600
2019-11-06,62.01119613647461,62.07146203455677,61.56040839588844,61.897895953813084,75864400
2019-11-07,62.72689437866211,62.949342001287484,62.40773328571628,62.56006050638428,94940400
2019-11-08,62.898563385009766,62.971096636905955,62.10308095498202,62.547968783728415,69986400
2019-11-11,63.39666748046875,63.46194743060705,62.44885750248591,62.45369059475906,81821200
2019-11-12,63.33860397338867,63.539291580121066,63.087150474520136,63.239470287218744,87388800
2019-11-13,63.945518493652344,64.02047200264977,63.123442751290504,63.137949406014755,102734400
2019-11-14,63.5030403137207,64.04464167764944,63.37247306392889,63.771420760707294,89182800
2019-11-15,64.25741577148438,64.26224886267634,63.59250048371245,63.75449389444292,100206400
2019-11-18,64.58140563964844,64.66119222217237,63.88747709374244,64.26707764289107,86703200
2019-11-19,64.38557434082031,64.79902876426905,64.16796713788763,64.77484854643953,76167200
2019-11-20,63.636016845703125,64.33477848987357,62.96142803489208,64.20421862617964,106234400
2019-11-21,63.350704193115234,63.83427887982117,63.150016566024355,63.75690515904483,121395200
2019-11-22,63.29508972167969,63.6335905227378,63.06780903123409,63.49093687724774,65325200
2019-11-25,64.40492248535156,64.42184937791592,63.47403931828928,63.51997952452539,84020400
2019-11-26,63.9019775390625,64.59590601757539,63.46917613857791,64.54271250813726,105207600
2019-11-27,64.76031494140625,64.79416870803259,64.1485933165973,64.21387323668083,65235600
2019-11-29,64.61767578125,64.79901631197382,64.29126135019413,64.46051546370906,46617600
2019-12-02,63.870548248291016,64.85945763961855,63.69888129319268,64.6225033766023,94487200
2019-12-03,62.73173141479492,62.75107115629454,61.96768249718288,62.45609029176561,114430400
2019-12-04,63.285438537597656,63.665046567427005,63.029144456267865,63.12344509424204,67181600
2019-12-05,64.21388244628906,64.28884331474642,63.52479438806527,63.78108839387271,74424400
2019-12-06,65.45426940917969,65.52438982597056,64.62977343403563,64.67330077683782,106075600
2019-12-09,64.53789520263672,65.47602410408834,64.05190017384767,65.28259713814829,128042400
2019-12-10,64.91506958007812,65.2995105763633,64.2815805327648,64.94408288111636,90420400
2019-12-11,65.46874237060547,65.54853630903852,64.91988787435372,64.9948413445408,78756800
2019-12-12,65.63558959960938,65.90155715077746,64.63459384364013,64.74581395457803,137310400
2019-12-13,66.52781677246094,66.56408341496014,65.5074734171341,65.63562047314295,133587600
2019-12-16,67.66661071777344,67.89147858269702,66.97026928116301,66.9751023722713,128186000
2019-12-17,67.79960632324219,68.12843364836294,67.41032476881718,67.59650579088537,114158400
2019-12-18,67.63761138916016,68.15987310860368,67.48770436741339,67.65211804424749,116028400
2019-12-19,67.70528411865234,67.98575830122206,67.44657728865374,67.5795573659543,98369200
2019-12-20,67.56507110595703,68.34120658769552,67.35229701505612,68.23966001261653,275978000
2019-12-23,68.66761779785156,68.7280646445046,67.78992840384697,67.82861527115676,98572000
2019-12-24,68.73290252685547,68.88281691516765,68.40649543518947,68.83445648296811,48478800
2019-12-26,70.0965805053711,70.11350739294336,68.83687031651944,68.8658836216346,93121200
2019-12-27,70.06997680664062,71.07823338522084,69.66377579633756,70.38913790563515,146266000
2019-12-30,70.48584747314453,70.76874192675591,68.96259007950816,69.98776610931984,144114400
2019-12-31,71.0008773803711,71.00813070812417,70.00229411335332,70.10142784515646,100805600
2020-01-02,72.62083435058594,72.68128119000231,71.37321069958021,71.62708447362316,135480400
2020-01-03,71.91480255126953,72.6764311518872,71.68994210914916,71.84710239518715,146322800
2020-01-06,72.48786163330078,72.52654850385467,70.78326336625187,71.03472433546915,118387200
2020-01-07,72.1469497680664,72.75383115765004,71.92692233659784,72.49753708995398,108872000
2020-01-08,73.30752563476562,73.60975989811726,71.84954784350802,71.84954784350802,132079200
2020-01-09,74.8646240234375,75.05805096656148,74.03529512111521,74.28674867142341,170108400
2020-01-10,75.03388977050781,75.59967884900662,74.53097516366826,75.09917709890132,140644800
2020-01-13,76.63692474365234,76.66352519200935,75.23214067732687,75.35062150930146,121532000
2020-01-14,75.60208892822266,76.78443295716991,75.4787823612356,76.57407908177844,161954400
2020-01-15,75.27806854248047,76.28390474886808,74.84526714361999,75.40138244543428,121923600
2020-01-16,76.22105407714844,76.33228158869747,75.45942527825108,75.82210636141797,108829200
2020-01-17,77.06487274169922,77.06728559726437,76.16300341004458,76.47007064045414,137816400
2020-01-21,76.54263305664062,77.13500771347044,76.4048124784183,76.69254005241989,110843200
2020-01-22,76.81584167480469,77.36952937649916,76.72154106940934,77.02860833807343,101832400
2020-01-23,77.18578338623047,77.26556997023165,76.3201804851689,76.86904252755714,104472000
2020-01-24,76.9633560180664,78.1771262566053,76.77234188289478,77.4324242211359,146537600
2020-01-27,74.70021057128906,75.38204534370864,73.71613420898714,74.96859100895418,161940000
2020-01-28,76.81341552734375,76.98508246127517,75.48358524576821,75.5827189340282,162234000
2020-01-29,78.42131042480469,79.26998640843951,77.70562191467835,78.44791087101221,216229200
2020-01-30,78.30767059326172,78.36086410726632,77.06972049871605,77.50252193635508,126743200
2020-01-31,74.83562469482422,78.01996079771159,74.54064375527754,77.59683282419269,199588400
2020-02-03,74.63008880615234,75.79791852993898,73.07297758859362,73.57589206005755,173788400
2020-02-04,77.09390258789062,77.28491667175436,75.83177225101083,76.23797325215806,136616400
2020-02-05,77.72256469726562,78.5228804217208,77.11809618158854,78.22305902038404,118826800
2020-02-06,78.63166809082031,78.63408832571153,77.43482504328904,77.99335327455661,105425600
2020-02-07,77.5628433227539,78.37959926522765,77.07085045375861,78.12996756118129,117684000
2020-02-10,77.9312515258789,77.9312515258789,76.06507446922856,76.1450504217699,109348800
2020-02-11,77.46106719970703,78.50079892091712,77.242943577511,78.42809351227764,94323200
2020-02-12,79.30058288574219,79.30542744679461,77.91185062961374,77.91185062961374,113730400
2020-02-13,78.73588562011719,79.06307473499535,78.36749924118695,78.5710817713545,94747600
2020-02-14,78.75528717041016,79.0049189494575,78.24632709184701,78.70438598515923,80113600
2020-02-18,77.31320190429688,77.49497275516904,76.2492329736465,76.43100382451867,152531200
2020-02-19,78.43291473388672,78.66316078652402,77.5555685480905,77.5555685480905,93984000
2020-02-20,77.6282730102539,78.6825454868993,77.12173909676193,78.19297862893117,100566000
2020-02-21,75.87118530273438,77.66466444490703,75.25316708230885,77.22113922163652,129554000
2020-02-24,72.26725769042969,73.72142482703582,70.09812948275813,72.04428953806494,222195200
2020-02-25,69.81941986083984,73.32154259168735,69.34681990026353,72.93861510277681,230673600
2020-02-26,70.927001953125,72.19455366055257,69.43648208910632,69.4437526290761,198054800
2020-02-27,66.29064178466797,69.31531263503878,66.154920085896,68.12774407264509,320605600
2020-02-28,66.25186920166016,67.47579797874893,62.13415384073174,62.34985890817242,426510000
2020-03-02,72.4199447631836,73.0573558601896,67.30854828272852,68.41371468951469,341397200
2020-03-03,70.11996459960938,73.67782627764666,69.26684819330227,73.59785031269487,319475600
2020-03-04,73.37242126464844,73.53238053099778,71.04333387511636,71.8455487891952,219178400
2020-03-05,70.99243927001953,72.59928766176252,70.62647152568951,71.62257241363193,187572800
2020-03-06,70.0496597290039,70.48348836275598,68.15924526304715,68.34586073075151,226176800
2020-03-09,64.50930786132812,67.39825029834616,63.74101931709742,63.92279028473173,286744800
2020-03-10,69.15532684326172,69.42192557668332,65.28481913919207,67.16796993178485,285290000
2020-03-11,66.75353240966797,68.15680559462812,65.88830129483978,67.228565607775,255598800
2020-03-12,60.161319732666016,65.43752410022596,60.1055776920594,62.02992621470894,418474000
2020-03-13,67.36913299560547,67.84174022351363,61.30525564200672,64.19905222754427,370732000
2020-03-16,58.70231628417969,62.79094543204696,58.1666963283087,58.63929999634842,322423600
2020-03-17,61.283447265625,62.43465915638621,57.77890302465822,59.986813491504265,324056000
2020-03-18,59.783233642578125,60.59029684026707,57.46868356365228,58.110942929042054,300233600
2020-03-19,59.32518005371094,61.27861092543495,58.79925664194976,59.957742995624386,271857200
2020-03-20,55.55889129638672,61.03383075218806,55.25836203120277,59.9068487813525,401693200
2020-03-23,54.37858963012695,55.37954272359019,51.52842281078119,55.27775144769988,336752800
2020-03-24,59.83412551879883,60.030437470484934,56.785221623388836,57.28448503092087,287531200
2020-03-25,59.5045166015625,62.5897733176163,59.208835672807325,60.77206450877943,303602000
2020-03-26,62.63582229614258,62.693986610997555,59.70809887531277,59.746877550641436,252087200
2020-03-27,60.042572021484375,62.012966292537286,59.87534218227991,61.256800443757655,204216800
2020-03-30,61.75605773925781,61.92813582111078,60.44488273934441,60.76964956297266,167976400
2020-03-31,61.630035400390625,63.61739674195396,61.0750298122147,61.947531717359034,197002000
2020-04-01,58.38724136352539,60.28008186649483,57.95583869541803,59.74203967177421,176218400
2020-04-02,59.36151885986328,59.4148386124558,57.41535898464991,58.24908199085529,165934000
2020-04-03,58.5084228515625,59.54815085540586,57.91706088463897,58.845304798537626,129880000
2020-04-06,63.612545013427734,63.76765233671357,60.440037765372786,60.80842412991893,201820400
2020-04-07,62.87575912475586,65.84953553567023,62.7715455925078,65.63140455674476,202887200
2020-04-08,64.48503875732422,64.80010532216062,63.312011573340016,63.67797191329824,168895200
2020-04-09,64.95038604736328,65.45450156620154,64.15302289668575,65.12246785230607,161834800
2020-04-13,66.2251968383789,66.33426233514128,64.42687350884506,65.02793193786948,131022800
2020-04-14,69.56977844238281,69.86061483646596,67.38852767558943,67.86113496690535,194994800
2020-04-15,68.93477630615234,69.3952609864248,68.01380694560743,68.44278349471875,131154400
2020-04-16,69.48252868652344,69.84849644250897,68.43068203167357,69.64975849579653,157125200
2020-04-17,68.53974914550781,69.54555411214668,67.1001229261611,68.99781539542603,215250000
2020-04-20,67.11710357666016,68.26831958944639,67.09771792975488,67.36431680144536,130015200
2020-04-21,65.04247283935547,67.19464143835056,64.32993033303205,66.95955078291355,180991600
2020-04-22,66.91594696044922,67.35219428033734,65.97073950317238,66.31246237919339,116862400
2020-04-23,66.6566162109375,68.28528415368396,66.61783752226751,66.86019877924598,124814400
2020-04-24,68.5809326171875,68.59062913382022,67.13403630423794,67.18251149112648,126161200
2020-04-27,68.6294174194336,68.96145104694212,67.84901413734978,68.29737639564895,117087600
2020-04-28,67.51697540283203,69.27409398731281,67.42488436575898,69.09232309926307,112004800
2020-04-29,69.7345962524414,70.2047776093199,68.80393005840862,69.00751259495229,137280800
2020-04-30,71.20570373535156,71.38263003955775,69.88483989033415,70.27503779613664,183064000
2020-05-01,70.05936431884766,72.46600961904917,69.2789608424837,69.37590385770176,240616800
2020-05-04,71.05061340332031,71.17906454911665,69.39286360998993,70.08359453961356,133568000
2020-05-05,72.11698913574219,72.95071215203899,71.36566802967198,71.51108621089136,147751200
2020-05-06,72.86104583740234,73.49360499399509,72.43448777558325,72.81984118068168,142333600
2020-05-07,73.61479187011719,73.96137402305452,73.1858151892616,73.48876670304365,115215200
2020-05-08,75.36692810058594,75.42039218313751,73.94770849211302,74.27578320702963,133838400
2020-05-11,76.5528793334961,77.04862926819315,74.66463023297625,74.8736289600459,145946400
2020-05-12,75.67803192138672,77.6902152313634,75.55652324948885,77.23819911542692,162301200
2020-05-13,74.76423645019531,76.78128356159384,73.68523954151851,75.85781379685726,200622400
2020-05-14,75.22355651855469,75.28431082691709,73.27698610540817,74.00118013095506,158929200
2020-05-15,74.77884674072266,74.8250206182074,72.95621710200552,72.99024308175176,166348400
2020-05-18,76.54071807861328,76.91496675486883,75.4131217905622,76.10572250052454,135178400
2020-05-19,76.09844970703125,77.40587670296324,76.06685626775942,76.55774860082086,101729600
2020-05-20,77.57840728759766,77.64887695753947,76.91982513329616,76.95870878721165,111504800
2020-05-21,77.00000762939453,77.98179927461916,76.76184808396121,77.4398682042287,102688800
2020-05-22,77.49577331542969,77.57839828930445,76.63549018604292,76.73755327647146,81803200
2020-05-26,76.9708480834961,78.79590239398446,76.91495145206838,78.61607202130844,125522000
2020-05-27,77.30622100830078,77.4520328550853,76.08627697001077,76.82748410104101,112945200
2020-05-28,77.3402328491211,78.60149285636655,76.70352889805483,76.9805646816368,133560800
2020-05-29,77.26490020751953,78.04498345448154,76.9076645757953,77.58325219172917,153532400
2020-06-01,78.21511840820312,78.33662705652523,77.08751459195024,77.21874600870194,80791200
2020-06-02,78.57719421386719,78.60149742135009,77.50548728566115,77.9477804464378,87642800
2020-06-03,79.0097885131836,79.27225136733202,78.32447790282927,78.89800262449812,104491200
2020-06-04,78.3293228149414,79.13127678381436,77.95507416852828,78.83237030887165,87560400
2020-06-05,80.56021881103516,80.62097312386399,78.55046881252456,78.57962969607472,137250400
2020-06-08,81.03653717041016,81.07056314819836,79.54441498185327,80.25645380649277,95654400
2020-06-09,83.59549713134766,83.98918386938145,80.68415537333125,80.71574880080514,147712400
2020-06-10,85.74620056152344,86.21522204655183,84.10583422041279,84.54569482376236,166651600
2020-06-11,81.62950134277344,85.31364412865861,81.52743824020874,84.88836389660872,201662400
2020-06-12,82.33426666259766,84.52142258544907,81.22125057836313,83.77293248835645,200146000
2020-06-15,83.35250091552734,84.00621804239414,80.82268994587284,80.98551479918848,138808800
2020-06-16,85.5615234375,85.83370902956554,83.77291975886371,85.41085390565064,165428800
2020-06-17,85.44245147705078,86.3683467952298,85.32094282724987,86.30759247032934,114406400
2020-06-18,85.47644805908203,85.89443796728098,84.86647247366753,85.39868077004574,96820400
2020-06-19,84.98799896240234,86.65023617971444,83.87740827164068,86.18364717992426,264476000
2020-06-22,87.21161651611328,87.35499583192716,85.33552267955825,85.38169655946604,135445200
2020-06-23,89.07313537597656,90.49478813930877,88.03787925009263,88.45830187116142,212155600
2020-06-24,87.50078582763672,89.62232897813153,87.12653720580805,88.70129157263592,192623200
2020-06-25,88.66242980957031,88.70131346707345,86.89569672901172,87.65634205576191,137522400
2020-06-26,85.93819427490234,88.77906661891221,85.78994989080277,88.55792002381165,205256800
2020-06-29,87.91877746582031,88.01355774997114,85.36709642622178,85.84584068935075,130646000
2020-06-30,88.6526870727539,88.93945305521017,87.48620727559833,87.50564539182193,140223200
2020-07-01,88.48502349853516,89.27482970528494,88.43642448943781,88.73047333907931,110737200
2020-07-02,88.48502349853516,90.03061734729651,88.37081248982172,89.39391322261687,114041600
2020-07-06,90.85201263427734,91.32103421004693,89.88480117911871,89.91639461248228,118655600
2020-07-07,90.57012176513672,92.01121263205987,90.45833587921427,91.23112914431677,112424400
2020-07-08,92.67948913574219,92.71108256542591,91.46197031782751,91.54946038589766,117092000
2020-07-09,93.0780258178711,93.62723968026148,92.02818966997752,93.57377559635125,125642800
2020-07-10,93.2408676147461,93.29919680465662,92.05980720131565,92.67220807313528,90257200
2020-07-13,92.81072998046875,97.16317034048585,92.59687358818513,94.54830204332501,191649200
2020-07-14,94.34658813476562,94.53856641947361,91.25540846734508,92.19101893190584,170989200
2020-07-15,94.99543762207031,96.47541172354836,93.79493186330134,96.22510426302838,153198000
2020-07-16,93.82655334472656,94.68440416167095,93.22630028586973,93.8654370047039,110577600
2020-07-17,93.63697814941406,94.43407445102358,93.16309153453818,94.27854726393537,92186800
2020-07-20,95.61029815673828,95.74881980286249,93.37940103870535,93.72448888086217,90318000
2020-07-21,94.29069519042969,96.47785049123863,94.0403877137668,96.40251573529238,103433200
2020-07-22,94.55559539794922,95.2384733817586,93.90431084808745,93.99179351166632,89001600
2020-07-23,90.25177001953125,94.36605130909368,89.44009309188272,94.28828398977052,197004400
2020-07-24,90.02819061279297,90.37327845626743,86.65510916238252,88.4461529673066,185438800
2020-07-27,92.16187286376953,92.2542206187511,90.8690265429245,91.09259829217558,121214000
2020-07-28,90.64788055419922,91.90914086643643,90.64301546203014,91.7317355771427,103625600
2020-07-29,92.38544464111328,92.57014013630604,91.09502355323384,91.1314746598381,90329200
2020-07-30,93.50333404541016,93.60782969927278,91.1484959328642,91.55676319653618,158130000
2020-07-31,103.29206848144531,103.4427380109372,98.00886768351042,100.01133514701584,374336800
2020-08-03,105.89476776123047,108.51935112132352,104.87895742584206,105.1778638999422,308151200
2020-08-04,106.60194396972656,107.69552155569056,105.36012201007934,106.08431605909598,173071600
2020-08-05,106.98834991455078,107.30913448125898,105.85588858029786,106.32248498790055,121776800
2020-08-06,110.7210922241211,111.21684951983971,106.73075289757836,107.32128306989559,202428800
2020-08-07,108.20379638671875,110.69921517961382,107.40526267017921,110.24151766592554,198045600
2020-08-10,109.77650451660156,110.7965835084136,107.12040450426483,109.65233985206775,212403600
2020-08-11,106.5117416381836,109.53789059463463,106.25124256694211,109.03880997711208,187902400
2020-08-12,110.05159759521484,110.30965976352992,107.41010462326905,107.60486600059996,165598000
2020-08-13,111.99922943115234,113.00470146799744,110.94506334020708,111.43441109413642,210082000
2020-08-14,111.8994369506836,111.9895142842953,110.0856907583412,111.8239663506483,165565200
2020-08-17,111.60726928710938,113.04852867975069,110.97915755635789,113.02418165118854,119561600
2020-08-18,112.53726959228516,112.96331658371079,111.02297655985981,111.35894623327408,105633600
2020-08-19,112.67848205566406,114.09539455025546,112.58353829409737,112.94628453517508,145538000
2020-08-20,115.17877197265625,115.29319632845385,112.70282683961905,112.71987050380967,126907200
2020-08-21,121.11421966552734,121.59869363243206,116.1282493861733,116.14041918677735,338054800
2020-08-24,122.56277465820312,125.41364330957006,120.69303859679879,125.3284249869882,345937600
2020-08-25,121.55729675292969,121.90300674261194,119.83119859572422,121.43313953220415,211495600
2020-08-26,123.21035766601562,123.66805506312153,121.8080520118478,122.87682491569296,163022400
2020-08-27,121.73745727539062,124.14766458561553,120.5907768320979,123.8141318298438,155552400
2020-08-28,121.54024505615234,123.132438062608,121.31626281349656,122.71369446694932,187630000
2020-08-31,125.66194915771484,127.57064628140903,122.70153764471402,124.24017775703048,225702700
2020-09-01,130.6674346923828,131.27121446383708,127.11299017658317,129.2846091734375,151948100
2020-09-02,127.96019744873047,134.36794762091137,123.67538684051313,133.98815765727093,200119000
2020-09-03,117.71554565429688,125.46716425892014,117.3454961419739,123.58769581004107,257599600
2020-09-04,117.7934799194336,120.46174947786696,107.98709503336387,116.92677914209935,332607200
2020-09-08,109.86656188964844,115.87503988575807,109.73022744851274,110.96697771586362,231366600
2020-09-09,114.24878692626953,116.02114251679738,112.2427161561313,114.19035998878483,176940500
2020-09-10,110.5190200805664,117.345512119,109.5549387003112,117.20917767854652,182274400
2020-09-11,109.06803131103516,112.21347869736357,107.12038789476668,111.57075280375336,180860300
2020-09-14,112.34009552001953,112.89517370850896,109.84711382149453,111.71685009538828,140150100
2020-09-15,112.51536560058594,115.71924004150326,110.6358893306761,115.23232916774082,184642000
2020-09-16,109.19461822509766,112.96331066061114,109.1069778434127,112.21347126407375,154679000
2020-09-17,107.45148468017578,109.26279366804528,105.86415795625577,106.847719970666,178011000
2020-09-18,104.0431137084961,107.97735452695603,103.31274738543307,107.50992424081115,287104900
2020-09-21,107.19831085205078,107.30543184974553,100.40103108135007,101.80333692050233,195713800
2020-09-22,108.88301086425781,109.9055267053134,106.30238909052137,109.73023848769446,183055400
2020-09-23,104.31578063964844,109.17514872406446,103.97493710920857,108.69797818298632,150718700
2020-09-24,105.38700103759766,107.36385819012885,102.25129351440843,102.41684144459643,167743300
2020-09-25,109.34070587158203,109.49652091920656,104.85138696986856,105.59149358674422,149981400
2020-09-28,111.95054626464844,112.30112268518972,109.82761457566852,111.99924032348427,137672400
2020-09-29,111.10333251953125,112.2913963783167,110.59694842102935,111.55129711355788,99382200
2020-09-30,112.77830505371094,114.19035118127651,110.64564027362456,110.8111882035102,142675200
2020-10-01,113.73267364501953,114.63832841314328,112.79780540529053,114.56042086908113,116120400
2020-10-02,110.06130981445312,112.34979643192956,109.28225702161913,109.93471568590569,144712000
2020-10-05,113.4502182006836,113.59629292893594,110.57744740695462,110.9280237828925,106243800
2020-10-06,110.19766998291016,113.08018139775959,109.31148864679248,112.67117062665213,161498200
2020-10-07,112.06739807128906,112.52509543882869,111.14226303933226,111.61944100062698,96849000
2020-10-08,111.96028137207031,113.35284669197739,111.59022437328177,113.20677195191192,83477200
2020-10-09,113.90792846679688,113.93714192982654,111.91159095684212,112.26216737253827,100506900
2020-10-12,121.14342498779297,121.90300475026318,116.1574550435818,116.91703480605202,240226800
2020-10-13,117.9298095703125,122.10750566774655,116.5177710390298,121.99064438590798,262330500
2020-10-14,118.01744842529297,119.809276699368,116.48854872829669,117.83241993385298,150712000
2020-10-15,117.55001831054688,118.02718887052616,115.05703709797092,115.61211517826072,112559200
2020-10-16,115.90425109863281,118.36802614774093,115.69974944089714,118.10509013803102,115393800
2020-10-19,112.94385528564453,117.26761901216874,112.6322326077899,116.81966187710711,120639300
2020-10-20,114.43379974365234,115.86531895269678,112.60301003753486,113.15808815638162,124423700
2020-10-21,113.810546875,115.60237527015637,113.40153610682727,113.61577807356772,89946000
2020-10-22,112.71985626220703,114.94990873770219,111.59021957921263,114.37535009937378,101988000
2020-10-23,112.02845764160156,113.49893059893087,111.28835101391871,113.34311554903111,82572600
2020-10-26,112.03821563720703,113.49894852723752,109.92501640974578,111.02543994189196,111850700
2020-10-27,113.547607421875,114.20980646740922,111.54153712055215,112.46666475299311,92276800
2020-10-28,108.28897094726562,112.4082400407623,108.19159026240904,112.03819046643926,143937800
2020-10-29,112.30113983154297,113.86899366566048,109.26281286617763,109.42836823369463,146129200
2020-10-30,106.01024627685547,109.0583059665517,104.90008997174331,108.15265135662641,190272600
2020-11-02,105.9225845336914,107.7825875731632,104.51054602064647,106.25368777978908,122866900
2020-11-03,107.54888153076172,108.57138995878809,105.88364715111534,106.78930171860765,107624400
2020-11-04,111.94081115722656,112.56405650493748,109.40887600344215,111.15201788927038,138235500
2020-11-05,115.91398620605469,116.48854482511521,113.81053537089608,114.8622570736407,126387100
2020-11-06,115.78231048583984,116.27981104293774,113.2850208285467,115.42137214222052,114457900
2020-11-09,113.47038269042969,119.00147677375341,113.2070004475286,117.54798100128589,154515300
2020-11-10,113.12894439697266,114.7092525422394,111.33401722344382,112.71923542912484,138023400
2020-11-11,116.56269836425781,116.69926800957136,113.58742258565564,114.31904887518712,112295000
2020-11-12,116.2895736694336,117.57723580292728,115.66525308607233,116.68953299697138,103162300
2020-11-13,116.33833312988281,116.73828495095879,114.98238638204919,116.5139237310225,81581900
2020-11-16,117.35287475585938,118.0259659670156,115.25554430373279,116.00667744857009,91183000
2020-11-17,116.46517181396484,117.71381306126015,116.04570569721825,116.6212556911212,74271000
2020-11-18,115.13848876953125,116.88463807429636,115.1092249031507,115.70428166118475,76322100
2020-11-19,115.73352813720703,116.14323708994871,113.94835813134821,114.70924831286501,74113000
2020-11-20,114.46537780761719,115.86034568136424,114.41660718303845,115.73353312647382,73604300
2020-11-23,111.06088256835938,114.73852865880856,110.96333387323223,114.30930546926308,127959300
2020-11-24,112.34854888916016,113.01189046027503,109.83175227147532,111.1194218881883,113874200
2020-11-25,113.18745422363281,113.88981659600782,112.34852221690568,112.7192176037074,76499200
2020-11-27,113.73373413085938,114.61168710690225,113.37280328250456,113.71422737249708,46691300
2020-11-30,116.13349151611328,118.00645317380616,113.9483621396502,114.10444599903529,169410200
2020-12-01,119.71357727050781,120.44520359107318,117.06996839196347,118.0454701527173,127728200
2020-12-02,120.06476593017578,120.34766235140043,117.92841456031734,119.03072893889201,89004200
2020-12-03,119.92818450927734,120.7476023862672,119.21606497499924,120.49396985375188,78967600
2020-12-04,119.25509643554688,119.85015313585949,118.54297683857845,119.59652058101604,78260400
2020-12-07,120.71834564208984,121.51825680642276,119.25509296764027,119.3136206930221,86712000
2020-12-08,121.33292388916016,121.91823098434014,120.07452554250538,121.32317422873233,82225500
2020-12-09,118.79660034179688,122.86444079891501,118.03571017773018,121.47923011856346,115089200
2020-12-10,120.22085571289062,120.83542669169526,117.20655832299983,117.5479825098418,81312200
2020-12-11,119.41119384765625,119.75261803186771,117.59675967728786,119.4307006114016,86939800
2020-12-14,118.79660034179688,120.32813777119685,118.56248200881195,119.59651146844232,79184500
2020-12-15,124.74716186523438,124.76667606814551,121.08903028060826,121.29388475624879,157243700
2020-12-16,124.67890167236328,125.22518038199759,123.45952423658008,124.28870684690403,98208600
2020-12-17,125.54708862304688,126.40553503820574,124.90325381167773,125.74218602149824,94359800
2020-12-18,123.55705261230469,125.93727921352317,123.0302807853553,125.80070956681269,192541500
2020-12-21,125.0886001586914,125.16664209419943,120.42570242817166,121.95724006069578,121251600
2020-12-22,128.64920043945312,131.11721915357555,126.47382039895922,128.38581074820917,168904800
2020-12-23,127.75170135498047,129.18567507195473,127.57610331955125,128.92230034627153,88223700
2020-12-24,128.7369842529297,130.19048741225336,127.88830238079585,128.1029139851249,54930100
2020-12-28,133.34136962890625,133.97543996952834,130.23926555506839,130.7075172282758,124486200
2020-12-29,131.56591796875,135.3898830922379,131.04890322533043,134.668021314243,121047300
2020-12-30,130.44410705566406,132.65850039720306,130.1319393225058,132.25854107096032,96452100
2020-12-31,129.4393310546875,131.43911264182535,128.49309315567558,130.79527790714135,99116600
2021-01-04,126.23968505859375,130.33678943220556,123.65460393221329,130.24899784708666,143301900
2021-01-05,127.80049133300781,128.5126183969194,125.28369478714089,125.732432185154,97664900
2021-01-06,123.49853515625,127.83952293982475,123.28392355422082,124.59109992908554,155088000
2021-01-07,127.71269989013672,128.4053127501758,124.72766662301945,125.21541754601186,109578200
2021-01-08,128.81500244140625,129.38079521351278,127.03958220290218,129.18568296556424,105158200
2021-01-11,125.82022857666016,126.98107819787433,125.35199184107861,126.02509052127691,100384500
2021-01-12,125.64462280273438,126.51281872631759,123.75214711009855,125.35196931372295,91951100
2021-01-13,127.68342590332031,128.22970451216872,125.34222761254838,125.60560237290161,88636800
2021-01-14,125.75196838378906,127.79076402368018,125.60563415048419,127.5956665975865,90221800
2021-01-15,124.02529907226562,127.02984642222248,123.88872941476652,125.62512143938797,111598500
2021-01-19,124.6983871459961,125.55683342617647,123.83019120716823,124.64960908280857,90757300
2021-01-20,128.7954864501953,129.2442237752779,125.40074474969568,125.50805053058666,104319500
2021-01-21,133.5168914794922,136.24829877795602,130.31724760799727,130.52210948149528,120150900
2021-01-22,135.6630401611328,136.4239303613806,131.71225496139948,132.94138184988222,114459400
2021-01-25,139.41873168945312,141.53556905552392,133.1950247182092,139.56506590746304,157611700
2021-01-26,139.65286254882812,140.7649341749513,137.90670572506042,140.08208578785434,98390600
2021-01-27,138.57980346679688,140.76493317496252,136.97023121686135,139.91623636383397,140843800
2021-01-28,133.73153686523438,138.51150456888308,133.35109176240107,136.1020139559467,142621100
2021-01-29,128.72723388671875,133.39013165524483,127.0201056066314,132.50242137720485,177523800
2021-02-01,130.85385131835938,132.06347928298393,127.72248302270896,130.4734060941197,106239800
2021-02-02,131.6829833984375,132.97063793703109,131.31228797923288,132.40484514955168,83305400
2021-02-03,130.6587371826172,132.44390758674706,130.33681974400568,132.43414304059044,89880900
2021-02-04,134.02418518066406,134.0339348395979,131.29277729666717,132.96089184283247,84183100
2021-02-05,133.60897827148438,134.2537751308866,132.72972066845895,134.1853957164029,75693800
2021-02-08,133.7555389404297,133.80438990060523,131.81138402031524,132.8958097444442,71297200
2021-02-09,132.87623596191406,134.70316008517767,132.71993379523988,133.47218176230825,76774200
2021-02-10,132.2705535888672,133.83369484015344,131.3033582625716,133.3354359263558,73046600
2021-02-11,132.0165557861328,133.2475195180307,130.68789013114852,132.76880394646017,64280000
2021-02-12,132.25099182128906,132.40730890611044,130.60970715231767,131.2545039467926,60145100
2021-02-16,130.1212158203125,132.87623338492867,129.73042314316442,132.36822526546072,80576300
2021-02-17,127.82537841796875,129.17358730899167,126.48694866264363,128.22593539388413,97918500
2021-02-18,126.72142791748047,127.00473962361812,124.4744180042341,126.22316901372119,96856700
2021-02-19,126.87772369384766,127.69838099168602,125.83238479543854,127.23920884062578,87668800
2021-02-22,123.09690856933594,126.73119944348443,122.70612324188585,125.06059198229507,103916400
2021-02-23,122.96012878417969,123.790542905723,115.66223979910613,120.9085152328345,158273000
2021-02-24,122.46187591552734,122.66703652293154,119.41376694425402,122.06132638305527,111039900
2021-02-25,118.20233917236328,123.5463093432761,117.76271033657684,121.80732245880864,148199500
2021-02-26,118.46611022949219,121.97339123226033,118.40748759144725,119.76546069067267,164560400
2021-03-01,124.84564208984375,124.98241580897377,119.96084511060396,120.89872523618496,116307900
2021-03-02,122.23717498779297,125.75422768741775,122.12970884679918,125.45137262840403,102260900
2021-03-03,119.24768829345703,122.81359238107353,119.03275598545011,121.9343272363227,112966300
2021-03-04,117.36215209960938,120.7522030474246,115.88694849490929,118.944829308409,178155000
2021-03-05,118.6224136352539,119.13043671901423,114.86112127502149,118.19255654931327,153766600
2021-03-08,113.67901611328125,118.2121079198701,113.53247068712139,118.14372104814352,154376600
2021-03-09,118.30001831054688,119.24767018634864,116.05301600805683,116.28748419318423,129525800
2021-03-10,117.21562194824219,119.35515851076174,116.69782707332043,118.88622205333715,111943300
2021-03-11,119.14996337890625,120.37116258636505,118.46609480417271,119.71660160003316,103026500
2021-03-12,118.24140167236328,118.37817539980497,116.41449226141691,117.62591989887572,88105100
2021-03-15,121.1332015991211,121.14297328075108,117.64545661813416,118.6126518520549,92403800
2021-03-16,122.67679595947266,124.28878051800578,121.84638193041286,122.80379800272826,115227900
2021-03-17,121.88548278808594,122.96013686622555,119.52123487184643,121.19184236079936,111932600
2021-03-18,117.75292205810547,120.3418661076451,117.54776146674546,120.04877528935415,121229700
2021-03-19,117.22537994384766,118.63220414852485,116.92252485396695,117.13745715786044,185549500
2021-03-22,120.54704284667969,121.01598672803996,117.48916202259225,117.55754889553958,111912300
2021-03-23,119.71662902832031,121.37745734953342,119.32584370167895,120.4884279986942,95467100
2021-03-24,117.32305908203125,120.06832025902025,117.30352317223472,119.99016171261569,88530500
2021-03-25,117.81153869628906,118.85689248276148,116.25817671953361,116.78573572681165,98844700
2021-03-26,118.41725158691406,118.68103480697057,116.18001359832799,117.57706588103078,94071200
2021-03-29,118.59312438964844,119.75570869039201,117.94833493419104,118.84713597082144,80819200
2021-03-30,117.13744354248047,117.62592328414752,116.12140478537988,117.3426041395475,85671900
2021-03-31,119.33561706542969,120.67404695199468,118.35865746187088,118.84713726365028,118323800
2021-04-01,120.166015625,121.31882810556307,119.66776420491013,120.81081245730563,75089100
2021-04-05,122.99921417236328,123.253225753395,120.23441673703898,121.0159873923934,88651200
2021-04-06,123.30207061767578,124.20087166369673,122.75497562507351,123.58538979701918,80171300
2021-04-07,124.953125,124.97266091095268,122.2567146183403,122.93081907715764,83466700
2021-04-08,127.35643768310547,127.38574527476092,125.558835827885,125.9789212464254,88844600
2021-04-09,129.93563842773438,129.97471025605384,126.48697192369632,126.80937040941369,106686700
2021-04-12,128.21620178222656,129.78910756160872,127.62025574389611,129.46670905819494,91420000
2021-04-13,131.33270263671875,131.5574141305553,128.89030306459597,129.38856211793234,91266500
2021-04-14,128.98794555664062,131.88951610349488,128.62647535688865,131.83090092593696,87222800
2021-04-15,131.4010467529297,131.88952648063574,130.56086102498654,130.7367214787142,89347100
2021-04-16,131.06890869140625,131.56715274048923,130.20917943913344,131.20568244452048,84922400
2021-04-19,131.73324584960938,132.34873524717673,130.26780626090414,130.43388762542403,94264200
2021-04-20,130.04307556152344,132.40731568848526,128.7730252699242,131.90907172571517,94812300
2021-04-21,130.424072265625,130.6683121013284,128.27476469287822,129.31033921110608,68847100
2021-04-22,128.90005493164062,131.0591273485487,128.38226752447872,129.97470157167325,84566500
2021-04-23,131.22520446777344,132.0067601257526,129.11496841390496,129.11496841390496,78657500
2021-04-26,131.61598205566406,131.9481447004186,130.48270548356416,131.72344819452212,66905100
2021-04-27,131.29359436035156,132.2900972832069,131.02004687677868,131.89930451580292,66015800
2021-04-28,130.50225830078125,131.9090824360274,130.0137785264441,131.215434597292,107760100
2021-04-29,130.40455627441406,133.91185238072063,129.3982891326952,133.3256706891164,151101000
2021-04-30,128.43109130859375,130.4826971366181,128.0500777328737,128.74371056977085,109839500
2021-05-03,129.4862060546875,130.98096780991455,128.79257315513814,128.99772630286216,75135100
2021-05-04,124.90428161621094,128.4604213676209,123.7807766012576,128.16733051029044,137564700
2021-05-05,125.14851379394531,127.44435959905208,125.02150429281544,126.22316026424471,84000900
2021-05-06,126.7507553100586,126.76051954034047,124.20088247402943,124.94337392405133,78128300
2021-05-07,127.42599487304688,128.45353294404637,126.71159220501285,128.0523104766034,78973300
2021-05-10,124.13782501220703,126.77030517991771,124.09867935425044,126.64309485753276,88071200
2021-05-11,123.21791076660156,123.5702067058758,120.1450405146299,120.85943560539131,126142800
2021-05-12,120.14505004882812,121.97507024694492,119.63617145947643,120.7615847905906,112172300
2021-05-13,122.29800415039062,123.45277474181431,121.60318563289488,121.91634337974183,105861300
2021-05-14,124.7249984741211,125.15559325754263,123.15920944295783,123.5506585673164,81918000
2021-05-17,123.5702133178711,124.21610541801878,122.49373395056179,124.10845673466083,74244600
2021-05-18,122.18057250976562,124.27481643282015,122.11206948298421,123.85400999222864,63342900
2021-05-19,122.02399444580078,122.24907261430089,120.23312004612022,120.526708706034,92612000
2021-05-20,124.58798217773438,124.98921955050378,122.42523508929487,122.55246033737806,76857100
2021-05-21,122.74818420410156,125.2632347914988,122.53288682470038,125.08708306892244,79295400
2021-05-24,124.38247680664062,125.20452067157117,123.24728261807165,123.3157856512933,63092900
2021-05-25,124.18675231933594,125.57639697063634,123.61915150868299,125.08708000544519,72009500
2021-05-26,124.13782501220703,124.6662801952147,123.71701852201225,124.24547370501993,56575900
2021-05-27,122.60138702392578,124.91092845931593,122.40566621059594,123.73658864679605,94625600
2021-05-28,121.94571685791016,123.11027588262051,121.88700210583085,122.88519022253215,71311100
2021-06-01,121.62274932861328,122.66987119812988,121.29002250384599,122.40564739412464,67637100
2021-06-02,122.38607788085938,122.56222958242566,121.39767816243663,121.62275632949539,59278900
2021-06-03,120.8985824584961,122.18057085645934,120.49734511687012,122.01420743170851,76229200
2021-06-04,123.1983413696289,123.4625726722834,121.20195777757243,121.41725514528493,75169300
2021-06-07,123.2081298828125,123.61914805852969,122.16100788299765,123.47235371969634,71057600
2021-06-08,124.03016662597656,125.71339992147556,123.51149976456149,123.89316056697146,74403800
2021-06-09,124.41181945800781,125.01856587063828,123.81486132504213,124.49011076278654,56877900
2021-06-10,123.41363525390625,125.44916444320808,123.24727182583149,124.30417460780706,71186400
2021-06-11,124.62712097167969,124.71520055906231,123.40384729220447,123.82465373659475,53522400
2021-06-14,127.69017791748047,127.74889265676853,124.35309166385667,125.08705577003344,96906500
2021-06-15,126.8681640625,127.80764485430359,126.62350931732142,127.16175274322241,62746300
2021-06-16,127.36724090576172,128.09142425066744,125.7133875464811,127.58253825336777,91815000
2021-06-17,128.97219848632812,129.71595852379107,126.87795430920667,127.02475612675201,96721700
2021-06-18,127.67064666748047,128.6981847145641,127.45534928384315,127.91530142774639,108953300
2021-06-21,129.4713134765625,129.5789621778242,126.44738395822412,127.5140752227446,79663300
2021-06-22,131.11534118652344,131.2132090384515,128.8058002468752,129.3049053861556,74783600
2021-06-23,130.84130859375,131.4480623019485,130.3813566404133,130.90981906585924,60214200
2021-06-24,130.55755615234375,131.76125326543314,130.08780831049526,131.57531327793558,68711000
2021-06-25,130.26394653320312,131.02726798776249,129.9703579124024,130.60646907956024,70783700
2021-06-28,131.8982696533203,132.3582217849953,130.49885162942402,130.5575663811202,62111300
2021-06-29,133.4151153564453,133.57169796299607,131.47745413113225,131.9178296460844,64556100
2021-06-30,134.03164672851562,134.47202223259774,132.9649408136906,133.25852946059163,63261400
2021-07-01,134.3350067138672,134.39372145259853,132.8572827706187,133.6793339104709,52485800
2021-07-02,136.96751403808594,137.00665222554704,134.8047596004936,134.95154646914781,78852600
2021-07-06,138.9834747314453,140.08930404867277,137.07517066561473,137.07517066561473,108181800
2021-07-07,141.47894287109375,141.79209315711816,139.60977717070656,140.47095165667832,104911600
2021-07-08,140.1773681640625,140.97982784878258,137.66231057501108,138.5528573041526,105575500
2021-07-09,142.00741577148438,142.5358635061349,139.60000625630684,139.6978741376513,99890800
2021-07-12,141.41043090820312,143.19152447203606,140.9211214586938,143.08387579584243,76299700
2021-07-13,142.52606201171875,144.30715565248005,140.55904331544653,140.95048491894528,100827100
2021-07-14,145.96102905273438,146.3720622048418,144.5224578179845,144.93349097009192,127050800
2021-07-15,145.30531311035156,146.79281784563116,143.94503359561688,146.04907294426016,106820300
2021-07-16,143.2600555419922,146.55799727078121,142.76096515549006,145.2858043327315,93251400
2021-07-19,139.40428161621094,140.98965464191818,138.64095994672076,140.67648937620848,121434600
2021-07-20,143.02517700195312,143.95487710280224,139.90339458333094,140.39270413849675,96350000
2021-07-21,142.2911834716797,143.0055860270602,141.53765766277516,142.41840870833036,74993500
2021-07-22,143.6612548828125,145.03131534477524,142.69241681379228,142.81964204688137,77338200
2021-07-23,145.3836212158203,145.540203823437,143.77868681909763,144.39522150375126,71447400
2021-07-26,145.80442810058594,146.62646435226154,144.54200141958395,145.0998213327101,72434100
2021-07-27,143.63192749023438,146.0197604502271,142.438011010238,145.93167338372012,104818600
2021-07-28,141.88018798828125,143.8276453050716,139.49235507835914,141.7138245389889,118931200
2021-07-29,142.52606201171875,143.4166088320994,141.48872832316107,141.5963770040042,56699500
2021-07-30,142.7413787841797,143.2013309437346,141.02879540404095,141.29302673523125,70440600
2021-08-02,142.40863037109375,143.8080482684257,142.14439907981702,143.23066668557712,62880000
2021-08-03,144.2093048095703,144.87475860058453,142.07590750079174,142.6924422849986,64786600
2021-08-04,143.80804443359375,144.63008072615645,143.15237156220167,144.12120964935443,56368300
2021-08-05,143.9157257080078,144.6790474286487,143.04475528663332,143.83743438633402,46397700
2021-08-06,143.22962951660156,144.18031321751994,142.72979152170154,143.43545395856697,54126800
2021-08-09,143.1806182861328,143.77847075197207,142.62197759620048,143.28842823751074,48908700
2021-08-10,142.70037841796875,144.76835831451658,142.40634993433017,143.52364620822885,69023100
2021-08-11,142.95523071289062,143.79810459984787,142.63180079586957,143.14144929737975,48493500
2021-08-12,145.92489624023438,146.0817134736757,142.9356331555097,143.27866898429832,72282600
2021-08-13,146.1306610107422,146.46388627944336,145.31718876897756,146.00324519127653,59375000
2021-08-16,148.1104736328125,148.17908677655805,143.55308334263998,145.58185197110114,103296000
2021-08-17,147.1990203857422,148.65933797891813,146.12092052407525,147.23821721938666,92229700
2021-08-18,143.44528198242188,147.7184543955626,143.23945749374153,146.81677773378797,86326000
2021-08-19,143.77850341796875,145.05261723602476,141.6223188554431,142.1417628423952,86960300
2021-08-20,145.23880004882812,145.54262400919296,143.85687659531993,144.50373629120594,60549600
2021-08-23,146.72854614257812,147.19898280077066,144.94478409144247,145.3564180367249,60131800
2021-08-24,146.6403045654297,147.8556152800034,146.17966344526357,146.47369191950506,48606400
2021-08-25,145.4054412841797,147.32641486181075,144.8565959634032,146.82656183724308,58991300
2021-08-26,144.6017608642578,146.15029724311051,144.57235950525344,145.39564242211458,48597200
2021-08-27,145.64064025878906,145.78764703013252,143.90588558238326,144.54293486475237,55802400
2021-08-30,150.0706329345703,150.43327460832862,145.65045430503002,146.03268691419282,90956700
2021-08-31,148.80636596679688,149.75704998771127,148.27711148354751,149.61983863185333,86453100
2021-09-01,149.47276306152344,151.8935742904379,149.3061504004331,149.78639745057166,80313700
2021-09-02,150.59005737304688,151.63875552302687,149.36495109778645,150.80567727388555,71115500
2021-09-03,151.22711181640625,151.55054164672055,150.04120243858716,150.6978575650157,57808700
2021-09-07,153.56951904296875,154.12815970914065,151.31532058134138,151.8837716685281,82278300
2021-09-08,152.02102661132812,153.9125840013745,150.91352547223326,153.85378127804458,74420200
2021-09-09,151.001708984375,153.0010758817522,150.88408861047455,152.3934279437582,57305700
2021-09-10,146.00328063964844,152.38362934848664,145.73865347147373,151.9131926811076,140893200
2021-09-13,146.5717315673828,148.4044859422113,145.78766048638957,147.63022528348688,102404300
2021-09-14,145.1702117919922,148.06147503126564,143.98431710126377,147.35581250665328,109296300
2021-09-15,146.06207275390625,146.46391121069288,143.45504295049025,145.6014315873286,83281300
2021-09-16,145.82687377929688,146.00329689602742,144.28814775543293,145.48385292412618,68034100
2021-09-17,143.1512451171875,145.85628990076225,142.85721655963627,145.85628990076225,129868800
2021-09-20,140.0933837890625,141.9555397257547,138.4566432656741,140.93625767675672,123478900
2021-09-21,140.57359313964844,141.72030582149347,139.93654383187783,141.0636356702139,75834000
2021-09-22,142.94544982910156,143.5138861540785,140.83825741925605,141.5733214088711,76404300
2021-09-23,143.90589904785156,144.15092032629136,142.7395953696922,143.72947595082067,64838200
2021-09-24,143.99411010742188,144.5331599371337,142.66119368982206,142.75920818791974,53477900
2021-09-27,142.47499084472656,143.05325251947903,140.9558706409002,142.57300535364445,74150700
2021-09-28,139.0838623046875,141.86730004277322,138.86824241392918,140.39717258119006,108972300
2021-09-29,139.9855499267578,141.5732829271844,139.20147889330738,139.63271870945067,74602000
2021-09-30,138.68203735351562,141.50468713963937,138.46641744180278,140.79902469310844,89056700
2021-10-01,139.80911254882812,140.07373967348505,136.3396183957321,139.07404883415518,94639600
2021-10-04,136.36904907226562,139.3779177030337,135.51637976546095,138.93686741546034,98322000
2021-10-05,138.29983520507812,139.40733636302537,136.58468595582545,136.7121018284855,80861100
2021-10-06,139.172119140625,139.31912596056787,135.61440454885152,136.69250441148458,83221100
2021-10-07,140.43638610839844,141.34787301957712,139.87774538308582,140.21097072484505,61732700
2021-10-08,140.05418395996094,141.30869195269068,139.72095854577975,141.1616851390563,58773200
2021-10-11,139.96595764160156,141.9261279382809,138.9858724932619,139.43671824165966,64452200
2021-10-12,138.69186401367188,140.39721780215848,138.231222730947,140.377611908981,73035900
2021-10-13,138.10379028320312,138.5840223945528,136.42783823964862,138.42722014967543,78762700
2021-10-14,140.89706420898438,141.01468462005715,138.6918721765435,139.27992936716066,69907100
2021-10-15,141.95555114746094,142.01435387262677,140.65203590493044,140.90686765386886,67940300
2021-10-18,143.63150024414062,143.9157183941278,140.30901175541666,140.59322990540383,85589200
2021-10-19,145.79750061035156,146.19933921874093,143.63152022302492,144.08235113811634,76378900
2021-10-20,146.28750610351562,146.76775321734434,145.1702096154499,145.73866080480443,58418800
2021-10-21,146.5031280517578,146.65994526923677,144.92519031879408,145.84647277784177,61421000
2021-10-22,145.72886657714844,147.18918391188018,145.6798593275794,146.7089517488773,58883400
2021-10-25,145.6798858642578,146.3953439825703,144.68019461961757,145.7190826981053,50720600
2021-10-26,146.34632873535156,147.83604746665293,146.042489762277,146.35612420354883,60893400
2021-10-27,145.88568115234375,146.74814591850827,145.53284989871335,146.38551919710656,56094900
2021-10-28,149.53158569335938,150.11962775999444,146.73833727338112,146.8363517619426,100077900
2021-10-29,146.81674194335938,146.9539532507259,143.49425425685249,144.2881207462525,124953200
2021-11-01,145.99351501464844,146.71876857616604,144.85661246075344,146.02291637768752,74588300
2021-11-02,147.0323944091797,148.5515295481681,145.68966743805245,145.69947786176533,69122000
2021-11-03,148.4730987548828,148.94353542048876,146.83635841514152,147.3949991515026,54511500
2021-11-04,147.9536590576172,149.39437045239575,147.6400246350039,148.56130705778995,60394600
2021-11-05,148.48367309570312,149.38666561598743,147.28622291132336,149.08239818789303,65463900
2021-11-08,147.6592254638672,148.76834300613436,147.38440226384824,148.6112968984832,55020900
2021-11-09,148.02235412597656,148.63088895973019,147.2862174812468,147.42362905586018,56787900
2021-11-10,145.185791015625,147.35494715999016,145.11709270904024,147.24697984100837,65187100
2021-11-11,145.13671875,146.6678808138986,144.95022837459734,146.2065822230877,41000000
2021-11-12,147.217529296875,147.61993930798695,144.75391557147125,145.68635239017757,63804000
2021-11-15,147.2273406982422,149.07259482755015,146.66786961475387,147.59049667940786,59222800
2021-11-16,148.20883178710938,148.6897797454611,146.57951255847655,147.16842781455065,59256200
2021-11-17,150.65284729003906,152.13493057693609,148.19905808718525,148.20886785237,88807000
2021-11-18,154.9518585205078,155.73707397326015,150.2209612525499,150.86876512432602,137827700
2021-11-19,157.5823516845703,158.04366527065065,153.63665430060828,154.73594711335738,117305600
2021-11-22,158.0436248779297,162.63711008012285,158.02399037507982,158.6914137046002,117467900
2021-11-23,158.4264373779297,158.8092278647629,156.11986971576832,158.14178946554063,96041900
2021-11-24,158.94664001464844,159.1429401409732,156.68915112006468,157.77863404441763,69463600
2021-11-26,153.9114532470703,157.48416930217962,153.4697742384674,156.62044578974744,76959800
2021-11-29,157.278076171875,158.21051306195648,155.85486647061634,156.4241473557717,88748200
2021-11-30,162.2445526123047,162.46048727030927,156.96399321031473,157.03270650001684,174048100
2021-12-01,161.724365234375,167.15214650000996,161.48879604685143,164.38426470939336,152052500
2021-12-02,160.7330322265625,161.1649016022748,154.8832060739418,155.80583338082835,136739200
2021-12-03,158.84849548339844,161.91083461668495,156.76768701566778,160.98820747292035,118023100
2021-12-06,162.26414489746094,164.77682210760736,161.243360420378,161.25317018346507,107497000
2021-12-07,168.01583862304688,168.40845386171824,165.22833782381016,165.95466478279718,120405400
2021-12-08,171.8437957763672,172.70753451170353,167.5447515867982,168.94832703171974,116998900
2021-12-09,171.33334350585938,173.48286484992437,170.70517418411447,171.67687992199998,108923700
2021-12-10,176.13296508789062,176.3096456774387,171.4609563916024,171.971348678727,115402700
2021-12-13,172.49154663085938,178.76343034110303,172.28542177740803,177.77209005921313,153237000
2021-12-14,171.1075897216797,174.4545609913243,169.02678176600017,172.0105821359696,139380400
2021-12-15,175.98573303222656,176.18203313786822,169.12493426102594,171.87318067022332,131063300
2021-12-16,169.0758819580078,177.7917457988914,167.59379870515536,175.96612607483445,150185800
2021-12-17,167.97659301757812,170.26352635111277,166.55339827572786,166.78895245401213,195432700
2021-12-20,166.61227416992188,167.42693392036205,164.3646100212536,165.1694450305174,107499100
2021-12-21,169.79241943359375,169.99852935951952,165.993943197369,168.38884408640686,91185900
2021-12-22,172.3933868408203,172.6093214552471,168.96789225444832,169.8414404758155,92135300
2021-12-23,173.0215606689453,173.5810317235857,172.03023535098566,172.59951616954052,68356600
2021-12-27,176.9967041015625,177.08503690822866,173.7969687428298,173.8165882709296,74919600
2021-12-28,175.97589111328125,177.9781909348804,175.2299447939671,176.82981970340586,79144300
2021-12-29,176.0642852783203,177.29117986304104,174.84720045865078,176.01520649958337,62348900
2021-12-30,174.90609741210938,177.2322998407697,174.79813008439314,176.1526265636074,59773000
2021-12-31,174.28770446777344,175.9170087214449,173.98342209987004,174.79808171507432,64062300
2022-01-03,178.64566040039062,179.4995892112378,174.42515503160624,174.5429321185891,104487900
2022-01-04,176.37835693359375,179.55847298837972,175.80907606705392,179.25420553725706,99310400
2022-01-05,171.6866912841797,176.83964771384632,171.4118681394032,176.2900014242933,94537600
2022-01-06,168.8206787109375,172.05968310015797,168.46733250526367,169.50773661732023,96904000
2022-01-07,168.987548828125,170.92113587009246,167.86862157848182,169.69424129913546,86709100
2022-01-10,169.0071563720703,169.31142378084766,165.06145986786478,165.95464256744464,106765600
2022-01-11,171.8437957763672,171.9419383747279,167.6625436722716,169.1348174383713,76138300
2022-01-12,172.28543090820312,173.90492564658769,171.58856322387598,172.86452151388104,74805200
2022-01-13,169.0071563720703,173.3552628490283,168.614541185956,172.5307934232952,84505800
2022-01-14,169.87091064453125,170.56777832766494,167.92749898971087,168.17287788763613,80440800
2022-01-18,166.66131591796875,169.35065849662658,166.2785255156258,168.3396988448815,90956700
2022-01-19,163.15731811523438,167.9176743026287,162.87268520870163,166.85763576058818,94815000
2022-01-20,161.46913146972656,166.54356549753263,161.14522951347425,163.8934762825247,91420500
2022-01-21,159.407958984375,163.25549850314817,159.29999166470387,161.38080003283116,122848900
2022-01-24,158.63253784179688,159.29997620135896,151.84045205683918,157.06212195335075,162294600
2022-01-25,156.82656860351562,159.75148103294072,154.11759081418975,156.04135309194953,115798400
2022-01-26,156.7382049560547,161.35132458598716,154.9027758530205,160.47777643261003,108275300
2022-01-27,156.27691650390625,160.81151382611307,155.35428943492713,159.44720772831658,121954600
2022-01-28,167.1815643310547,167.2011988377615,159.79075260205332,162.64696676990783,179935700
2022-01-31,171.54928588867188,171.76522050687674,166.37669476906368,167.0146888598467,115541600
2022-02-01,171.38243103027344,171.60817541361024,169.12494226668923,170.79351570873365,86213900
2022-02-02,172.5897216796875,172.62899069570594,170.12612259885077,171.51987313267702,84914300
2022-02-03,169.7040252685547,172.9822984461671,168.93844437078735,171.25482156772748,89418100
2022-02-04,169.41903686523438,171.09957339010344,167.73850034036528,168.72126637937606,82465400
2022-02-07,168.70162963867188,170.95215737367448,168.00385912062177,169.88094594072888,77251200
2022-02-08,171.81698608398438,172.3280286162116,168.47557259889186,168.77040540578523,74829200
2022-02-09,173.2420196533203,173.60563833840823,171.8857975368838,173.01598763252147,71285000
2022-02-10,169.15370178222656,172.4557965844286,168.59353288500876,171.13889356700463,90865900
2022-02-11,165.73365783691406,170.0971412814251,165.1439922378864,169.3600667805501,98670700
2022-02-14,165.9695587158203,166.6574920486195,163.68953396046075,164.48557217382995,86185500
2022-02-15,169.81216430664062,169.96941049690344,167.3159447684623,168.02353762882288,62527400
2022-02-16,169.57627868652344,170.3526572392932,167.11936365193407,168.88834547600229,61177400
2022-02-17,165.9695587158203,168.94733906736835,165.5666209795301,168.08250002280826,69589300
2022-02-18,164.416748046875,167.6009001587836,163.32587723184227,166.89332246399607,82772700
2022-02-22,161.4881134033203,163.81726398261975,159.35549802549073,162.13672755479107,91162800
2022-02-23,157.3114013671875,163.2866069910588,156.99690896812956,162.68711897669968,90009200
2022-02-24,159.93536376953125,160.04346864256559,149.38045024208816,149.95045639119465,141147500
2022-02-25,162.0089874267578,162.27432346013268,158.09756779697935,161.0163841306603,91974200
2022-02-28,162.2742919921875,162.5691247456947,159.6306494622404,160.24979674502381,95056600
2022-03-01,160.38742065429688,163.72883431123614,159.17862257926774,161.86156976875884,83474400
2022-03-02,163.6894989013672,164.47571468295504,160.14171312084568,161.55689852854007,79724800
2022-03-03,163.3651885986328,165.99900928641364,162.69691491410015,165.5665898454482,76678400
2022-03-04,160.35792541503906,162.69691327903544,159.30637359945834,161.65518372489828,83737200
2022-03-07,156.55465698242188,162.17608078588069,156.2991281758325,160.54468531235605,96418800
2022-03-08,154.7267303466797,160.07298147589952,153.1149941970611,156.08295265402813,131148300
2022-03-09,160.14173889160156,160.59381791240634,156.66275336768058,158.69707147174915,91454900
2022-03-10,155.78807067871094,157.6258383019349,153.29183663849042,157.43911036241218,105342000
2022-03-11,152.0634002685547,156.5349891936971,151.83736825574178,156.19101504721644,96970100
2022-03-14,148.02423095703125,151.46391244119621,147.51320336208943,148.83992865134607,108732100
2022-03-15,152.41720581054688,152.88894438184133,147.78838542286357,148.29941304803273,92964300
2022-03-16,156.8396453857422,157.24258310394316,151.79806526213048,154.34342597712845,102300200
2022-03-17,157.8518524169922,158.22530825376825,154.91339200388822,155.87649837703879,75615400
2022-03-18,161.15399169921875,161.64537478221072,157.00671727910074,157.7437919035887,123511700
2022-03-21,162.5298614501953,163.48314576119236,160.20069560988745,160.6920786569655,95811400
2022-03-22,165.91055297851562,166.50020354427738,162.06793455898944,162.6575851247512,81532000
2022-03-23,167.27662658691406,169.66474104201137,164.76073274272346,165.09488461775757,98062700
2022-03-24,171.07012939453125,171.13891523462917,167.2766510462142,168.11199336639177,90131400
2022-03-25,171.70889282226562,172.25923943454524,169.77284242104022,170.8833729038462,80546200
2022-03-28,172.57371520996094,172.70146459251646,169.03575161959526,169.20282003972102,90371900
2022-03-29,175.8758544921875,175.92498080797162,173.30099672304343,173.64497090846976,100589400
2022-03-30,174.7063446044922,176.51463074136956,173.65477761444038,175.47290101025155,92633200
2022-03-31,171.6007843017578,174.96184246595325,171.39439682863326,174.77511451308345,103049300
2022-04-01,171.30596923828125,171.86615315495757,168.9768182066353,171.03079590947166,78751300
2022-04-04,175.3647918701172,175.4139331761271,171.43372732246453,171.56149171892602,76468400
2022-04-05,172.04306030273438,175.22722840633008,171.41409049168348,174.44101239356067,73401800
2022-04-06,168.86871337890625,170.6376954902334,167.19801388325018,169.38957825115511,89058800
2022-04-07,169.17337036132812,170.37234630580983,166.92284239749918,168.2102636995684,77594700
2022-04-08,167.15870666503906,168.81958401496289,166.28404530864296,168.81958401496289,76575500
2022-04-11,162.8934783935547,166.11694994882637,162.6477868725991,165.80247259982983,72246700
2022-04-12,164.7705535888672,166.94245808323757,163.7681280552551,165.12434995391737,79265200
2022-04-13,167.46336364746094,168.09233345005353,163.8959323433634,164.50524262204976,70618900
2022-04-14,162.44140625,168.3183584761883,162.19571471867903,167.67955149726123,75329400
2022-04-18,162.22525024414062,163.72888157528342,160.75110070413206,161.0950599326393,69023900
2022-04-19,164.51502990722656,164.92780484237912,161.0851860080734,162.17605691767423,67723800
2022-04-20,164.3479461669922,165.96951898738345,163.23743083695035,165.8515768758342,67929800
2022-04-21,163.55191040039062,168.5738450907259,163.0507051558019,165.99900305629262,87227800
2022-04-22,159.00169372558594,164.97691239861385,158.71669820313346,163.59122382969923,84882400
2022-04-25,160.07293701171875,160.35793256447772,155.72911292478716,158.34325918812343,96046400
2022-04-26,154.09774780273438,159.54226611663734,154.0191247048665,159.45382075496946,95623200
2022-04-27,153.87168884277344,157.0361817522216,152.70219483485,153.22305964573388,88063200
2022-04-28,160.81985473632812,161.68469376070493,156.19101949826612,156.50551186924736,130216800
2022-04-29,154.93307495117188,163.33572839193604,154.53997449609216,159.05086744995398,131747600
2022-05-02,155.2377471923828,155.50308325510557,150.6285715632027,154.00928950852122,123055300
2022-05-03,156.73153686523438,157.94034999172632,153.62600731797474,155.42445612408045,88966500
2022-05-04,163.15882873535156,163.61089273431188,156.5153204398764,156.91825813151257,108256500
2022-05-05,154.06822204589844,161.25223873479916,152.2795808204663,161.02620676532553,130525300
2022-05-06,154.79656982421875,156.92246733373918,151.7455123790077,153.54661873975235,116124600
2022-05-09,149.65896606445312,153.36944186699063,149.0979741892278,152.48364388073944,131577900
2022-05-10,152.0702667236328,154.26506562042874,150.5152132745714,153.06432833720223,115366700
2022-05-11,144.18679809570312,152.99547661401954,143.50769063696876,151.07626967706778,142689800
2022-05-12,140.3090057373047,143.8915303163757,136.60838073824038,140.51569649014897,182602000
2022-05-13,144.78712463378906,145.7614978791984,140.8502848803236,142.3069113841073,113990900
2022-05-16,143.24191284179688,145.19065940090803,141.90338667799685,143.25176455295096,86643800
2022-05-17,146.88352966308594,147.40515984638031,144.3639390388605,146.50952499662762,78336300
2022-05-18,138.5964813232422,145.03320913315295,137.69099476435753,144.53126736021366,109742900
2022-05-19,135.18128967285156,139.42323363038176,134.44313195352663,137.67134051127914,136095600
2022-05-20,135.41746520996094,138.47835924778758,130.51610307514665,136.89378037255537,137426100
2022-05-23,140.85031127929688,140.9979367905799,135.47651740077447,135.61430621725685,117726300
2022-05-24,138.14369201660156,139.7282704399116,135.1615374401004,138.58658343549627,104132700
2022-05-25,138.3011932373047,139.5511291229351,136.15560763062282,136.24418292623076,92482700
2022-05-26,141.50967407226562,142.06082911935607,134.9745220521886,135.22057448520033,90601500
2022-05-27,147.27719116210938,147.31655295622195,142.96634634088457,143.09429845299417,90978500
2022-05-31,146.48980712890625,148.28107646818216,144.52138720505258,146.71618623300301,103718400
2022-06-01,146.3618621826172,149.3440170056093,145.34811215987284,147.53305935939102,74286600
2022-06-02,148.82240295410156,148.8814531521364,144.5410833823405,145.49576829817823,72348100
2022-06-03,143.08445739746094,145.63355774291225,142.17898598193645,144.58044581379545,88570300
2022-06-06,143.8324432373047,146.22408125410382,142.61201747807138,144.70838950271786,71598400
2022-06-07,146.3618621826172,146.64727644838695,141.82465390118458,142.07070637844697,67808200
2022-06-08,145.6237335205078,147.5035634046079,145.1316284687619,146.23393897895934,53950200
2022-06-09,140.38771057128906,145.61386314826538,140.2794468730643,144.75760527366657,69473000
2022-06-10,134.96475219726562,138.5374250816839,134.89585027333402,138.06500838135332,91437900
2022-06-13,129.79762268066406,133.0651921487905,129.3645678675484,130.77198099232118,122207100
2022-06-14,130.6637420654297,131.7759044083777,129.40395419813282,131.02791005525017,84784300
2022-06-15,133.29153442382812,135.17137886483886,130.0731789874158,132.16953578167917,91533000
2022-06-16,128.00634765625,130.29955871287268,127.00244927117835,129.99445602178534,108123900
2022-06-17,129.482666015625,130.97866943008026,127.76029850473763,128.01620271778103,134520300
2022-06-21,133.724609375,134.8958216908251,131.21488586149243,131.31329785187046,81000500
2022-06-22,133.21282958984375,135.5847642777482,131.7955647861074,132.66165937450523,73409200
2022-06-23,136.0867156982422,136.40165507690898,133.48840199836928,134.65961425641447,72433800
2022-06-24,139.42318725585938,139.66923974712645,137.56303102259437,137.69096810591373,89116800
2022-06-27,139.42318725585938,141.22429329407663,138.74407997710588,140.44675901167543,70207900
2022-06-28,135.2698516845703,141.15542444919123,135.1517512668135,139.88579990473832,67083400
2022-06-29,137.0315399169922,138.44880457321094,134.51196498053721,135.28949921008694,66242400
2022-06-30,134.56118774414062,136.18512818079344,131.65777134820112,135.0828178246583,98964500
2022-07-01,136.73631286621094,136.84457658654097,133.51795639594204,133.89194605156405,71051600
2022-07-05,139.32476806640625,139.3739815709903,134.76787086684834,135.59461869744254,73353800
2022-07-06,140.6632537841797,141.844302464794,138.8523114727145,139.11805230665357,74064300
2022-07-07,144.03915405273438,144.23599306904134,141.0176218390398,141.02745853360616,66253700
2022-07-08,144.71823120117188,145.22018791054785,142.7104494172261,142.96633860975416,64547800
2022-07-11,142.58251953125,144.3245757006066,141.50973407273898,143.3698906543045,63141600
2022-07-12,143.55690002441406,146.106000831944,142.7596921672052,143.45847299751054,77588800
2022-07-13,143.19273376464844,144.13756705664937,139.87593549444708,140.732208499025,71185600
2022-07-14,146.12567138671875,146.5980880188513,140.9880935814835,141.80498974783282,78140700
2022-07-15,147.79884338378906,148.47795082212772,145.8599480955504,147.41500200792666,76259900
2022-07-18,144.74778747558594,149.17673295190042,144.3836195242813,148.35983676190435,81420900
2022-07-19,148.61573791503906,148.84210205255908,144.59032186321505,145.58436874350355,82982400
2022-07-20,150.62350463867188,151.29277530503674,147.99566551668846,148.73382307964516,64823400
2022-07-21,152.89706420898438,153.11359165955614,149.54090374297837,152.06047951197021,65086600
2022-07-22,151.6569061279297,153.81232830048907,150.98765057695607,152.93638205415488,66675400
2022-07-25,150.53492736816406,152.59192281243702,149.8755084226827,151.5781876406526,53623900
2022-07-26,149.2062530517578,150.67271644888328,148.4188819899041,149.85582028627226,55138700
2022-07-27,154.3142852783203,154.84576710893515,149.75740301368916,150.17076942758217,78620700
2022-07-28,154.865478515625,155.1508928612319,151.97189817076023,154.50131053527133,81378700
2022-07-29,159.9439697265625,161.04629519406532,156.98150288420325,158.69403377664,101786900
2022-08-01,158.95977783203125,161.00693677079695,158.34957233740533,158.46767275111222,67829400
2022-08-02,157.4834442138672,159.84555733737668,157.10945460814798,157.57203453166576,59907000
2022-08-03,163.5067901611328,163.9595182903737,158.21173626607992,158.30031154990738,82507500
2022-08-04,163.19187927246094,164.55009405774106,161.8336644871808,163.38871829491413,55474100
2022-08-05,162.9651641845703,163.45795268825668,160.64905220175967,160.85602999034109,56697000
2022-08-08,162.49208068847656,165.3896795729415,161.8317458807269,163.97044623861484,60276900
2022-08-09,162.54139709472656,163.42842563656737,160.8954849037263,161.654383591601,63135500
2022-08-10,166.79910278320312,166.8976514870886,164.49284053929043,165.26158960768942,70170500
2022-08-11,166.0598907470703,168.52383349342222,165.76421460976547,167.6072389716485,57149200
2022-08-12,169.61781311035156,169.68679568241564,166.9567430947443,167.37069868197673,68039400
2022-08-15,170.69212341308594,170.8892358519702,168.8786649134066,169.04621123839397,54091700
2022-08-16,170.534423828125,171.2046241525694,169.18418785976604,170.28802952506885,56377100
2022-08-17,172.03250122070312,173.60941569871042,170.08106259876365,170.27817502867526,79542000
2022-08-18,171.63824462890625,172.37742744821887,170.62310142681395,171.2440198074247,62290100
2022-08-19,169.0461883544922,171.23417071896347,168.83921054651765,170.53440436112984,70346300
2022-08-22,165.15316772460938,167.41013274664442,164.72936173644348,167.24258643834608,69026800
2022-08-23,164.81802368164062,166.2766883472258,164.24638726491838,164.67019315951862,54147100
2022-08-24,165.11375427246094,165.68539087789364,163.8522166048561,164.90679147316692,53841500
2022-08-25,167.57766723632812,167.68608131507673,165.92190498494463,166.34569590450855,51218200
2022-08-26,161.26014709472656,168.58299398508154,161.20101486509154,168.1099211092857,78961000
2022-08-29,159.0524444580078,160.55051089039753,157.514946518142,158.82575088680454,73314000
2022-08-30,156.61807250976562,160.21542318351743,155.44523326516241,159.79163221679283,77906200
2022-08-31,154.95242309570312,158.26396254446672,154.87357512802876,157.99785253340468,87991100
2022-09-01,155.68177795410156,156.13513503517575,152.43922061054926,154.3808088580502,74229900
2022-09-02,153.56280517578125,158.04718514583766,152.73492380741553,157.4459823581327,76957800
2022-09-06,152.30123901367188,154.8243141649417,151.47335779942037,154.2132611313819,73714800
2022-09-07,153.7106170654297,154.410368411757,151.3945047755551,152.587059729615,87449600
2022-09-08,152.23226928710938,154.1048600544352,150.47792793917256,152.40966597426606,84923800
2022-09-09,155.1002655029297,155.54378723487187,152.51805827855026,153.2276750032018,68028800
2022-09-12,161.07284545898438,161.89087619174813,157.00242258515337,157.28823330445064,104956000
2022-09-13,151.62118530273438,158.2245492067868,151.15796283866058,157.59378043168627,122656600
2022-09-14,153.06997680664062,154.83416823515125,151.39449874644285,152.55747250443096,87965400
2022-09-15,150.17237854003906,153.0009950551444,149.19666683175186,152.41949313430064,90481100
2022-09-16,148.5264892578125,149.16712349652025,146.23009244998983,149.02914328242736,162278800
2022-09-19,152.25196838378906,152.3308163679246,146.94957303943247,147.15653583891242,81474200
2022-09-20,154.63702392578125,155.80001259569255,150.8721276389919,151.1875044560908,107689800
2022-09-21,151.50291442871094,156.4505157277147,151.38464998799563,155.07069875161233,101696800
2022-09-22,150.53707885742188,152.24212333754144,148.73347063401485,150.1822704357891,86652500
2022-09-23,148.26034545898438,149.28535399224103,146.41732122459265,149.00939362683624,96029900
2022-09-26,148.59547424316406,151.55220575538115,147.48176722784044,147.50148298209515,93339400
2022-09-27,149.57119750976562,152.48851277634017,147.78730509985635,150.53707403917747,84442700
2022-09-28,147.67889404296875,148.4673588641249,142.7510077091373,145.51062706382604,146691400
2022-09-29,140.42503356933594,144.603886261403,138.65099162276434,143.99283321708396,128138200
2022-09-30,136.20675659179688,141.03609356030535,136.0096441732016,139.2423359620473,124925300
2022-10-03,140.3954620361328,141.00653009557303,135.70412021518845,136.2166245441246,114311700
2022-10-04,143.99281311035156,144.11107754403744,142.1793399077984,142.9382384476115,87830100
2022-10-05,144.28846740722656,145.25434369926734,140.94736196435568,141.99208622138215,79471000
2022-10-06,143.3324737548828,145.41204208560697,143.12551098076761,143.7069978739473,68402200
2022-10-07,138.0695037841797,141.03610072606975,137.4387349893986,140.4841648717613,85925600
2022-10-10,138.3947296142578,139.84352910239818,136.57142106787293,138.3947296142578,74899000
2022-10-11,136.97549438476562,139.31132222277216,136.22646123968164,137.8822234673554,77033700
2022-10-12,136.3447265625,138.33559643003326,136.1673299106835,137.1233408598166,70433700
2022-10-13,140.92767333984375,141.51901056988928,132.4319886081597,133.04305662953354,113224000
2022-10-14,136.38418579101562,142.43562955432296,136.19692370577837,142.22865171308297,88598000
2022-10-17,140.3560333251953,140.83895646188824,138.24689900930798,139.03536366842837,85250900
2022-10-18,141.6767120361328,144.58416155365336,138.58200045824861,143.39162165141138,99136600
2022-10-19,141.7851104736328,142.8593858144363,139.45914810857732,139.6464101482739,61758300
2022-10-20,141.32191467285156,143.78585768272674,140.59258212799125,140.95725591977873,64522000
2022-10-21,145.14593505859375,145.71757154709675,140.59255890223196,140.80938705437833,86548600
2022-10-24,147.29449462890625,148.06324356402658,143.89425664068742,145.06709579621315,75981900
2022-10-25,150.142822265625,150.2906678641537,147.20580651383366,147.92527363612152,74732300
2022-10-26,147.19595336914062,149.7978764436125,145.9048346701109,148.78273318220164,88194300
2022-10-27,142.7115936279297,146.90029708190616,142.05125865277225,145.9344355551238,109180200
2022-10-28,153.49380493164062,155.22841546191245,145.68803498734457,146.06254411260886,164762400
2022-10-31,151.12838745117188,152.01541585586838,149.72886978727786,150.95099079346033,97943200
2022-11-01,148.47720336914062,153.20797707085114,146.9791368105924,152.8433183089133,80379300
2022-11-02,142.93824768066406,149.97526767506156,142.9086815703328,146.80170816398885,93604600
2022-11-03,136.87696838378906,140.7404292605941,136.74883853349507,140.01109670781145,97918500
2022-11-04,136.6103973388672,140.84553006556408,132.66154945569053,140.27294531486436,140814800
2022-11-07,137.14349365234375,137.37054820183675,133.93505454893932,135.35664228494105,83374600
2022-11-08,137.71607971191406,139.62139172038218,135.73178893253106,138.61444628445304,89908500
2022-11-09,133.1453094482422,136.77825830980785,132.8688912272567,136.72889468527546,74917800
2022-11-10,144.9918212890625,144.9918212890625,137.71607368602153,139.43382798502273,118854000
2022-11-11,147.78564453125,148.09167786414133,142.5238023668343,143.955271925704,93979700
2022-11-14,146.38381958007812,148.35824392301274,145.54468320886602,147.06499838857653,73374100
2022-11-15,148.12127685546875,151.6258823499811,146.66020736257917,150.27340677597476,89868300
2022-11-16,146.8872528076172,147.95344347331434,145.40643494920303,147.22291630390464,64218300
2022-11-17,148.7926025390625,149.5428782799837,144.2810362048945,144.55745437595286,80389400
2022-11-18,149.35528564453125,150.74725807535745,148.05217373541836,150.36224602679474,74829600
2022-11-21,146.1172637939453,148.4470850528785,145.83097890062086,148.2397789385964,58724100
2022-11-22,148.2594757080078,148.49641198659964,145.0510370374103,146.23570336671128,51804100
2022-11-23,149.1381378173828,149.88841358362208,147.4302500541231,147.53884398667913,58301400
2022-11-25,146.21600341796875,146.97616104993173,145.23865789115922,146.4134428504666,35195900
2022-11-28,142.375732421875,144.7647839323927,141.54647786060335,143.2839657599813,69246000
2022-11-29,139.36474609375,142.95819794116494,138.55523991340186,142.44484337334484,83763800
2022-11-30,146.13702392578125,146.81820276871952,138.75268072768486,139.59180207766,111380900
2022-12-01,146.41342163085938,147.22294276953917,144.73516410236186,146.3147094607483,71250400
2022-12-02,145.91981506347656,146.10738776877085,143.7874333564375,144.09348175456344,65447400
2022-12-05,144.75491333007812,148.99004656094093,143.90591033158032,145.8803345082114,68826400
2022-12-06,141.0824737548828,145.41633393123826,140.1051284296616,145.18927938388143,64727200
2022-12-07,139.13766479492188,141.536582777895,138.20968308402922,140.37167982245785,69721100
2022-12-08,140.82579040527344,141.6846751168045,139.2956238058851,140.53950554386986,62128300
2022-12-09,140.3420867919922,143.70848393310538,139.09818980739163,140.51977775341376,76097000
2022-12-12,142.6422882080078,142.65215490653637,139.2561427186447,140.87517003337655,70462700
2022-12-13,143.6097412109375,148.05219553159674,142.39547458111565,147.5882046530128,93886200
2022-12-14,141.378662109375,144.78454109797417,139.35487413932952,143.49129555982842,82291200
2022-12-15,134.75445556640625,139.98668286120417,134.29046466082826,139.3055040822211,98931900
2022-12-16,132.78990173339844,135.8897473019235,132.01987745650547,134.94203206743774,160156900
2022-12-19,130.67726135253906,133.47107341378072,129.64070069453433,133.38222793972224,79592600
2022-12-20,130.60818481445312,131.54603344731098,128.2289996561493,129.70981804392392,77432800
2022-12-21,133.71791076660156,135.06052017490597,131.05244041496246,131.27949503928645,85928000
2022-12-22,130.5390625,132.83926868979583,128.63375022087482,132.63196256739838,77852100
2022-12-23,130.1737518310547,130.72658804280167,127.98214037473136,129.24577030548357,63814900
2022-12-27,128.36720275878906,129.72956043211943,127.07395717087711,129.69994527084378,69007800
2022-12-28,124.42820739746094,129.3543934066322,124.26038315698912,128.01178441919723,85438400
2022-12-29,127.95255279541016,128.8114224477477,126.09659687618785,126.35326658304521,75703700
2022-12-30,128.26846313476562,128.28821159493137,125.80044037402875,126.76791156272077,77034200
2023-01-03,123.47062683105469,129.22606810599524,122.58213436427353,128.61400137585915,112117500
2023-01-04,124.74412536621094,127.01471627825023,123.48049504473303,125.26734659008874,89113600
2023-01-05,123.4212417602539,126.13607477860468,123.16457206143644,125.50425969688034,80962700
2023-01-06,127.9624252319336,128.6238555191488,123.29291630250204,124.39859654565812,87754700
2023-01-09,128.4856719970703,131.70399366511808,128.22900222762775,128.8015871566894,70790800
2023-01-10,129.05824279785156,129.5814640429866,126.48161843097465,128.59425187274505,63896200
2023-01-11,131.78292846679688,131.80266185993827,128.7916774670581,129.5715682785917,69458900
2023-01-12,131.70396423339844,132.5430854442494,129.75915527463124,132.16795510561155,71379600
2023-01-13,133.03668212890625,133.19463966232263,129.97633400317605,130.3415976184994,57809700
2023-01-17,134.20159912109375,135.53432625738486,132.41474784548592,133.10579321952497,63646600
2023-01-18,133.48097229003906,136.83748784767334,133.303266255476,135.07038458340625,69672800
2023-01-19,133.54017639160156,134.50763996952077,132.05935833689125,132.3653916580124,58280400
2023-01-20,136.10693359375,136.2550244536786,132.50361529041555,133.55005775379874,80223600
2023-01-23,139.3054962158203,141.4872415250396,136.136538833656,136.3537266947968,81760300
2023-01-24,140.7073211669922,141.32926952973608,138.50584268721101,138.5157093840139,66435100
2023-01-25,140.04588317871094,140.6085861384213,137.03488381847254,139.0882864139194,65799300
2023-01-26,142.1190643310547,142.4053492196724,140.08539469738815,141.33915831562229,54105100
2023-01-27,144.06387329101562,145.34725220094586,141.2503274776649,141.3293062635936,70555800
2023-01-30,141.17132568359375,143.68871946900538,141.02324989890042,143.10626796433064,64015300
2023-01-31,142.44482421875,142.49418783542103,140.46053336332577,140.87516062877287,65874500
2023-02-01,143.5702667236328,144.7351849828254,139.51283893795213,142.1289453100569,77663600
2023-02-02,148.89132690429688,149.24670877710787,146.27520596359832,146.99586653400996,118339000
2023-02-03,152.52426147460938,155.36743699431324,145.93955891955838,146.13699831650217,154357300
2023-02-06,149.78970336914062,151.14219433077403,148.8518547888618,150.61897306818702,69858300
2023-02-07,152.67234802246094,153.24493285853742,148.71363285221915,148.71363285221915,83322600
2023-02-08,149.9772491455078,152.60323674930237,149.23684012618935,151.91219134400382,64120100
2023-02-09,148.94068908691406,152.35644968138112,148.49644664158131,151.81347999768036,56007100
2023-02-10,149.30653381347656,149.63281307537432,147.53673245711806,147.77403058031547,57450700
2023-02-13,152.11448669433594,152.5198501850578,149.21753098880535,149.24719136406156,62199000
2023-02-14,151.47177124023438,152.0353483991066,149.15817204273765,150.40395274446888,61707600
2023-02-15,153.57777404785156,153.745854522139,151.1554147270533,151.38281594677636,65573800
2023-02-16,151.97607421875,154.56651436571883,151.6201346111262,151.77831825822219,68167900
2023-02-17,150.82916259765625,151.27408335489702,149.14834246660095,150.6314217151784,59144100
2023-02-21,146.80503845214844,149.59323413897312,146.735835945734,148.50563686680903,58867200
2023-02-22,147.23020935058594,148.2584708875877,145.4999504020457,147.19065212608928,51011300
2023-02-23,147.71469116210938,148.64408993049327,145.5790684516341,148.39691004897256,48394200
2023-02-24,145.0550537109375,145.52963487686296,144.07621591246942,145.45053550143152,55469600
2023-02-27,146.2513885498047,147.4872879410314,145.78668917177046,146.0437659006096,44998500
2023-02-28,145.74713134765625,147.3982909462784,145.17367228142913,145.39119175781394,50547000
2023-03-01,143.6707763671875,145.5691153128249,143.37415760672548,145.17363368998008,55479000
2023-03-02,144.26405334472656,145.05503189340783,142.27671766674902,142.75131384795435,52238100
2023-03-03,149.3262939453125,149.4053933099208,145.66803508048022,146.3700174255545,70732300
2023-03-06,152.0947265625,154.53686499973716,151.72890516544965,152.05516933291133,87558000
2023-03-07,149.88987731933594,152.29245838395036,149.4251779626418,151.96617914925054,56182000
2023-03-08,151.14552307128906,151.73876071934626,150.11726157953802,151.08620232381537,47204800
2023-03-09,148.89125061035156,152.79668921738386,148.53531102339875,151.82774843104707,53833600
2023-03-10,146.8248291015625,149.23730682187812,145.94486944980744,148.51554589298388,68572400
2023-03-13,148.77259826660156,151.41247705797895,146.03384150790953,146.14260123729179,84457100
2023-03-14,150.8686981201172,151.66955846534526,148.40679633095857,149.57347804705336,73695900
2023-03-15,151.26417541503906,151.52123700910988,148.22879983662045,149.48447760738804,77167900
2023-03-16,154.0919189453125,154.69503836094123,149.92940378389787,150.443542077547,76161100
2023-03-17,153.2515106201172,154.97188784795392,152.53963142836827,154.31932940774055,98944600
2023-03-20,155.6244354248047,156.03971087014546,152.4110972116962,153.3207323821306,73641400
2023-03-21,157.4832000732422,157.6018415548637,154.77410391183622,155.54531880235135,73938300
2023-03-22,156.04957580566406,160.31095376257457,156.02979719452793,157.50299444764113,75701800
2023-03-23,157.13719177246094,159.72764726776535,155.90129232762627,157.03832886887204,67622100
2023-03-24,158.44229125976562,158.53127238912836,156.06937062345713,157.06797183296018,59196500
2023-03-27,156.4945068359375,158.9564235953307,156.08912825748425,158.13578467553296,52390300
2023-03-28,155.87159729003906,156.70213299816345,154.22043780927265,156.1879947191645,45992200
2023-03-29,158.95640563964844,159.2332458359396,157.55242604798346,157.57218957153339,51305700
2023-03-30,160.52847290039062,160.63723263142947,159.45077243888025,159.70783403649028,49501700
2023-03-31,163.03982543945312,163.1387034155815,160.08356404514288,160.60758412796915,68749800
2023-04-03,164.29550170898438,164.4141432098461,162.36750188667764,162.41694087425697,56976200
2023-04-04,163.76158142089844,164.95792331758295,163.24744316398008,164.7206403425892,46278300
2023-04-05,161.91270446777344,163.18816110737487,159.97482264150005,162.88166046757286,51511700
2023-04-06,162.80255126953125,163.0991701273508,160.1725538630794,160.5976959928467,45390100
2023-04-10,160.2022247314453,160.2022247314453,158.27422465935098,159.59910521282475,47716900
2023-04-11,158.986083984375,160.52848384854775,158.6993469072352,160.5186020856557,47644200
2023-04-12,158.29397583007812,160.23185733032426,157.97757839276272,159.40133668736163,50133100
2023-04-13,163.69236755371094,163.92966562076376,159.59907018867185,159.80670788317548,68445600
2023-04-14,163.34634399414062,164.44382316709542,161.9720245871667,162.73332768738865,49386500
2023-04-17,163.3660888671875,163.52428757903846,162.1796287016244,163.2276687659828,41516200
2023-04-18,164.59213256835938,165.5215312907478,163.78137535549732,164.2263111895451,49923000
2023-04-19,165.7390594482422,166.26307959159772,163.67262416708968,163.92970090005386,47720200
2023-04-20,164.77008056640625,165.9763194310247,163.69238005042013,164.21640012100644,52456400
2023-04-21,163.15847778320312,164.5723392677561,162.63445771401044,163.18813815793777,58337300
2023-04-24,163.46499633789062,163.73195482649055,162.041237847574,163.13871709330454,41949600
2023-04-25,161.922607421875,164.43394847942568,161.8830501907344,163.32658739410107,48714100
2023-04-26,161.91270446777344,163.41556237454046,160.96354216946153,161.22060381553294,45498800
2023-04-27,166.51022338867188,166.65852525119462,163.32654598880194,163.32654598880194,64902300
2023-04-28,167.76588439941406,167.9339799574928,165.9862017200745,166.589321099478,55209200
2023-05-01,167.67691040039062,168.52720964209172,166.7376300382773,167.370409816753,52472900
2023-05-02,166.6387481689453,168.42834281753628,165.65002884530062,168.1712661379265,48425700
2023-05-03,165.56103515625,168.99189215573168,165.2743132122935,167.58791263315675,65136000
2023-05-04,163.91978454589844,165.15568380990734,162.45648404157697,163.0299431104764,81235400
2023-05-05,171.61204528808594,172.3338062754006,168.8337309104411,169.05125040031595,113316400
2023-05-08,171.54281616210938,171.88887398730245,170.1684967974759,170.53431814830344,55962800
2023-05-09,169.83233642578125,171.58235891028352,169.66425593732595,171.09789605728315,45326900
2023-05-10,171.60214233398438,172.06684167430913,169.96086445482297,171.06824047843108,53724500
2023-05-11,171.78997802734375,172.62049861686478,170.22779972610607,171.88885599180736,49514700
2023-05-12,170.8593292236328,172.3345492571858,169.3048853057611,171.89890853860956,45497800
2023-05-15,170.36427307128906,171.49297161869612,169.77021484316816,171.44346424843133,37266700
2023-05-16,170.36427307128906,171.42365827881974,170.09694535788182,170.28506430037106,42110300
2023-05-17,170.97813415527344,171.2157453771671,168.7306323338431,170.00785308163907,57951600
2023-05-18,173.31472778320312,173.50284672542747,170.86921174934298,171.2850464654308,65496700
2023-05-19,173.42364501953125,174.64144781679403,173.20582466782196,174.64144781679403,55772400
2023-05-22,172.47314453125,172.97809854709377,171.7305793150355,172.25532419255816,43570900
2023-05-23,169.8592987060547,171.66126403673206,169.5820755948007,171.41374232257482,50747300
2023-05-24,170.1365509033203,170.71080319124064,168.82964388505917,169.393985633902,45143500
2023-05-25,171.275146484375,172.1761141248664,169.98803043113716,170.70089424192957,56058300
2023-05-26,173.69093322753906,174.02757424675536,171.39393953348073,171.60186442454003,54835000
2023-05-30,175.54241943359375,177.21566879798618,174.81966018947244,175.20579349606086,55964400
2023-05-31,175.492919921875,177.57210865507508,175.00777185545402,175.57212869440465,99625300
2023-06-01,178.3047637939453,178.33446519527467,175.17608525533697,175.9384564736909,68901800
2023-06-02,179.15625,179.97802407047664,177.4830004559296,179.2354587774889,61945900
2023-06-05,177.79981994628906,183.1165821425977,176.275077551752,180.8195882273271,121946500
2023-06-06,177.43350219726562,178.33446990727649,175.67113339582835,178.18596289670575,64848400
2023-06-07,176.05726623535156,179.41366034455214,175.56222276728346,176.67111530134713,61944600
2023-06-08,178.78001403808594,179.04732664647344,175.70084291207064,176.1364684949153,50214900
2023-06-09,179.1661376953125,180.42353722036253,178.8394071951532,179.70077799078283,48870700
2023-06-12,181.96807861328125,182.0670933538608,179.17604119777275,179.473070311983,54274900
2023-06-13,181.49282836914062,182.32449774459167,180.63145759510397,180.98788948565831,54929100
2023-06-14,182.1265106201172,182.5621513412214,180.21564985689943,181.55225831570974,57462900
2023-06-15,184.16607666015625,184.67103069686027,181.95818688950908,182.13641040467775,65433200
2023-06-16,183.08688354492188,185.1363708565112,182.4433330473612,184.87893857146415,101235600
2023-06-20,183.17596435546875,184.2551705135613,182.58192130455032,182.58192130455032,49799100
2023-06-21,182.13641357421875,183.57203672168455,180.77998409317422,183.0670826761933,49515700
2023-06-22,185.14627075195312,185.19577812392734,181.84927919785179,181.91859254012144,51245300
2023-06-23,184.8294219970703,185.70070333532985,183.17597862652977,183.71063403229002,53079300
2023-06-26,183.4334259033203,186.18586660248252,183.39381396241686,184.9779592329188,48088700
2023-06-27,186.19577026367188,186.5225008066865,183.8294627923201,184.04728315432985,50730800
2023-06-28,187.37396240234375,188.01751290126907,185.7403249158235,186.06704032710473,51216800
2023-06-29,187.71058654785156,188.18583917474905,187.06703605511274,187.2056476277424,46347300
2023-06-30,192.0471649169922,192.55210381756805,189.36402266288647,189.73036510372253,85069600
2023-07-03,190.5521697998047,191.95809166806356,189.85909674419335,191.85907691511048,31458200
2023-07-05,189.43333435058594,191.06697174397888,188.73036598215447,189.67096065277283,46920300
2023-07-06,189.9085693359375,190.11649423604223,187.32444187549908,187.95809689875657,45094300
2023-07-07,188.7897491455078,190.76002737229288,188.35412363143107,189.51252340749707,46778000
2023-07-10,186.7403106689453,188.10663557063202,185.18586681905202,187.38386117936162,59922200
2023-07-11,186.21556091308594,187.4234682366511,184.75023641356677,187.28485666382537,46638100
2023-07-12,187.88882446289062,189.79968522544766,186.60170827121757,187.79970514631046,60750200
2023-07-13,188.6511688232422,189.29473443261006,187.89870814797314,188.61157199087162,41342300
2023-07-14,188.7996826171875,189.28481555311026,187.75019286903466,188.3442359735881,41573900
2023-07-17,192.0669708251953,192.39370132812152,189.9085734412509,189.9976776399959,50520200
2023-07-18,191.8095245361328,192.40358269941262,190.5125131574161,191.43330179974714,48353800
2023-07-19,193.1659698486328,196.26493172677777,190.74024473686075,191.18579595006162,80507300
2023-07-20,191.2154998779297,194.52238670645607,190.5917402572243,193.1560618639693,59581200
2023-07-21,190.03729248046875,193.03725474426253,189.33432409540026,192.17588392818155,71917800
2023-07-24,190.83926391601562,192.9778554020486,190.34422042985216,191.4927249435582,45377800
2023-07-25,191.70065307617188,192.51253172271785,191.0075951507849,191.41353447405788,37283200
2023-07-26,192.57191467285156,193.70061320853526,191.40361930588426,191.75014067908202,47471900
2023-07-27,191.30459594726562,195.24513765991685,190.64123952357383,194.07684234558644,47460200
2023-07-28,193.88873291015625,194.68080550669023,192.21548351570434,192.74022840055838,48291400
2023-07-31,194.50259399414062,194.54220593555127,193.3243880114047,194.1164606567971,38824100
2023-08-01,193.6708984375,194.7797909272219,193.34416794873687,194.29465801673214,35175100
2023-08-02,190.6709442138672,193.24516118654293,189.94818497968632,193.1065496196106,50389300
2023-08-03,189.27493286132812,190.46303425792703,188.79969532419432,189.67097673188036,61235200
2023-08-04,180.18594360351562,185.52251207833032,180.11663025996506,183.68094960257173,115799700
2023-08-07,177.07704162597656,181.31461219425503,175.59191133034085,180.3245253304979,97576100
2023-08-08,178.01763916015625,178.48298124186843,175.81964489133262,177.9087289898081,67823000
2023-08-09,176.42359924316406,179.13642786663587,175.25528876502239,179.07702506576103,60378500
2023-08-10,176.2057647705078,178.95820511217872,175.83943745613908,177.7007905335651,54686900
2023-08-11,176.26527404785156,177.08815781935616,175.03591791571532,175.7993186650753,51988100
2023-08-14,177.92095947265625,178.14898275911253,175.78938877461678,176.44373225185288,43675600
2023-08-15,175.92816162109375,177.94075085454938,175.53159812671015,177.34590561297395,43622600
2023-08-16,175.0557403564453,177.00883168990967,174.98633341606396,175.61093536777827,46964900
2023-08-17,172.5077667236328,175.9876593304517,171.9922220355352,175.62083731111454,66062900
2023-08-18,172.9935760498047,173.59834528388794,170.48527458580276,170.82235510894964,61114200
2023-08-21,174.33197021484375,174.61949160968172,172.24998915809468,173.5685847246663,46311900
2023-08-22,175.71006774902344,176.15620551446153,174.73847648439144,175.5415274877659,42084200
2023-08-23,179.56671142578125,179.99303161559698,176.80064510070915,176.9890180826326,52722800
2023-08-24,174.8673553466797,179.54687744583052,174.50051821034532,179.1205572949361,54945800
2023-08-25,177.07826232910156,177.61362469655592,174.3121956960464,175.85881489972726,51449600
2023-08-28,178.64468383789062,179.04124736642365,177.018749166219,178.54553539179292,43820700
2023-08-29,182.54098510742188,183.31429463018617,177.96061099136716,178.15889276911417,53003900
2023-08-30,186.04071044921875,186.23900735465395,183.1556780614674,183.35395983897268,60813900
2023-08-31,186.25881958007812,187.49809956371718,185.8721648302999,186.22907807070516,60794500
2023-09-01,187.835205078125,188.2912516644068,186.66531684562548,187.86494658905943,45732600
2023-09-05,188.0731201171875,188.350717612699,186.00104769428793,186.66529992482816,45280000
2023-09-06,181.3413543701172,187.2304149251444,179.91370149278592,186.78426205503195,81755800
2023-09-07,176.03724670410156,176.6816813943478,172.05171790486162,173.67765269377628,112488800
2023-09-08,176.6519317626953,178.69427803391082,176.26527698438343,176.82048716548695,65551300
2023-09-11,177.82179260253906,178.75373349578624,175.8191120741523,178.52571023294755,58953100
2023-09-12,174.78805541992188,178.58521118121962,173.32075212571604,177.95070042200115,90370200
2023-09-13,172.71597290039062,175.77946927367296,172.48793449989455,174.99623588192003,84267900
2023-09-14,174.23287963867188,174.58979292564496,172.09139991683338,172.5077962303134,60895800
2023-09-15,173.50909423828125,174.9863213204115,172.329312484714,174.96648860625493,109205100
2023-09-18,176.4437255859375,177.84163701778533,174.65915940995401,174.9664984209427,67257600
2023-09-19,177.5343017578125,178.08949677364237,175.61093679016653,175.99759154247158,51826900
2023-09-20,173.9849853515625,178.158871491594,173.8957457034938,177.72264255589144,58436200
2023-09-21,172.43836975097656,174.78805492740332,172.3689779372214,173.0530629204369,63047900
2023-09-22,173.29098510742188,175.56135441857745,172.55734106823024,173.17201907467273,56725400
2023-09-25,174.56991577148438,175.4522824052414,172.6564598476282,172.7060340664089,46172700
2023-09-26,170.48526000976562,173.6974637546494,170.18782981503577,173.32073296072448,64588900
2023-09-27,168.9683837890625,171.5560010147378,167.6002289663342,171.13960475321795,66921800
2023-09-28,169.22616577148438,170.55467030699108,166.18248681585104,167.88773731405627,56294400
2023-09-29,169.74169921875,171.58574835004075,168.87915010499984,170.54475018871184,51814200
2023-10-02,172.25991821289062,172.8052044328195,169.46409530048962,169.75161672914737,52164500
2023-10-03,170.9215087890625,172.14097132417464,169.35507202363982,170.78271002017956,49594600
2023-10-04,172.17068481445312,172.71597100628938,169.50375199905025,169.62271803074952,53020300
2023-10-05,173.4099884033203,173.94535074695764,171.19910182632682,172.299583153516,48527900
2023-10-06,175.9678497314453,176.46356172729125,171.69479961979252,172.30949278163357,57224100
2023-10-09,177.45497131347656,177.51445432768062,174.2923266162491,175.29365932051672,42390800
2023-10-10,176.860107421875,178.17870301308767,176.4238784890915,176.5726011495921,43698000
2023-10-11,178.25802612304688,178.30760034526705,176.07689649671707,176.67174177957318,47551100
2023-10-12,179.1602325439453,180.77624333047942,177.50454119898205,178.52572180730996,56743100
2023-10-13,177.316162109375,180.36973426316322,176.61224451765878,179.8641135443321,51427100
2023-10-16,177.18731689453125,177.54423017672073,174.99626297065927,175.23421020142933,52517000
2023-10-17,175.63076782226562,176.8898806260753,173.30093033620963,175.13505578762425,57549400
2023-10-18,174.33197021484375,176.0570532000882,173.608235023302,174.07420545389226,54764400
2023-10-19,173.9552764892578,176.31485552292168,173.68758775067354,174.53028914557814,59302900
2023-10-20,171.3973846435547,173.91559492791032,171.15943743932888,173.80653768363138,64189300
2023-10-23,171.516357421875,172.51769024747387,168.47267838425373,169.44428482707696,55980100
2023-10-24,171.95257568359375,172.18059896074934,169.97963653831403,171.56592094062157,43816600
2023-10-25,169.63265991210938,171.57584256593557,169.18650699014253,170.4059694558874,57157000
2023-10-26,165.45875549316406,169.91025482669738,164.24921696829185,168.90890687614655,70625300
2023-10-27,166.77732849121094,167.5109876180873,165.3992498850538,165.4785656118454,58499100
2023-10-30,168.82957458496094,169.70203248533966,167.42175441803172,167.57047708446643,51131000
2023-10-31,169.30548095703125,169.43435579022267,166.4600837859852,167.89766069037708,44846000
2023-11-01,172.47802734375,172.73579212701503,168.66103905073186,169.5334969755198,56934900
2023-11-02,176.04714965820312,176.25534020612366,173.95524461845602,174.0147276321476,77334800
2023-11-03,175.13504028320312,175.30359567263832,171.8633532465518,172.74571998498175,79763700
2023-11-06,177.6929168701172,177.8911986418375,174.69882732290304,174.86736758526175,63841300
2023-11-07,180.26071166992188,180.87538968418906,177.4351473327296,177.64333789269085,70530000
2023-11-08,181.321533203125,181.87672821790486,180.03267898856913,180.78617090399572,49340300
2023-11-09,180.8456573486328,182.54098393459674,180.2507968912838,181.39094357988108,53763500
2023-11-10,185.04489135742188,185.2136688107188,182.19576071339824,182.63256439705196,66133400
2023-11-13,183.45651245117188,184.67756614585693,182.8708053693486,184.46910132249658,43627500
2023-11-14,186.0773468017578,186.74247420260892,184.9456350058848,186.33545119454976,60108400
2023-11-15,186.6431884765625,188.12236184083608,186.414864785386,186.4843631662735,53790500
2023-11-16,188.33084106445312,189.57175373642215,187.2785343944212,188.191859451107,54412900
2023-11-17,188.3109893798828,188.99597562451044,187.19913643084107,188.8669158544037,50922700
2023-11-20,190.05816650390625,190.51482899547432,188.49958819031184,188.50951003765908,46505100
2023-11-21,189.25405883789062,190.12766614172318,188.36060783923182,190.0184652287441,38134500
2023-11-22,189.919189453125,191.52740733771327,189.4426832554431,190.09788874466753,39617700
2023-11-24,188.58895874023438,189.5121905622833,187.874191778969,189.48240986788565,24048300
2023-11-27,188.41024780273438,189.28385517880056,187.52671857843467,188.5393075690696,40552600
2023-11-28,189.01580810546875,189.690872461515,188.02307798905798,188.4003202806091,38415400
2023-11-29,187.99331665039062,190.69354405683197,187.596230622092,189.51219267303125,43014200
2023-11-30,188.569091796875,188.93641225844013,186.82189215984647,188.45989087281944,48794400
2023-12-01,189.84971618652344,190.16738195236098,187.85431892352926,188.94632812953898,45679300
2023-12-04,188.05287170410156,188.6683747194466,186.08727017888344,188.5988763355123,43389500
2023-12-05,192.01385498046875,192.9867262414063,188.79740398889692,188.82719982806023,66628400
2023-12-06,190.92185974121094,193.3441084564195,190.71337975554792,193.03636454966008,41089700
2023-12-07,192.85768127441406,193.5823700079149,192.18261692775607,192.22233461466143,47477700
2023-12-08,194.28720092773438,194.56516412443645,192.26202318278135,192.78816888710017,53377300
2023-12-11,191.77560424804688,192.08336332058192,190.02840462687192,191.70612101402028,60943700
2023-12-12,193.2945098876953,193.30443173677244,190.32624104462562,191.6763547643133,52696900
2023-12-13,196.5208740234375,196.5605765657659,193.433482543182,193.67172809287342,70404200
2023-12-14,196.6697540283203,198.16877097511053,194.733933428728,196.58041195784497,66831600
2023-12-15,196.13369750976562,196.95765018105735,195.56783406915136,196.09397982207716,128256700
2023-12-18,194.46591186523438,195.20053764226134,192.97681661429394,194.66445486912104,55751900
2023-12-19,195.50827026367188,195.5181921115413,194.46590061872467,194.73394198979324,40714100
2023-12-20,193.4136199951172,196.24289187855894,193.4136199951172,195.46856356116558,52242800
2023-12-21,193.26467895507812,195.64724016492798,192.09326476649224,194.67436895686498,46482500
2023-12-22,192.1925506591797,193.98938969071887,191.56712585784612,193.7610508645393,37122800
2023-12-26,191.6465606689453,192.48045036895266,191.42815882163003,192.20248713561688,28919300
2023-12-27,191.74583435058594,192.0932959838613,189.70081253792972,191.09064392317032,48087700
2023-12-28,192.17271423339844,193.24486466881353,191.7656912152772,192.72864072260757,34049900
2023-12-29,191.13031005859375,192.98671035372809,190.33612301086217,192.4903453423781,42628800
2024-01-02,184.29042053222656,187.07006792285642,182.55314280656535,185.78943757371047,82488700
2024-01-03,182.91050720214844,184.5286619910614,182.09646131024977,182.88072651321147,58414500
2024-01-04,180.58753967285156,181.7589539428833,179.5650288616003,180.82578520690032,71983600
2024-01-05,179.86282348632812,181.4313387856725,178.8601715873943,180.66694755236284,62303300
2024-01-08,184.21099853515625,184.2507162227342,180.18051667398524,180.76622380895435,59144500
2024-01-09,183.79405212402344,183.80397397190293,181.40156892129536,182.58292017691045,42841800
2024-01-10,184.83641052246094,185.04487535026095,182.5829090664718,183.00979086506445,46792900
2024-01-11,184.24078369140625,185.69017636593313,182.28510409693843,185.1838742981323,49128400
2024-01-12,184.56838989257812,185.38243589635255,183.84370111575322,184.70737150933715,40444700
2024-01-16,182.2950439453125,182.9204536449405,179.61466039771227,180.83572939974707,65603000
2024-01-17,181.3519287109375,181.6001112377356,178.98924135636386,179.95219077216925,47317400
2024-01-18,187.25868225097656,187.76496914507203,184.47903496158258,184.73713933247967,78005800
2024-01-19,190.16737365722656,190.55453778649462,187.4473029046773,187.9535897974558,68741000
2024-01-22,192.48045349121094,193.90998737033232,190.86229845472488,190.9020161446229,60133900
2024-01-23,193.76104736328125,194.3269107729025,192.42087086045922,193.602222064805,42355600
2024-01-24,193.0860137939453,194.95235131957728,192.9271733347724,193.9993237123997,53631300
2024-01-25,192.75840759277344,194.84314692565724,191.70611607825748,193.80077725921535,54822100
2024-01-26,191.02110290527344,193.34408744696182,190.54459675135575,192.8576594463704,44594000
2024-01-29,190.3361358642578,190.80272021826386,188.20177223046258,190.614099077556,47145600
2024-01-30,186.67295837402344,190.4056331853674,186.10711010289756,189.5518847070131,55859400
2024-01-31,183.05943298339844,185.7398164976455,183.00980859435379,185.6802399646441,55467800
2024-02-01,185.50155639648438,185.59089847447947,182.48366340616798,182.6524257138898,64885400
2024-02-02,184.4989013671875,185.96813772334343,177.9468764270477,178.55244241438749,102518000
2024-02-05,186.31556701660156,187.8741604535555,184.48894737475842,186.7821513481828,69668800
2024-02-06,187.92381286621094,187.9337347140823,185.4122068995574,185.50154897397763,43490800
2024-02-07,188.0330047607422,189.66108145721643,187.23881768122482,189.2540584961332,53439000
2024-02-08,186.95094299316406,188.16205980044833,185.98799356738817,188.0131563419714,40962000
2024-02-09,187.71632385253906,188.84947973129314,186.87142040616737,187.5175123353768,45155200
2024-02-12,186.02650451660156,187.537383976275,185.66866504371018,187.28888476363343,41781900
2024-02-13,183.92918395996094,185.09217370700773,182.4083698811328,184.6548126341336,56529500
2024-02-14,183.04452514648438,184.41624573755993,181.34479892181088,184.20751487981576,54630500
2024-02-15,182.7562713623047,183.3824942652778,180.26134459364147,182.44813474883824,65434500
2024-02-16,181.21556091308594,183.7403213725013,180.57940354414131,182.31889800876044,49701400
2024-02-20,180.47006225585938,181.33483464555084,178.91942962585208,180.69867728023533,53665600
2024-02-21,181.22552490234375,181.79209525720324,179.57548638259638,180.8478012209779,41529700
2024-02-22,183.26318359375,183.84965322779226,181.36466124906403,182.37852705601026,52292200
2024-02-23,181.42430114746094,183.9291621764045,181.1360335803032,183.89934348562096,45119700
2024-02-26,180.07247924804688,181.66286516303873,179.56553112991756,181.1459977034405,40867400
2024-02-27,181.53366088867188,182.8159102315647,178.482083088638,180.0128468267154,54318900
2024-02-28,180.33091735839844,182.02070906977036,179.0486680197237,181.4143703487687,48953900
2024-02-29,179.66493225097656,181.47401381447335,178.45225486971108,180.18181486443112,136682600
2024-03-01,178.58148193359375,179.44625436004063,176.31517027538303,178.47214167082092,73488000
2024-03-04,174.04885864257812,175.838040881393,172.74670999766127,175.09254322615726,81510100
2024-03-05,169.0987548828125,171.00722719097524,168.60175641192043,169.73491231886675,95132400
2024-03-06,168.104736328125,170.21201988746688,167.6673753032203,170.03309257401145,68587700
2024-03-07,167.9854736328125,169.70508399774383,167.47854068144582,168.13456709874717,71765100
2024-03-08,169.70509338378906,172.65726551008456,167.9258455340773,167.98548292374957,76114600
2024-03-11,171.7129669189453,173.33318674250597,171.01717211248007,171.9018287593836,60139500
2024-03-12,172.19007873535156,172.98527928876703,169.9834044040384,172.1105571632911,59825400
2024-03-13,170.10269165039062,172.1503228051375,169.73490248954016,171.73284593382695,52488700
2024-03-14,171.96144104003906,173.26357438070215,171.01714714290978,171.87198497095238,72913500
2024-03-15,171.583740234375,171.583740234375,169.26772563447943,170.14244776104985,121664700
2024-03-18,172.67715454101562,176.6432079045962,172.4783581807999,174.51605499918875,75604200
2024-03-19,175.0229949951172,175.54981219600123,171.99130108716793,173.29343474094514,55215200
2024-03-20,177.59739685058594,177.59739685058594,174.03888667858465,174.6651094822859,53423100
2024-03-21,170.34124755859375,176.42451903095682,169.81443040365232,175.98715795881162,106181300
2024-03-22,171.2457733154297,172.01115512427612,169.03909913099622,170.7288907150358,71106600
2024-03-25,169.82437133789062,170.90782428626645,168.43276661931924,169.54605342761408,54288300
2024-03-26,168.69122314453125,170.39094937582044,168.5619986920605,168.97947557636294,57388400
2024-03-27,172.26959228515625,172.55785986634996,169.08880538680637,169.3870074763491,60273300
2024-03-28,170.45057678222656,171.1960744249358,169.4863986176142,170.71896018041463,65672700
2024-04-01,169.00929260253906,170.22197004043582,168.46259127116116,170.16233265286536,46240500
2024-04-02,167.82643127441406,168.3234297194346,167.22009256480143,168.0649959882119,49329500
2024-04-03,168.63156127929688,169.6553768320082,167.56799252573734,167.7767233727702,47691700
2024-04-04,167.80657958984375,170.8879611669358,167.80657958984375,169.26774121531477,53704400
2024-04-05,168.56198120117188,169.3671161921521,167.93575835610383,168.57191570910442,42055200
2024-04-08,167.4387664794922,168.18426411757292,167.23003563445502,168.01528647300387,37425500
2024-04-09,168.6514434814453,169.05898582949538,167.33937552823474,167.68726532493085,42451200
2024-04-10,166.77279663085938,168.0749301271986,166.1068205360595,167.78667770328389,49709300
2024-04-11,173.9892120361328,174.4067040844594,167.1505236254001,167.3294357885208,91070300
2024-04-12,175.4901580810547,177.28929006742356,173.16420894399843,173.21389665591335,101593300
2024-04-15,171.6533203125,175.56967037066977,171.46445848220424,174.30729011068368,73531800
2024-04-16,168.36318969726562,172.71688554496447,167.2598525976239,170.71895735574867,73711200
2024-04-17,166.99147033691406,169.62555591523414,166.99147033691406,168.59180586766368,50901200
2024-04-18,166.03721618652344,167.62761710838,165.55016746918514,167.02127846323074,43122900
2024-04-19,164.0094757080078,165.40106519259456,163.0950004513954,165.21221853676252,67772100
2024-04-22,164.8444366455078,166.2559103754066,163.78086788564391,164.52636553527142,48116400
2024-04-23,165.8980712890625,166.0471799196536,163.92996173620628,164.3573882766078,49537800
2024-04-24,168.00535583496094,168.2836737462142,165.21222704669103,165.540232667877,48251800
2024-04-25,168.87013244628906,169.58581142644354,167.14057238305094,168.51229295621184,50558300
2024-04-26,168.28367614746094,170.31142312512412,168.16438620722982,168.8601961624801,44838400
2024-04-29,172.4584503173828,174.97326108846298,172.06085765153782,172.3292258757486,68169400
2024-04-30,169.30747985839844,173.9395086711804,168.9794590883409,172.28947031289857,65934800
2024-05-01,168.28367614746094,171.6732091751753,168.0948143120181,168.56199406268553,50383100
2024-05-02,171.9912872314453,172.37894542666191,169.8641344122997,171.47440458209337,94214900
2024-05-03,182.27915954589844,185.8774235329829,181.56348055207545,185.52951854505613,163224100
2024-05-06,180.61917114257812,183.09421354898845,179.33690673477625,181.2553285088154,78569700
2024-05-07,181.30502319335938,183.79001537072006,180.23151991986552,182.34872294128857,77305800
2024-05-08,181.64300537109375,181.97102617972277,180.36074083125402,181.75234564063675,45057100
2024-05-09,183.46202087402344,183.55147695770702,181.0167817496789,181.46407733528633,48983000
2024-05-10,182.1979217529297,184.22841905381327,181.28220609270682,184.039301056681,50759500
2024-05-13,185.4128875732422,186.22907786103977,183.76061103045285,184.57680131825043,72044800
2024-05-14,186.55751037597656,187.4234708736874,185.42281765723527,186.63713980034996,52393600
2024-05-15,188.8368682861328,189.76253191302303,186.49780129168897,187.03529613574696,70400000
2024-05-16,188.95631408691406,190.21045865928463,188.7771592552961,189.58338637309936,52845200
2024-05-17,188.98617553710938,189.9218023921439,188.29938496531759,188.62785068172937,41282900
2024-05-20,190.15072631835938,191.02663488992152,188.1301769262196,188.44869465688268,44361300
2024-05-21,191.4546356201172,191.83285642957057,190.03128423275254,190.20049107683238,42309400
2024-05-22,190.01138305664062,191.92245910983817,189.38432593982932,191.37501623979523,34648500
2024-05-23,186.01010131835938,190.11091836221462,185.76126503778056,190.09100720719516,51005900
2024-05-24,189.0956573486328,189.6928704821682,187.16468542966413,187.94106857836448,36294600
2024-05-28,189.10562133789062,192.10160462638697,188.21976480489596,190.61853495727325,52280100
2024-05-29,189.4042205810547,191.35510374397245,188.6278525845266,188.7273931739324,53068000
2024-05-30,190.39956665039062,191.2854232244703,189.7426503955058,189.8720349370489,49947900
2024-05-31,191.3551025390625,191.67362027294615,189.02599856414395,190.5488754083416,75158300
2024-06-03,193.1267852783203,194.08232314185275,191.62381982592728,192.002040590698,50080500
2024-06-04,193.4453125,194.41079839334418,192.13144977133211,193.7339558758535,47471400
2024-06-05,194.95823669433594,195.9834409155792,193.96289161058436,194.49042328995185,54156800
2024-06-06,193.57470703125,195.58530834672572,193.2661524862918,194.77908126144504,41181800
2024-06-07,195.97349548339844,196.02326577578603,193.23629646745044,193.7439169991778,53103900
2024-06-10,192.2210235595703,196.3815736009198,191.25553768440525,195.98342648408087,97262100
2024-06-11,206.18572998046875,206.19569315156764,192.72867525564521,192.74857122232135,172373300
2024-06-12,212.0782012939453,219.1750019825869,205.9369082694312,206.40472171133436,198134300
2024-06-13,213.2427520751953,215.74106295368526,210.61504146610727,213.74042465409653,97862700
2024-06-14,211.50086975097656,214.16838712685717,210.31640674162668,212.8545395919822,70122700
2024-06-17,215.6614227294922,217.9308083607288,211.72981259041407,212.37678083551464,93728300
2024-06-18,213.29248046875,217.61228945527094,212.008492058615,216.5771221156608,79943300
2024-06-20,208.70396423339844,213.24275088537271,207.87784112226225,212.93418113045576,86172500
2024-06-21,206.524169921875,210.9036824915187,206.14593390610847,209.41066477171813,246421400
2024-06-24,207.17111206054688,211.70988292620214,205.62832424046638,206.75306897426384,80727000
2024-06-25,208.09678649902344,210.39603101963272,207.6389211162797,208.1764007338177,56713900
2024-06-26,212.25733947753906,213.8598456726642,209.65948819693895,210.51548557795786,66213200
2024-06-27,213.10340881347656,214.73577429887092,211.36155475092565,213.69065882378794,49772700
2024-06-28,209.6395721435547,215.0642148828325,209.3210696212814,214.76560832661605,82542700
2024-07-01,215.74105834960938,216.49751518580166,210.9335395174881,211.1027463681721,60402900
2024-07-02,219.24465942382812,219.35414798734178,214.09872731420612,215.1438274713018,58046200
2024-07-03,220.51870727539062,220.51870727539062,218.01043340115498,218.97591935149836,37369800
2024-07-05,225.28639221191406,225.3958807735831,220.618221554563,220.618221554563,60412400
2024-07-08,226.75953674316406,226.78939588229815,222.21080217009418,226.0329238568709,59085900
2024-07-09,227.61550903320312,228.33215871662,225.3162642938077,226.8690002119573,48076100
2024-07-10,231.89549255371094,231.9950331368443,228.1828596567971,228.23262994836378,62627700
2024-07-11,226.5106964111328,231.30825199534104,224.7190721562944,230.31290687462652,64710600
2024-07-12,229.46685791015625,231.55708874298097,227.6155153743793,227.8544036714271,53046500
2024-07-15,233.3088836669922,236.12571210202407,232.00498402552307,235.37920328245679,62631300
2024-07-16,233.72694396972656,235.17019132901206,231.2485291999769,233.90609879782943,43234300
2024-07-17,227.81459045410156,230.38258262455565,225.58501197125685,228.38192926123955,57345900
2024-07-18,223.13644409179688,229.3673137711516,221.2353466054131,229.20805491946456,66034600
2024-07-19,223.26583862304688,225.74425318618754,222.24063446922685,223.773474302542,49151500
2024-07-22,222.91749572753906,226.7197061195605,222.0515351611177,225.95328613844396,48201800
2024-07-23,223.96258544921875,225.88360930378687,221.64342964759248,223.32556522126958,39960300
2024-07-24,217.52268981933594,223.75355924528677,216.11926491073012,222.9572802069956,61777600
2024-07-25,216.4776153564453,219.8219755631398,213.62096453779796,217.91089956980477,51391200
2024-07-26,216.94541931152344,218.46829606182757,215.0044842643322,217.6819649471348,41601300
2024-07-29,217.22412109375,218.27918447457574,214.74570631572197,215.95008057489312,36311800
2024-07-30,217.78150939941406,219.30438617677734,215.11397665237357,218.16969337819762,41643800
2024-07-31,221.04623413085938,222.77814001369308,219.60298682237814,220.40921389598267,50036300
2024-08-01,217.3435516357422,223.43505864730554,216.0097928775357,223.3255700813178,62501000
2024-08-02,218.83656311035156,224.54984915998065,216.69657732981517,218.1298614428512,105568600
2024-08-05,208.29586791992188,212.506173331003,195.0876345333798,198.16324716744046,119548600
2024-08-06,206.26535034179688,209.01251239840335,200.13403637997632,204.34434168651262,69660500
2024-08-07,208.84332275390625,212.64553325809877,205.4292810556757,205.9369016050796,63516400
2024-08-08,212.31704711914062,213.20290359333654,207.85790561211314,212.1179811495676,47161100
2024-08-09,215.23342895507812,215.77090862412464,210.98330114399806,211.11270086651854,42201600
2024-08-12,216.76803588867188,218.7410960979999,214.8448035806853,215.31315848368175,38028100
2024-08-13,220.49493408203125,221.11275746457662,218.2428407360094,218.2428407360094,44155300
2024-08-14,220.943359375,222.24876826808693,218.93043078284688,219.7973936824548,41960600
2024-08-15,223.93284606933594,224.56064415441705,221.97970491871703,223.81327127421198,46414000
2024-08-16,225.25819396972656,226.03546056539557,222.86659157853387,223.1356500786779,44340200
2024-08-19,225.0987548828125,225.19841068626937,222.25873174304007,224.92935218120843,40687800
2024-08-20,225.71656799316406,226.3742597731608,224.66028342820331,224.9791698204466,30299000
2024-08-21,225.60696411132812,227.18143154067607,224.26170199000447,225.7265541171402,34765500
2024-08-22,223.74351501464844,227.5401669123529,223.11571691317775,226.9920904114928,43695300
2024-08-23,226.04541015625,227.42058109078098,223.544207780358,224.86955081625499,38677300
2024-08-26,226.3842315673828,226.48388737170686,223.1057623977585,225.9657045588355,30602200
2024-08-27,227.2312469482422,228.04838192077386,224.1022464634546,225.20835892301574,35934600
2024-08-28,225.69664001464844,229.05483047059747,224.8894645684117,227.1216236092518,38052200
2024-08-29,228.98507690429688,232.10411789712717,228.07827604001008,229.294003797999,51906300
2024-08-30,228.19786071777344,229.59295072736154,226.68318070354871,229.38369482859366,52990800
2024-09-03,221.9896697998047,228.19784265919515,220.39526831044307,227.7494219919808,50190600
2024-09-04,220.076416015625,221.00315112701452,216.71821006143196,220.88357632692316,43840200
2024-09-05,221.60104370117188,224.6901757794695,220.744055533832,220.85367082984084,36615400
2024-09-06,220.0465087890625,224.4510243839852,219.00018373655976,223.16553454066073,48423000
2024-09-09,220.13619995117188,220.49493955114087,215.95091475509392,220.04651885251477,67180000
2024-09-10,219.3389892578125,220.70418549359823,215.97082401031443,218.15315521125123,51591000
2024-09-11,221.88006591796875,222.3085524071335,217.126770108234,220.6842723421212,44587100
2024-09-12,221.9896697998047,222.7669363444001,219.05000630879996,221.72061131734026,37498200
2024-09-13,221.7206268310547,223.25522582753553,221.13269713278441,222.7968456308755,36766600
2024-09-16,215.56228637695312,216.45912779468063,213.1706839207783,215.7815017768951,59357400
2024-09-17,216.03062438964844,216.14023969143096,213.74865245933694,214.99427397716522,45519300
2024-09-18,219.91696166992188,221.9298901997397,216.777986478492,216.7879611815548,59894900
2024-09-19,228.06829833984375,229.014982798629,223.84316014627527,224.20189972925183,66781300
2024-09-20,227.40065002441406,232.27352055331795,226.82267984404155,229.1644542640561,318679900
2024-09-23,225.67672729492188,228.64628476177805,225.01903547850176,226.54367501316779,54146000
2024-09-24,226.5735626220703,228.5466380182851,224.93930782860403,227.8490778167103,43556100
2024-09-25,225.57705688476562,226.49383244586693,223.2352976856936,224.1420985437932,42308700
2024-09-26,226.72303771972656,227.69960067739044,224.62042810744603,226.50380712846774,36636700
2024-09-27,226.99209594726562,228.71604709249937,226.50382203896112,227.65976246799463,34026000
2024-09-30,232.18385314941406,232.18385314941406,228.84558136748996,229.23421467656505,54541900
2024-10-01,225.41763305664062,228.84557057238277,222.9562838134916,228.71603627902877,63285000
2024-10-02,225.98562622070312,226.57355589970402,222.2388023482828,225.09874435066007,32880600
2024-10-03,224.87950134277344,226.0155074417467,222.5377422537936,224.35135909006985,34044200
2024-10-04,226.0055694580078,227.20136306464835,223.3449237414969,227.1017072618697,37245100
2024-10-07,220.91346740722656,224.8994562199718,220.55472780586587,223.7136221153256,39505400
2024-10-08,224.9791717529297,225.1884276449642,222.46799461113406,223.51431968732726,31855700
2024-10-09,228.7359619140625,228.94523301761674,224.0424685900414,224.44106139019914,33591100
2024-10-10,228.2377166748047,228.6961120865482,226.37427173832708,226.98213565099735,28183500
2024-10-11,226.7529296875,228.60641499605356,226.54365859549918,228.49679970126073,31759200
2024-10-14,230.48980712890625,230.91829362955485,227.79926770980506,227.89890830734765,39882100
2024-10-15,233.03086853027344,236.65811760908664,231.5560417756155,232.79170373632726,64751400
2024-10-16,230.96810913085938,231.3069145139278,229.0349022193022,230.78874694170784,34082200
2024-10-17,231.33682250976562,233.0308799404877,229.71254238803704,232.6123377292532,32993800
2024-10-18,234.1768341064453,235.35269346424636,233.19029643777657,235.35269346424636,46431500
2024-10-21,235.6516571044922,236.02037141360947,233.62876897482323,233.62876897482323,36254500
2024-10-22,235.03382873535156,235.3925683333293,231.7852533575211,233.07072804715946,38846600
2024-10-23,229.95169067382812,234.31635331873264,226.96219904424217,233.26006870913344,52287000
2024-10-24,229.76235961914062,230.0114839114603,227.60992208421712,229.17441473320775,31109500
2024-10-25,230.5994110107422,232.40306843409212,228.76585988907573,228.935262581316,38802300
2024-10-28,232.5824432373047,233.9077863541258,231.73542973016842,232.50273684103132,36087100
2024-10-29,232.85150146484375,233.50919327337175,231.50623935322642,232.28350596136286,35417200
2024-10-30,229.29400634765625,232.65219696606212,228.74592985962587,231.79520878623467,47070900
2024-10-31,225.11868286132812,229.02495000446748,224.5805658660821,228.53666090957242,64370100
2024-11-01,222.12918090820312,224.56063636026596,219.4984290694042,220.1959740256502,65276700
2024-11-04,221.23233032226562,222.0095968952219,218.94039900502227,220.21591416091667,44944500
2024-11-05,222.66729736328125,223.1655459656629,220.36539125313263,221.02308305755813,28111300
2024-11-06,221.93984985351562,225.27812143912794,220.41521040716108,221.83023455712816,54561100
2024-11-07,226.68316650390625,227.08177448549134,223.78337136524107,223.8431587611439,42137700
2024-11-08,226.41383361816406,228.10973956989392,225.8651541338214,226.6233197345054,38328800
2024-11-11,223.69039916992188,225.15686291743452,220.96697301971395,224.4585504714927,42005600
2024-11-12,223.69039916992188,225.04712701721013,222.82249764582772,224.00963641496367,40398300
2024-11-13,224.5782470703125,226.10456392944064,222.2239257676591,223.4709176605461,48566200
2024-11-14,227.67079162597656,228.31922131738446,224.45853931227538,224.47849544461576,44923900
2024-11-15,224.4585418701172,226.3739196007606,223.73030286311794,225.8551667084814,47923700
2024-11-18,227.4712677001953,229.18712968944305,224.62812021676072,224.70792952115227,44686000
2024-11-19,227.73065185546875,229.60613257977118,226.11455519341968,226.43377721041003,36211800
2024-11-20,228.44891357421875,229.37666823104936,225.34639715216647,227.51117324017346,35169600
2024-11-21,227.97007751464844,229.60613029336434,225.16684213362325,228.3292117939797,42108300
2024-11-22,229.3168182373047,230.16477882059493,227.51117639639193,227.51117639639193,38168300
2024-11-25,232.30960083007812,232.68869124314412,229.1871434272115,230.9030055193102,90152800
2024-11-26,234.49432373046875,235.00310615337486,232.76849125195545,232.76849125195545,45986200
2024-11-27,234.36463928222656,235.12282010257627,233.24733940643014,233.9057547855541,33498400
2024-11-29,236.7588653564453,237.2377059705746,233.40695061340287,234.24492549364632,28481400
2024-12-02,239.013427734375,240.21053691361496,236.58928278806928,236.69901868412032,48137100
2024-12-03,242.06607055664062,242.1758064568113,238.32509471728144,239.232908507596,38861000
2024-12-04,242.42520141601562,243.5225604021956,240.66944226019712,242.28553892887177,44383900
2024-12-05,242.4551239013672,243.95151419061432,241.54732536132988,243.40284992887905,40033900
2024-12-06,242.25559997558594,244.04130085085734,241.49743440151175,242.32543882662802,36870600
2024-12-09,246.1562042236328,246.64503053466012,241.16823655952678,241.24804586880077,44649200
2024-12-10,247.1737518310547,247.612695417372,244.7495916510093,246.2958646584201,36914800
2024-12-11,245.89683532714844,250.19646101706442,245.66737785476369,247.3632990378159,45205800
2024-12-12,247.36329650878906,248.1414182384854,245.08876927344312,246.2958641332418,32777500
2024-12-13,247.5328826904297,248.69007959411312,245.647431564018,247.223631137632,33155300
2024-12-16,250.43588256835938,250.77507595019196,247.05404098232512,247.3932343641577,51694800
2024-12-17,252.8699951171875,253.21915892963332,249.1789022262073,249.47818331943677,51356400
2024-12-18,247.4530792236328,253.66808268004456,247.14382766353577,251.55318925842403,56774100
2024-12-19,249.1888885498047,251.3935770141874,246.49538898335234,246.90440599607692,60882300
2024-12-20,253.87759399414062,254.3863612366688,245.09876750312787,247.44310326755718,147495300
2024-12-23,254.6557159423828,255.03479114956258,252.8400883307868,254.15691915529422,40858800
2024-12-24,257.57867431640625,257.58862955018265,254.67565812568793,254.87518901917565,23234700
2024-12-26,258.39666748046875,259.47408555117545,257.0100282923795,257.56867823862046,27237100
2024-12-27,254.9749298095703,258.0774615569102,252.4510193654514,257.20952960207876,42355300
2024-12-30,251.59307861328125,252.88995321263158,250.14657107718884,251.62300520062965,35557500
2024-12-31,249.81736755371094,252.67048563095815,248.82974448856297,251.83251072711272,39480700
2025-01-02,243.26319885253906,248.5005651105234,241.23808511721737,248.3309608077005,55740700
2025-01-03,242.7743682861328,243.5923870862029,241.3079045417172,242.7743682861328,40244100
2025-01-06,244.41041564941406,246.73481040856498,242.61474424512696,243.72207367593157,45045600
2025-01-07,241.62713623046875,244.9590949760797,240.76920518354387,242.3952722906863,40856000
2025-01-08,242.11595153808594,243.12353076570005,239.47233471944105,241.33782978685954,37628900
2025-01-10,236.28004455566406,239.58207685657038,232.43930319937854,239.43242868693397,61710900
2025-01-13,233.83592224121094,234.10527676213235,229.16719172961072,232.96802072299363,49630700
2025-01-14,232.71861267089844,235.55177458449063,231.9105643637605,234.1850763475817,39435300
2025-01-15,237.2975616455078,238.38495013235746,233.86583756026477,234.07533889356793,39832000
2025-01-16,227.710693359375,237.4372302632713,227.4812511099753,236.77883010316478,71759100
2025-01-17,229.4265594482422,231.73099810398455,227.93016912923343,231.5614090278119,68488300
2025-01-21,222.10421752929688,223.87993275191027,218.85206818023312,223.46094530610958,98070400
2025-01-22,223.29136657714844,223.58066200952604,219.26108010259503,219.26108010259503,64126500
2025-01-23,223.1217803955078,226.4836658384098,221.76505253825962,224.19918327232872,60234800
2025-01-24,222.24388122558594,225.08702882156655,220.877182986192,224.23906824814947,54697900
2025-01-27,229.30685424804688,231.59133678218907,223.44099929694335,223.4809115633434,94863400
2025-01-28,237.68663024902344,239.61199368769647,230.25456145518996,230.2944737209622,75707600
2025-01-29,238.7839813232422,239.28277807440017,233.446849997024,233.55658589116152,45486100
2025-01-30,237.0182342529297,240.21053038482776,236.63915907674937,238.09563705158317,55658300
2025-01-31,235.4320831298828,246.59515764263173,232.87824601959832,246.59515764263173,101075100
2025-02-03,227.46128845214844,231.27210292869276,225.1568499027089,229.4365345420127,73063300
2025-02-04,232.23977661132812,232.5689843025687,226.10456727432145,226.70312948058964,45067300
2025-02-05,231.91058349609375,232.11009917003332,227.7206934550818,227.98006230899622,39620300
2025-02-06,232.6587677001953,233.23737378273856,229.875473186273,230.7334042435517,29925300
2025-02-07,227.08221435546875,233.43688010961284,226.71309440770742,232.04025529180169,39707200
2025-02-10,227.3518524169922,230.2880044885276,226.90244480659103,229.26935130196645,33115600
2025-02-11,232.3153533935547,234.92193591818142,227.83124330015124,227.90114370319637,53718400
2025-02-12,236.55978393554688,236.64967765066982,230.377888084301,230.89721134547665,45243300
2025-02-13,241.21368408203125,242.02262084431055,235.2614980047627,236.5997394445533,53614100
2025-02-14,244.2796630859375,245.22841586050225,240.67439035154717,240.93404435379279,40896200
2025-02-18,244.14984130859375,244.85890295305822,241.52328070167576,243.83025306858283,48822500
2025-02-19,244.54930114746094,245.68780753699892,242.84154918255663,244.33958470767533,32204200
2025-02-20,245.508056640625,246.4568094488268,243.9700649298591,244.61922281669615,32316900
2025-02-21,245.22842407226562,248.36431123309396,244.89885442060717,245.6278941258364,53197400
2025-02-24,246.77639770507812,248.53408727873096,244.09989957647335,244.609226181644,51326400
2025-02-25,246.71646118164062,249.67259136851834,244.58926106556868,247.67521063757022,48013300
2025-02-26,240.0452117919922,244.65915630674968,238.8168269352331,244.01001367840516,44433600
2025-02-27,236.98922729492188,242.14247324939222,236.74953612071198,239.09646458024955,41153600
2025-02-28,241.5232696533203,241.77294223985544,229.89851463379637,236.63967447024518,56833400
2025-03-03,237.71826171875,243.71040379171194,235.80077808405883,241.47333193183624,47184000
2025-03-04,235.6210174560547,239.75561031847352,234.3726544629493,237.39870037793833,53798100
2025-03-05,235.4312744140625,236.2402111793479,228.92979032203158,235.11168617953675,47227600
2025-03-06,235.0218048095703,237.54849020730907,232.8546485518437,234.13297099659667,45170400
2025-03-07,238.7569122314453,241.05388787370777,234.45254396930395,234.80209169163373,46273600
2025-03-10,227.1820831298828,235.85072354308846,223.92635798057333,235.23152514577004,72071200
2025-03-11,220.55078125,225.54423318142804,217.16522145004404,223.51689291637274,76137400
2025-03-12,216.69583129882812,221.4595886104368,214.6285501658544,219.85169651198805,62547500
2025-03-13,209.4053955078125,216.55602242060417,208.14705109128238,215.6671885752157,61368300
2025-03-14,213.21041870117188,213.66980775083542,209.30553558500114,210.97334672214788,60107600
2025-03-17,213.71974182128906,214.93814530685134,209.69502079955336,213.0306430192638,48073400
2025-03-18,212.4114532470703,214.8682229774316,211.21302787332291,213.87952928252258,42432400
2025-03-19,214.95811462402344,218.47349365471302,213.470060528986,213.93944620866878,54385400
2025-03-20,213.81961059570312,217.20517028159983,211.94206785632258,213.70975404736055,48862900
2025-03-21,217.98414611816406,218.5533916912833,211.0032951126973,211.2829271905112,94127800
2025-03-24,220.44091796875,221.1899357355996,218.29373979930335,220.71056863168138,44299500
2025-03-25,223.45697021484375,223.80651793975238,219.79177838679217,220.48087718007702,34493600
2025-03-26,221.2398681640625,224.7253029108424,220.18125884970436,223.21727075576553,34466100
2025-03-27,223.5568389892578,224.69534536875565,220.271139232742,221.1000540446544,37094800
2025-03-28,217.6146240234375,223.51688772665744,217.39491092445158,221.3796909591809,39818600
2025-03-31,221.83909606933594,225.32451569687797,215.9468137615173,216.72579102857173,65299300
2025-04-01,222.897705078125,223.3870536043053,218.61331487709137,219.5221267668628,36412700
2025-04-02,223.59678649902344,224.89508702876748,220.73055001137135,221.03016017035932,35905900
2025-04-03,202.9239044189453,207.2182761783418,200.9864426085102,205.27081771109022,103419000
2025-04-04,188.13330078125,199.61824028069563,187.09465424061224,193.6360793511012,125910900
2025-04-07,181.2223663330078,193.89573468350994,174.39131242893686,176.967935484531,160466300
2025-04-08,172.19419860839844,190.09072892121037,168.9884109270566,186.4554964395268,120859500
2025-04-09,198.58958435058594,200.3472738997123,171.6648855169899,171.72480450043201,184395900
2025-04-10,190.17062377929688,194.52491452460524,182.76034285398336,188.82240088513313,121880000
2025-04-11,197.89048767089844,199.27866665425725,185.81632494094944,185.856281088865,87435900
2025-04-14,202.25477600097656,212.6611277249045,200.8965565016436,211.1630921847052,101352900
2025-04-15,201.87527465820312,203.24347561495443,199.53834280484799,201.59564256833872,51343900
2025-04-16,194.0155792236328,200.4371508814261,192.11805840887246,198.10021911176236,59732400
2025-04-17,196.72203063964844,198.56961397436802,194.16538565496842,196.94174374665747,51334300
2025-04-21,192.9070281982422,193.54618940120912,189.56140949031536,193.01688474432112,46742500
2025-04-22,199.47842407226562,201.32599215129426,195.71335703344474,195.8631544964882,52976400
2025-04-23,204.33206176757812,207.7276030292648,202.5344160012944,205.7302222309065,52929200
2025-04-24,208.09710693359375,208.5565112075726,202.67422555441442,204.62166872266098,47311000
2025-04-25,209.00592041015625,209.47530610539675,205.92995222724628,206.0997277622984,38222300
2025-04-28,209.8647918701172,211.2230113707532,207.1883090170199,209.72497582911666,38743100
2025-04-29,210.9333953857422,211.96204522644123,208.09710321217068,208.41669143858087,36827600
2025-04-30,212.22171020507812,213.30029766677714,206.399343338795,209.02590396975114,52286500
2025-05-01,213.04063415527344,214.2790004444518,208.62640936955898,208.80618155790114,57365700
2025-05-02,205.08106994628906,206.71892151455646,201.89524528415058,205.82009105417706,101010600
2025-05-05,198.62953186035156,203.83271551835597,197.9504297070337,202.83402512431957,69018500
2025-05-06,198.25001525878906,200.38721199140494,196.7619763948813,197.9504203457911,51216500
2025-05-07,195.99298095703125,199.1788056079939,192.99690991055434,198.90915494694545,68536700
2025-05-08,197.2313690185547,199.78801395815432,194.42503624466005,197.46106353953903,50478900
2025-05-09,198.27000427246094,200.2773664943336,197.28129528859796,198.739389980464,36453900
2025-05-12,210.7899932861328,211.27000427246094,206.75,210.97000122070312,63775800
2025-05-13,212.92999267578125,213.39999389648438,209.0,210.42999267578125,51909300
2025-05-14,212.3300018310547,213.94000244140625,210.5800018310547,212.42999267578125,49325800
2025-05-15,211.4499969482422,212.9600067138672,209.5399932861328,210.9499969482422,45029500
2025-05-16,211.25999450683594,212.57000732421875,209.77000427246094,212.36000061035156,54737900
2025-05-19,208.77999877929688,209.47999572753906,204.25999450683594,207.91000366210938,46140500
2025-05-20,206.86000061035156,208.47000122070312,205.02999877929688,207.6699981689453,42496600
2025-05-21,202.08999633789062,207.0399932861328,200.7100067138672,205.1699981689453,59211800
2025-05-22,201.36000061035156,202.75,199.6999969482422,200.7100067138672,46742400
2025-05-23,195.27000427246094,197.6999969482422,193.4600067138672,193.6699981689453,78432900
2025-05-27,200.2100067138672,200.74000549316406,197.42999267578125,198.3000030517578,56288500
2025-05-28,200.4199981689453,202.72999572753906,199.89999389648438,200.58999633789062,45339700
2025-05-29,199.9499969482422,203.80999755859375,198.50999450683594,203.5800018310547,51477900
2025-05-30,200.85000610351562,201.9600067138672,196.77999877929688,199.3699951171875,70753100
