2020-01-02,72.62084197998047,72.68128882574726,71.37321819790198,71.62709199861638,135480400
2020-01-03,71.914794921875,72.67642344169198,71.68993450360992,71.84709477297488,146322800
2020-01-06,72.48784637451172,72.52653323692198,70.78324846628296,71.03470938256737,118387200
2020-01-07,72.14694213867188,72.75382346407903,71.92691473047077,72.49752942348555,108872000
2020-01-08,73.30750274658203,73.60973691556963,71.84952541053639,71.84952541053639,132079200
2020-01-09,74.8646469116211,75.05807391388103,74.03531775575006,74.28677138293455,170108400
2020-01-10,75.03387451171875,75.59966347515947,74.53096000715122,75.09916182683553,140644800
2020-01-13,76.63692474365234,76.66352519200935,75.23214067732687,75.35062150930146,121532000
2020-01-14,75.6020736694336,76.78441745974806,75.47876712733354,76.57406362681236,161954400
2020-01-15,75.278076171875,76.28391248020361,74.84527472915032,75.40139008732662,121923600
2020-01-16,76.22103881835938,76.33226630764163,75.45941017193344,75.82209118249474,108829200
2020-01-17,77.06488037109375,77.06729322689777,76.16301095015437,76.47007821096346,137816400
2020-01-21,76.5426254272461,77.1350000250309,76.40480486276103,76.69253240808335,110843200
2020-01-22,76.81585693359375,77.3695447452734,76.72155630946642,77.02862363912672,101832400
2020-01-23,77.18578338623047,77.26556997023165,76.3201804851689,76.86904252755714,104472000
2020-01-24,76.96332550048828,78.17709525774193,76.77231144105775,77.43239351756245,146537600
2020-01-27,74.7002182006836,75.38205304274135,73.71614173787451,74.96859866575934,161940000
2020-01-28,76.81343078613281,76.98509775416542,75.48360024038988,75.58273394834251,162234000
2020-01-29,78.42132568359375,79.2700018323593,77.70563703421264,78.44792613497704,216229200
2020-01-30,78.30767822265625,78.36087174184341,77.06972800749904,77.50252948730524,126743200
2020-01-31,74.83562469482422,78.01996079771159,74.54064375527754,77.59683282419269,199588400
2020-02-03,74.63009643554688,75.79792627872014,73.0729850588055,73.57589958168212,173788400
2020-02-04,77.09391021728516,77.2849243200521,75.83177975550196,76.23798079684781,136616400
2020-02-05,77.7225570678711,78.52287271376575,77.11808861152979,78.22305134186004,118826800
2020-02-06,78.63167572021484,78.63409595534088,77.43483255655748,77.99336084201738,105425600
2020-02-07,77.56285858154297,78.37961468469555,77.07086561575886,78.12998293153962,117684000
2020-02-10,77.93124389648438,77.93124389648438,76.06506702253098,76.14504296724274,109348800
2020-02-11,77.46107482910156,78.50080665271824,77.24295118542182,78.42810123691775,94323200
2020-02-12,79.30059814453125,79.30544270651585,77.91186562118695,77.91186562118695,113730400
2020-02-13,78.73588562011719,79.06307473499535,78.36749924118695,78.5710817713545,94747600
2020-02-14,78.75527954101562,79.00491129587996,78.24631951175783,78.70437836069574,80113600
2020-02-18,77.31321716308594,77.494988049833,76.24924802244713,76.43101890919421,152531200
2020-02-19,78.43294525146484,78.66319139368892,77.55559872430071,77.55559872430071,93984000
2020-02-20,77.62830352783203,78.68257641893778,77.12176941520916,78.19300936850892,100566000
2020-02-21,75.87116241455078,77.66464101568167,75.25314438056381,77.22111592621015,129554000
2020-02-24,72.26725769042969,73.72142482703582,70.09812948275813,72.04428953806494,222195200
2020-02-25,69.81941223144531,73.3215345796045,69.34681232251152,72.93860713253768,230673600
2020-02-26,70.92700958251953,72.19456142629366,69.43648955817032,69.44376009892217,198054800
2020-02-27,66.29064178466797,69.31531263503878,66.154920085896,68.12774407264509,320605600
2020-02-28,66.25186157226562,67.4757902084099,62.134146685522694,62.34985172812334,426510000
2020-03-02,72.41992950439453,73.05734046709884,67.30853410090411,68.41370027483313,341397200
2020-03-03,70.11994171142578,73.6778022281249,69.26682558358837,73.59782628927844,319475600
2020-03-04,73.37244415283203,73.53240346907992,71.04335603675204,71.84557120107807,219178400
2020-03-05,70.99244689941406,72.59929546384136,70.62647911575432,71.62258011074542,187572800
2020-03-06,70.04964447021484,70.48347300946683,68.15923041604361,68.34584584309786,226176800
2020-03-09,64.5093002319336,67.39824232728182,63.74101177856693,63.92278272470353,286744800
2020-03-10,69.15535736083984,69.42195621190889,65.2848479487525,67.16799957236155,285290000
2020-03-11,66.75355529785156,68.15682896396041,65.88832388635639,67.22858865883606,255598800
2020-03-12,60.16131591796875,65.43751995097615,60.105573880896614,62.02992228152743,418474000
2020-03-13,67.36914825439453,67.84175558934598,61.30526952735632,64.19906676832508,370732000
2020-03-16,58.70230484008789,62.79093319087167,58.1666849886367,58.63928856454173,322423600
2020-03-17,61.283451080322266,62.434663042742706,57.77890662120889,59.98681722549025,324056000
2020-03-18,59.78322982788086,60.59029297407206,57.46867989664371,58.110939221051666,300233600
2020-03-19,59.325172424316406,61.278603044823406,58.79924908019055,59.95773528488038,271857200
2020-03-20,55.55889129638672,61.03383075218806,55.25836203120277,59.9068487813525,401693200
2020-03-23,54.37858200073242,55.379534953760505,51.52841558126917,55.27774369215165,336752800
2020-03-24,59.83412551879883,60.030437470484934,56.785221623388836,57.28448503092087,287531200
2020-03-25,59.504520416259766,62.58977733010226,59.20883946854917,60.77206840473627,303602000
2020-03-26,62.63583755493164,62.6940018839561,59.70811342087556,59.74689210565115,252087200
2020-03-27,60.04256057739258,62.01295447288908,59.87533077006206,61.25678876823437,204216800
2020-03-30,61.75605392456055,61.92813199578418,60.44487900563897,60.76964580920623,167976400
2020-03-31,61.630027770996094,63.61738886653712,61.07502225152622,61.94752404866054,197002000
2020-04-01,58.38724136352539,60.28008186649483,57.95583869541803,59.74203967177421,176218400
2020-04-02,59.361534118652344,59.41485388495063,57.415373743181505,58.24909696369412,165934000
2020-04-03,58.50841522216797,59.548143090432646,57.91705333235699,58.845297125214294,129880000
2020-04-06,63.61253356933594,63.767640864717485,60.44002689202477,60.80841319029708,201820400
2020-04-07,62.87575912475586,65.84953553567023,62.7715455925078,65.63140455674476,202887200
2020-04-08,64.48502349853516,64.80008998881885,63.31199659211882,63.67795684548158,168895200
2020-04-09,64.95037841796875,65.45449387759112,64.15301536095346,65.12246020269797,161834800
2020-04-13,66.22517395019531,66.3342394092634,64.42685124218254,65.0279094634743,131022800
2020-04-14,69.56976318359375,69.86059951388755,67.38851289521565,67.8611200828743,194994800
2020-04-15,68.93480682373047,69.39529170786052,68.01383705547038,68.44281379449058,131154400
2020-04-16,69.4825210571289,69.84848877293005,68.43067451777503,69.64975084803966,157125200
2020-04-17,68.53975677490234,69.5455618535008,67.1001303953059,68.99782307580948,215250000
2020-04-20,67.11708068847656,68.26829630867668,67.09769504818215,67.36429382895744,130015200
2020-04-21,65.04246520996094,67.19463355650954,64.3299227872178,66.95954292864836,180991600
2020-04-22,66.91593170166016,67.35217892207115,65.9707244599182,66.31244725801642,116862400
2020-04-23,66.65660095214844,68.28526852206619,66.61782227235553,66.86018347385354,124814400
2020-04-24,68.58096313476562,68.59065965571317,67.13406617796697,67.18254138642631,126161200
2020-04-27,68.62942504882812,68.96145871324816,67.84902167998845,68.29738398813116,117087600
2020-04-28,67.51699829101562,69.27411747115775,67.42490722272382,69.09234652148788,112004800
2020-04-29,69.73458862304688,70.20476992848462,68.80392253083471,69.00750504510519,137280800
2020-04-30,71.20570373535156,71.38263003955775,69.88483989033415,70.27503779613664,183064000
2020-05-01,70.05935668945312,72.46600172757337,69.27895329807433,69.37589630273538,240616800
2020-05-04,71.05059814453125,71.17904926274149,69.39284870721828,70.08357948850092,133568000
2020-05-05,72.11699676513672,72.95071986963468,71.36567557958281,71.51109377618626,147751200
2020-05-06,72.86103820800781,73.49359729836429,72.43448019085427,72.81983355560175,142333600
2020-05-07,73.61479949951172,73.96138168836862,73.18582277419723,73.488774319377,115215200
2020-05-08,75.36693572998047,75.4203998179442,73.94771597783995,74.27579072596755,133838400
2020-05-11,76.55288696289062,77.048636946995,74.66463767418456,74.8736364220834,145946400
2020-05-12,75.6780014038086,77.6901839023614,75.55649278090975,77.23816796870288,162301200
2020-05-13,74.76426696777344,76.78131490249868,73.68526961866718,75.85784476081635,200622400
2020-05-14,75.22357177734375,75.28432609802991,73.27700096934342,74.0011951417901,158929200
2020-05-15,74.77883911132812,74.82501298410193,72.95620965856679,72.9902356348415,166348400
2020-05-18,76.54072570800781,76.91497442156756,75.41312930756065,76.10573008655975,135178400
2020-05-19,76.09844207763672,77.40586894249013,76.06684864153235,76.55774092537845,101729600
2020-05-20,77.57841491699219,77.6488845938643,76.91983269792289,76.95871635566236,111504800
2020-05-21,77.00000762939453,77.98179927461916,76.76184808396121,77.4398682042287,102688800
2020-05-22,77.49578857421875,77.57841356436222,76.63550527544366,76.73756838596826,81803200
2020-05-26,76.97087097167969,78.79592582486933,76.91497432363046,78.61609539871866,125522000
2020-05-27,77.30622100830078,77.4520328550853,76.08627697001077,76.82748410104101,112945200
2020-05-28,77.34022521972656,78.6014851025523,76.70352133146933,76.98055708772252,133560800
2020-05-29,77.26490783691406,78.0449911609041,76.90767216991519,77.58325985255884,153532400
2020-06-01,78.21511840820312,78.33662705652523,77.08751459195024,77.21874600870194,80791200
2020-06-02,78.57721710205078,78.60152031661278,77.50550986167497,77.94780315128399,87642800
2020-06-03,79.00978088378906,79.27224371259338,78.32447033961016,78.89799500589793,104491200
2020-06-04,78.32933044433594,79.13128449132041,77.95508176147044,78.83237798726375,87560400
2020-06-05,80.56024169921875,80.62099602930866,78.5504911297126,78.57965202154774,137250400
2020-06-08,81.03652954101562,81.07055551560038,79.54440749293843,80.25644625054122,95654400
2020-06-09,83.59551239013672,83.98919920003063,80.68417010070951,80.71576353395018,147712400
2020-06-10,85.74622344970703,86.21524505993106,84.10585667073434,84.54571739149566,166651600
2020-06-11,81.62950134277344,85.31364412865861,81.52743824020874,84.88836389660872,201662400
2020-06-12,82.3342514038086,84.52140692132026,81.22123552584637,83.77291696294331,200146000
2020-06-15,83.35249328613281,84.00621035316378,80.82268254803616,80.98550738644816,138808800
2020-06-16,85.56153106689453,85.83371668323046,83.7729272287711,85.41086152161019,165428800
2020-06-17,85.44242858886719,86.36832365901888,85.32091997161581,86.3075693503932,114406400
2020-06-18,85.47645568847656,85.89444563398415,84.8664800486173,85.39868839249898,96820400
2020-06-19,84.9880142211914,86.65025173694244,83.87742333103371,86.18366265338062,264476000
2020-06-22,87.21162414550781,87.3550034738647,85.33553014482946,85.3817040287766,135445200
2020-06-23,89.07313537597656,90.49478813930877,88.03787925009263,88.45830187116142,212155600
2020-06-24,87.50078582763672,89.62232897813153,87.12653720580805,88.70129157263592,192623200
2020-06-25,88.66241455078125,88.70129820159251,86.89568177427711,87.65632697012038,137522400
2020-06-26,85.9382095336914,88.77908238211344,85.78996512327025,88.55793574774712,205256800
2020-06-29,87.91878509521484,88.01356538759049,85.36710383418715,85.84584813886048,130646000
2020-06-30,88.65270233154297,88.93946836335702,87.48622233361435,87.50566045318362,140223200
2020-07-01,88.48502349853516,89.27482970528494,88.43642448943781,88.73047333907931,110737200
2020-07-02,88.48502349853516,90.03061734729651,88.37081248982172,89.39391322261687,114041600
2020-07-06,90.85201263427734,91.32103421004693,89.88480117911871,89.91639461248228,118655600
2020-07-07,90.57009887695312,92.0111893796949,90.45831301928035,91.2311060890885,112424400
2020-07-08,92.67949676513672,92.71109019742121,91.46197784699565,91.549467922268,117092000
2020-07-09,93.07804870605469,93.62726270349853,92.02821230000306,93.5737986064413,125642800
2020-07-10,93.2408676147461,93.29919680465662,92.05980720131565,92.67220807313528,90257200
2020-07-13,92.81072998046875,97.16317034048585,92.59687358818513,94.54830204332501,191649200
2020-07-14,94.34659576416016,94.53857406439258,91.25541584676947,92.19102638698895,170989200
2020-07-15,94.99545288085938,96.47542722006055,93.79494692925732,96.22511971933456,153198000
2020-07-16,93.8265380859375,94.68438876337166,93.22628512469839,93.86542173959128,110577600
2020-07-17,93.6369857788086,94.43408214536427,93.16309912532118,94.27855494560396,92186800
2020-07-20,95.61028289794922,95.74880452196625,93.37938613595313,93.72447392303613,90318000
2020-07-21,94.29070281982422,96.47785829760365,94.04039532290807,96.4025235355618,103433200
2020-07-22,94.55558776855469,95.23846569726479,93.90430327124304,93.9917859277632,89001600
2020-07-23,90.25173950195312,94.36601940031956,89.44006284876363,94.28825210729251,197004400
2020-07-24,90.0281753540039,90.37326313898976,86.65509447529368,88.44613797665554,185438800
2020-07-27,92.16188049316406,92.25422825579042,90.86903406529393,91.09260583305284,121214000
2020-07-28,90.64785766601562,91.90911765979025,90.64299257507496,91.73171241529057,103625600
2020-07-29,92.38543701171875,92.57013249165894,91.09501603040513,91.13146713399918,90329200
2020-07-30,93.50332641601562,93.60782206135195,91.14848849561243,91.55675572597188,158130000
2020-07-31,103.29207611083984,103.44274565146054,98.00887492267535,100.01134253408772,374336800
2020-08-03,105.89476776123047,108.51935112132352,104.87895742584206,105.1778638999422,308151200
2020-08-04,106.60196685791016,107.69554467867292,105.36014463163505,106.08433883614123,173071600
2020-08-05,106.98835754394531,107.30914213352884,105.855896128936,106.32249256981191,121776800
2020-08-06,110.72108459472656,111.21684185628432,106.73074554314383,107.32127567476975,202428800
2020-08-07,108.20376586914062,110.69918395823287,107.40523237781791,110.24148657363267,198045600
2020-08-10,109.77649688720703,110.79657580812425,107.12039705946748,109.65233223130258,212403600
2020-08-11,106.51176452636719,109.53791413310383,106.25126539914736,109.03883340833443,187902400
2020-08-12,110.05158996582031,110.30965211624508,107.41009717699765,107.6048585408266,165598000
2020-08-13,111.9992446899414,113.00471686377213,110.94507845537643,111.43442627597457,210082000
2020-08-14,111.8994140625,111.98949137768707,110.08566824114567,111.82394347790165,165565200
2020-08-17,111.60728454589844,113.04854413558671,110.9791727292724,113.02419710369587,119561600
2020-08-18,112.53727722167969,112.96332424198891,111.0229840865938,111.35895378278491,105633600
2020-08-19,112.67847442626953,114.09538682492261,112.58353067113143,112.9462768876478,145538000
2020-08-20,115.17876434326172,115.2931886914799,112.7028193742301,112.71986303729176,126907200
2020-08-21,121.11421203613281,121.59868597251888,116.1282420708619,116.14041187069935,338054800
2020-08-24,122.56275177001953,125.4136198889964,120.69301605778207,125.32840158232875,345937600
2020-08-25,121.55729675292969,121.90300674261194,119.83119859572422,121.43313953220415,211495600
2020-08-26,123.2103500366211,123.66804740538558,121.8080444692864,122.87681730695134,163022400
2020-08-27,121.73747253417969,124.14768014650426,120.59079194716,123.81414734892694,155552400
2020-08-28,121.54026794433594,123.13246125062976,121.31628565950032,122.71371757611423,187630000
2020-08-31,125.66191864013672,127.57061530029509,122.70150784608535,124.24014758473604,225702700
2020-09-01,130.6674041748047,131.27118380524524,127.11296048915095,129.28457897882038,151948100
2020-09-02,127.96014404296875,134.36789154079634,123.67533522306981,133.9881017356659,200119000
2020-09-03,117.71556091308594,125.46718052250692,117.34551135279557,123.58771183000317,257599600
2020-09-04,117.79349517822266,120.46176508229962,107.98710902184868,116.9267942886173,332607200
2020-09-08,109.86656951904297,115.87504793239557,109.7302350684399,110.96698542167366,231366600
2020-09-09,114.248779296875,116.02113476904711,112.24270866069972,114.19035236329198,176940500
2020-09-10,110.51903533935547,117.3455283202875,109.55495382599455,117.20919386101103,182274400
2020-09-11,109.06803131103516,112.21347869736357,107.12038789476668,111.57075280375336,180860300
2020-09-14,112.34007263183594,112.89515070723368,109.84709144123131,111.71682733418477,140150100
2020-09-15,112.5153579711914,115.71923219486175,110.6358818287243,115.23232135411556,184642000
2020-09-16,109.19463348388672,112.96332644603498,109.10699308995494,112.21348694471548,154679000
2020-09-17,107.45148468017578,109.26279366804528,105.86415795625577,106.847719970666,178011000
2020-09-18,104.04310607910156,107.97734660906691,103.31273980959568,107.50991635719829,287104900
2020-09-21,107.19829559326172,107.30541657570868,100.40101679009732,101.80332242964299,195713800
2020-09-22,108.88298797607422,109.90550360218784,106.30236674480757,109.73021542141605,183055400
2020-09-23,104.31578063964844,109.17514872406446,103.97493710920857,108.69797818298632,150718700
2020-09-24,105.3869857788086,107.36384264511429,102.25127870963266,102.41682661585128,167743300
2020-09-25,109.3406982421875,109.49651327893982,104.85137965372228,105.591486218956,149981400
2020-09-28,111.95055389404297,112.30113033847593,109.82762206038593,111.9992479561973,137672400
2020-09-29,111.10332489013672,112.29138866733861,110.5969408264079,111.55128945340192,99382200
2020-09-30,112.77828979492188,114.19033573143906,110.64562530338286,110.81117321087004,142675200
2020-10-01,113.7326431274414,114.63829765255329,112.79777513856307,114.56039012939586,116120400
2020-10-02,110.06132507324219,112.3498120079921,109.28227217240111,109.93473092714387,144712000
2020-10-05,113.45022583007812,113.59630056815382,110.57745484315866,110.9280312426724,106243800
2020-10-06,110.19766235351562,113.08017356879807,109.31148107875158,112.67116282600794,161498200
2020-10-07,112.06742095947266,112.5251184204905,111.1422857385701,111.61946379732167,96849000
2020-10-08,111.96027374267578,113.35283896768823,111.59021676910432,113.20676423757683,83477200
2020-10-09,113.90795135498047,113.93716482388015,111.91161344388998,112.26218993002949,100506900
2020-10-12,121.14342498779297,121.90300475026318,116.1574550435818,116.91703480605202,240226800
2020-10-13,117.92980194091797,122.10749776807862,116.5177635009862,121.99063649380032,262330500
2020-10-14,118.01744842529297,119.809276699368,116.48854872829669,117.83241993385298,150712000
2020-10-15,117.55001831054688,118.02718887052616,115.05703709797092,115.61211517826072,112559200
2020-10-16,115.90425109863281,118.36802614774093,115.69974944089714,118.10509013803102,115393800
2020-10-19,112.94384002685547,117.26760316923634,112.63221739110126,116.81964609469402,120639300
2020-10-20,114.43379211425781,115.8653112278617,112.60300253020057,113.15808061203983,124423700
2020-10-21,113.8105239868164,115.6023520216222,113.40151330089891,113.61575522455365,89946000
2020-10-22,112.71988677978516,114.94993985904085,111.59024979095489,114.37538106515743,101988000
2020-10-23,112.0284652709961,113.49893832846799,111.2883585929103,113.34312326795687,82572600
2020-10-26,112.03820037841797,113.49893306950727,109.92500143875907,111.02542482103557,111850700
2020-10-27,113.54762268066406,114.20982181518612,111.54155210976087,112.46667986652261,92276800
2020-10-28,108.28897094726562,112.4082400407623,108.19159026240904,112.03819046643926,143937800
2020-10-29,112.30111694335938,113.86897045793137,109.26279059723784,109.42834593101287,146129200
2020-10-30,106.01024627685547,109.0583059665517,104.90008997174331,108.15265135662641,190272600
2020-11-02,105.92256927490234,107.78257204642945,104.5105309652701,106.2536724733026,122866900
2020-11-03,107.5488510131836,108.57135915106765,105.88361710605649,106.78927141656442,107624400
2020-11-04,111.94080352783203,112.56404883306527,109.40886854661319,111.15201031363652,138235500
2020-11-05,115.91400146484375,116.48856015953854,113.81055035278919,114.86227219398131,126387100
2020-11-06,115.7823257446289,116.27982636729172,113.28503575822147,115.42138735344203,114457900
2020-11-09,113.4703598022461,119.0014527698893,113.20697761247202,117.54795729060733,154515300
2020-11-10,113.12895965576172,114.70926801417983,111.3340322401338,112.7192506326525,138023400
2020-11-11,116.5627212524414,116.69929092457168,113.58744488961582,114.31907132280901,112295000
2020-11-12,116.28955841064453,117.57722037517925,115.66523790920269,116.68951768570216,103162300
2020-11-13,116.3383560180664,116.73830791782815,114.98240900346639,116.51394665375146,81581900
2020-11-16,117.35287475585938,118.0259659670156,115.25554430373279,116.00667744857009,91183000
2020-11-17,116.46515655517578,117.71379763887923,116.0456904933859,116.62124041188267,74271000
2020-11-18,115.13847351074219,116.88462258409794,115.10920964823985,115.70426632741369,76322100
2020-11-19,115.73352813720703,116.14323708994871,113.94835813134821,114.70924831286501,74113000
2020-11-20,114.46537780761719,115.86034568136424,114.41660718303845,115.73353312647382,73604300
2020-11-23,111.06088256835938,114.73852865880856,110.96333387323223,114.30930546926308,127959300
2020-11-24,112.34854888916016,113.01189046027503,109.83175227147532,111.1194218881883,113874200
2020-11-25,113.18746185302734,113.88982427274503,112.34852978975202,112.71922520154047,76499200
2020-11-27,113.73374938964844,114.61170248347958,113.37281849287028,113.71424262866907,46691300
2020-11-30,116.13347625732422,118.00643766892851,113.94834716796547,114.10443100684269,169410200
2020-12-01,119.71358489990234,120.44521126709455,117.06997585287974,118.04547767580269,127728200
2020-12-02,120.06475830078125,120.34765470402952,117.92840706667509,119.03072137520432,89004200
2020-12-03,119.9281997680664,120.74761774931302,119.21608014318339,120.49398518452733,78967600
2020-12-04,119.25508880615234,119.85014546839597,118.54296925474208,119.59651292977875,78260400
2020-12-07,120.71833801269531,121.51824912647388,119.25508543072324,119.31361315240613,86712000
2020-12-08,121.3329086303711,121.91821565194306,120.0745104419721,121.32315897116939,82225500
2020-12-09,118.79661560058594,122.86445658019646,118.03572533878697,121.47924572192201,115089200
2020-12-10,120.22084045410156,120.83541135490303,117.20654344679436,117.54796759030177,81312200
2020-12-11,119.41118621826172,119.75261038065898,117.5967521638208,119.43069298076075,86939800
2020-12-14,118.79661560058594,120.32815322670372,118.56249723752978,119.5965268299757,79184500
2020-12-15,124.74717712402344,124.76669132932152,121.08904509194299,121.29389959264086,157243700
2020-12-16,124.67887878417969,125.22515739352977,123.4595015722462,124.28868403035126,98208600
2020-12-17,125.54707336425781,126.40551967508249,124.9032386311393,125.74217073899736,94359800
2020-12-18,123.55706024169922,125.93728698989182,123.03028838222276,125.80071733474844,192541500
2020-12-21,125.08858489990234,125.16662682589052,120.42568773818081,121.95722518388207,121251600
2020-12-22,128.64915466308594,131.1171724990301,126.47377539664267,128.38576506556214,168904800
2020-12-23,127.75174713134766,129.18572136214763,127.57614903299762,128.92234654209122,88223700
2020-12-24,128.73696899414062,130.19047198118514,127.88828722259836,128.1028988014902,54930100
2020-12-28,133.3413543701172,133.97542463818004,130.23925065126556,130.70750227088905,124486200
2020-12-29,131.56594848632812,135.38991449680984,131.04893362298358,134.66805255137436,121047300
2020-12-30,130.444091796875,132.6584848793838,130.13192410023277,132.2585255999266,96452100
2020-12-31,129.43934631347656,131.4391281363561,128.4931083029186,130.79529332577445,99116600
2021-01-04,126.23966979980469,130.33677367819305,123.65458898588705,130.24898210368568,143301900
2021-01-05,127.80049133300781,128.5126183969194,125.28369478714089,125.732432185154,97664900
2021-01-06,123.49852752685547,127.83951504225611,123.28391593808439,124.59109223219541,155088000
2021-01-07,127.71270751953125,128.4053204209461,124.72767407409188,125.21542502622191,109578200
2021-01-08,128.8150177001953,129.38081053932285,127.03959725138373,129.18569826826229,105158200
2021-01-11,125.82022094726562,126.98107049808904,125.35198424007667,126.0250828794601,100384500
2021-01-12,125.64464569091797,126.512841772657,123.75216965353734,125.35199214859502,91951100
2021-01-13,127.68339538574219,128.2296738640247,125.34219765453936,125.60557235194348,88636800
2021-01-14,125.75194549560547,127.7907407644143,125.60561128893495,127.59564337383038,90221800
2021-01-15,124.02528381347656,127.029830793785,123.88871417277956,125.62510598377331,111598500
2021-01-19,124.69839477539062,125.55684110809314,123.8301987834441,124.64961670921872,90757300
2021-01-20,128.79551696777344,129.24425439918255,125.40077446290326,125.50808026921992,104319500
2021-01-21,133.51690673828125,136.2483143489001,130.31726250111956,130.52212439802992,120150900
2021-01-22,135.6630401611328,136.4239303613806,131.71225496139948,132.94138184988222,114459400
2021-01-25,139.41871643066406,141.53555356505598,133.19501014057846,139.5650506326583,157611700
2021-01-26,139.65284729003906,140.76491879465476,137.9066906570604,140.08207048216735,98390600
2021-01-27,138.57977294921875,140.76490217618246,136.9702010537378,139.9162055519511,140843800
2021-01-28,133.73153686523438,138.51150456888308,133.35109176240107,136.1020139559467,142621100
2021-01-29,128.72723388671875,133.39013165524483,127.0201056066314,132.50242137720485,177523800
2021-02-01,130.8538055419922,132.06343308345475,127.72243834178269,130.47336045084296,106239800
2021-02-02,131.68295288085938,132.97060712103857,131.31225754756355,132.40481446468183,83305400
2021-02-03,130.6587371826172,132.44390758674706,130.33681974400568,132.43414304059044,89880900
2021-02-04,134.02418518066406,134.0339348395979,131.29277729666717,132.96089184283247,84183100
2021-02-05,133.60894775390625,134.25374446603064,132.72969035171175,134.18536506716546,75693800
2021-02-08,133.75555419921875,133.8044051649672,131.81139905731575,132.89582490515562,71297200
2021-02-09,132.87623596191406,134.70316008517767,132.71993379523988,133.47218176230825,76774200
2021-02-10,132.27056884765625,133.83371027926714,131.3033734097846,133.33545130799016,73046600
2021-02-11,132.01654052734375,133.2475041169639,130.68787502592983,132.76878860072446,64280000
2021-02-12,132.25099182128906,132.40730890611044,130.60970715231767,131.2545039467926,60145100
2021-02-16,130.12124633789062,132.87626454864636,129.7304535690892,132.3682563100343,80576300
2021-02-17,127.82538604736328,129.1735950188555,126.48695621215255,128.22594304718632,97918500
2021-02-18,126.72145080566406,127.00476256297294,124.47444048656703,126.22319181191021,96856700
2021-02-19,126.87773895263672,127.69839634917041,125.83239992851125,127.2392241428884,87668800
2021-02-22,123.09691619873047,126.73120729812784,122.70613084706,125.06059973339629,103916400
2021-02-23,122.96012115478516,123.79053522480318,115.6622326225289,120.9085077307379,158273000
2021-02-24,122.46187591552734,122.66703652293154,119.41376694425402,122.06132638305527,111039900
2021-02-25,118.20234680175781,123.54631731759831,117.76271793759544,121.80733032088757,148199500
2021-02-26,118.46611022949219,121.97339123226033,118.40748759144725,119.76546069067267,164560400
2021-03-01,124.84566497802734,124.98243872223235,119.96086710324863,120.89874740077293,116307900
2021-03-02,122.23719024658203,125.75424338523828,122.1297240921733,125.45138828841935,102260900
2021-03-03,119.24766540527344,122.81356880845682,119.03273313852024,121.93430383247053,112966300
2021-03-04,117.36212921142578,120.75217949810703,115.88692589442263,118.94480611156877,178155000
2021-03-05,118.62242889404297,119.13045204315196,114.8611360499832,118.1925717528084,153766600
2021-03-08,113.67902374267578,118.21211585349621,113.53247830668076,118.14372897717995,154376600
2021-03-09,118.30003356933594,119.24768556736947,116.05303097701893,116.28749919238894,129525800
2021-03-10,117.21561431884766,119.35515074210788,116.6978194776284,118.88621431520569,111943300
2021-03-11,119.14997863769531,120.37117800154545,118.466109975383,119.71661693138803,103026500
2021-03-12,118.24140930175781,118.37818303802467,116.41449977293215,117.62592748855697,88105100
2021-03-15,121.13321685791016,121.14298854077106,117.64547143758236,118.61266679333781,92403800
2021-03-16,122.67681884765625,124.28880370694225,121.84640466366358,122.80382091460702,115227900
2021-03-17,121.88546752929688,122.96012147290102,119.5212199090365,121.19182718884684,111932600
2021-03-18,117.75292205810547,120.3418661076451,117.54776146674546,120.04877528935415,121229700
2021-03-19,117.22537994384766,118.63220414852485,116.92252485396695,117.13745715786044,185549500
2021-03-22,120.54704284667969,121.01598672803996,117.48916202259225,117.55754889553958,111912300
2021-03-23,119.71662139892578,121.37744961429632,119.3258360971887,120.48842032011387,95467100
2021-03-24,117.32305908203125,120.06832025902025,117.30352317223472,119.99016171261569,88530500
2021-03-25,117.8115463256836,118.85690017985242,116.25818424833348,116.7857432897759,98844700
2021-03-26,118.41727447509766,118.68105774613929,116.18003605408883,117.57708860681974,94071200
2021-03-29,118.59310913085938,119.755693282019,117.94831975836384,118.84712067934997,80819200
2021-03-30,117.13744354248047,117.62592328414752,116.12140478537988,117.3426041395475,85671900
2021-03-31,119.33560180664062,120.67403152206795,118.35864232800027,118.84712206732044,118323800
2021-04-01,120.166015625,121.31882810556307,119.66776420491013,120.81081245730563,75089100
2021-04-05,122.99919891357422,123.25321046309428,120.2344018212396,121.0159723796355,88651200
2021-04-06,123.30206298828125,124.20086397868832,122.75496802953083,123.58538215009409,80171300
2021-04-07,124.95313262939453,124.97266854154003,122.25672208309726,122.93082658307411,83466700
2021-04-08,127.3564453125,127.38575290591113,125.55884334959268,125.97892879329865,88844600
2021-04-09,129.9356231689453,129.97469499267643,126.48695706989602,126.80935551775305,106686700
2021-04-12,128.21615600585938,129.7890612236751,127.62021018029645,129.4666628353656,91420000
2021-04-13,131.3326416015625,131.5573529909673,128.89024316451298,129.38850198628998,91266500
2021-04-14,128.9879913330078,131.88956290959672,128.62652100497414,131.83094771123694,87222800
2021-04-15,131.40106201171875,131.88954179614893,130.56087618621004,130.7367366603593,89347100
2021-04-16,131.0688934326172,131.56713742369558,130.2091642804324,131.20566716980846,84922400
2021-04-19,131.73321533203125,132.34870458701315,130.2677760828126,130.43385740885776,94264200
2021-04-20,130.04302978515625,132.40726907988363,128.77297994062647,131.90902529250005,94812300
2021-04-21,130.42410278320312,130.66834267605557,128.27479470754565,129.3103694680848,68847100
2021-04-22,128.90000915527344,131.05908080542864,128.38222193199377,129.97465541366606,84566500
2021-04-23,131.2251739501953,132.00672942641683,129.11493838708085,129.11493838708085,78657500
2021-04-26,131.6160125732422,131.94817529501475,130.48273573837136,131.72347873701827,66905100
2021-04-27,131.29359436035156,132.2900972832069,131.02004687677868,131.89930451580292,66015800
2021-04-28,130.5022430419922,131.90906701274747,130.01376332476983,131.21541925511582,107760100
2021-04-29,130.40452575683594,133.9118210423569,129.39825885060606,133.32563948793228,151101000
2021-04-30,128.4311065673828,130.4827126391567,128.05009294639484,128.74372586570195,109839500
2021-05-03,129.48623657226562,130.98099867978124,128.79260350923943,128.99775670531434,75135100
2021-05-04,124.90425872802734,128.4603978277897,123.78075391895158,128.1673070241669,137564700
2021-05-05,125.1485366821289,127.44438290711874,125.0215271577705,126.22318334896845,84000900
2021-05-06,126.75072479248047,126.76048902041141,124.20085257038014,124.94334384163355,78128300
2021-05-07,127.42594146728516,128.45347910763113,126.71153909866585,128.0522568083453,78973300
2021-05-10,124.13782501220703,126.77030517991771,124.09867935425044,126.64309485753276,88071200
2021-05-11,123.21791076660156,123.5702067058758,120.1450405146299,120.85943560539131,126142800
2021-05-12,120.14505004882812,121.97507024694492,119.63617145947643,120.7615847905906,112172300
2021-05-13,122.29801940917969,123.45279014468096,121.60320080499332,121.91635859091211,105861300
2021-05-14,124.72498321533203,125.15557794607483,123.15919437572654,123.55064345219544,81918000
2021-05-17,123.57020568847656,124.21609774874598,122.49372638763057,124.10844907203442,74244600
2021-05-18,122.18059539794922,124.27483971332013,122.11209235833509,123.8540331938986,63342900
2021-05-19,122.02400970458984,122.2490879012354,120.233135080965,120.5267237775913,92612000
2021-05-20,124.58797454833984,124.98921189653866,122.42522759234049,122.55245283263278,76857100
2021-05-21,122.74817657470703,125.26322700578169,122.53287920868762,125.087075294154,79295400
2021-05-24,124.38245391845703,125.20449763211954,123.24725993878027,123.31576295939638,63092900
2021-05-25,124.18675231933594,125.57639697063634,123.61915150868299,125.08708000544519,72009500
2021-05-26,124.13782501220703,124.6662801952147,123.71701852201225,124.24547370501993,56575900
2021-05-27,122.60137176513672,124.91091291308472,122.40565097616602,123.73657324672145,94625600
2021-05-28,121.94572448730469,123.11028358487435,121.88700973155196,122.88519791070377,71311100
2021-06-01,121.62275695800781,122.66987889321037,121.29003011236857,122.40565507263037,67637100
2021-06-02,122.38607788085938,122.56222958242566,121.39767816243663,121.62275632949539,59278900
2021-06-03,120.89857482910156,122.18056314616399,120.49733751279598,122.01419973191163,76229200
2021-06-04,123.19835662841797,123.46258796379897,121.20197278909846,121.41727018347672,75169300
2021-06-07,123.2081298828125,123.61914805852969,122.16100788299765,123.47235371969634,71057600
2021-06-08,124.03014373779297,125.71337672267273,123.51147697209123,123.89313770407058,74403800
2021-06-09,124.41181182861328,125.01855820403581,123.81485373225529,124.49010312859089,56877900
2021-06-10,123.41364288330078,125.4491721984384,123.24727944494147,124.30418229225445,71186400
2021-06-11,124.62710571289062,124.71518528948918,123.4038321831876,123.8246385760562,53522400
2021-06-14,127.69019317626953,127.74890792257392,124.35310652386883,125.08707071775322,96906500
2021-06-15,126.8681640625,127.80764485430359,126.62350931732142,127.16175274322241,62746300
2021-06-16,127.36727142333984,128.0914549417621,125.71341766779094,127.5825688225318,91815000
2021-06-17,128.97216796875,129.71592783022342,126.87792428717147,127.02472606998036,96721700
2021-06-18,127.67064666748047,128.6981847145641,127.45534928384315,127.91530142774639,108953300
2021-06-21,129.47128295898438,129.57893163487228,126.44735415341397,127.51404516650551,79663300
2021-06-22,131.11534118652344,131.2132090384515,128.8058002468752,129.3049053861556,74783600
2021-06-23,130.8413543701172,131.4481082905956,130.38140225586088,130.90986486619562,60214200
2021-06-24,130.5575714111328,131.76126866490313,130.087823514383,131.57532865567404,68711000
2021-06-25,130.26394653320312,131.02726798776249,129.9703579124024,130.60646907956024,70783700
2021-06-28,131.89825439453125,132.35820647299622,130.4988365325281,130.5575512774318,62111300
2021-06-29,133.4151153564453,133.57169796299607,131.47745413113225,131.9178296460844,64556100
2021-06-30,134.0316619873047,134.4720375415212,132.96495595104088,133.25854463136542,63261400
2021-07-01,134.33502197265625,134.39373671805686,132.85729786155665,133.67934909478365,52485800
2021-07-02,136.96751403808594,137.00665222554704,134.8047596004936,134.95154646914781,78852600
2021-07-06,138.9834747314453,140.08930404867277,137.07517066561473,137.07517066561473,108181800
2021-07-07,141.4789276123047,141.7920778645552,139.6097621135108,140.47093650660315,104911600
2021-07-08,140.1773681640625,140.97982784878258,137.66231057501108,138.5528573041526,105575500
2021-07-09,142.00741577148438,142.5358635061349,139.60000625630684,139.6978741376513,99890800
2021-07-12,141.4104461669922,143.19153992301273,140.92113666468427,143.08389123520334,76299700
2021-07-13,142.5260772705078,144.30717110195238,140.55905836364727,140.95050000905363,100827100
2021-07-14,145.96099853515625,146.37203160132475,144.5224276011833,144.9334606673518,127050800
2021-07-15,145.30535888671875,146.79286409061552,143.9450789434474,146.0491189549383,106820300
2021-07-16,143.26002502441406,146.55796605066817,142.76093474422927,145.28577338362382,93251400
2021-07-19,139.4042510986328,140.98962377727935,138.6409295962446,140.676458580126,121434600
2021-07-20,143.02513122558594,143.954831028877,139.90334980611553,140.39265920467386,96350000
2021-07-21,142.29119873046875,143.00560136245917,141.53767284075886,142.4184239807626,74993500
2021-07-22,143.6612548828125,145.03131534477524,142.69241681379228,142.81964204688137,77338200
2021-07-23,145.38363647460938,145.54021909866026,143.77870190944023,144.39523665880247,71447400
2021-07-26,145.80442810058594,146.62646435226154,144.54200141958395,145.0998213327101,72434100
2021-07-27,143.63192749023438,146.0197604502271,142.438011010238,145.93167338372012,104818600
2021-07-28,141.8801727294922,143.82762983683932,139.49234007637435,141.71380929809172,118931200
2021-07-29,142.5260772705078,143.41662418623008,141.48874347089355,141.59639216326153,56699500
2021-07-30,142.74136352539062,143.2013156357775,141.02878032832388,141.29301163126834,70440600
2021-08-02,142.40863037109375,143.8080482684257,142.14439907981702,143.23066668557712,62880000
2021-08-03,144.2093048095703,144.87475860058453,142.07590750079174,142.6924422849986,64786600
2021-08-04,143.80807495117188,144.6301114181793,143.1524019406391,144.1212402333895,56368300
2021-08-05,143.9157257080078,144.6790474286487,143.04475528663332,143.83743438633402,46397700
2021-08-06,143.2296600341797,144.18034393765785,142.72982193278042,143.43548451999956,54126800
2021-08-09,143.18063354492188,143.7784860744744,142.62199279545507,143.28844350778914,48908700
2021-08-10,142.70040893554688,144.76838927434818,142.40638038902802,143.52367690186915,69023100
2021-08-11,142.95521545410156,143.79808925109194,142.63178557160285,143.14143401871405,48493500
2021-08-12,145.92486572265625,146.08168292330208,142.93560326308238,143.27863902013124,72282600
2021-08-13,146.13070678710938,146.4639321601955,145.31723429051934,146.0032909277299,59375000
2021-08-16,148.1104736328125,148.17908677655805,143.55308334263998,145.58185197110114,103296000
2021-08-17,147.19898986816406,148.6593071585842,146.12089023001082,147.23818669368217,92229700
2021-08-18,143.4452667236328,147.71843868222086,143.23944225684676,146.81676211636082,86326000
2021-08-19,143.77850341796875,145.05261723602476,141.6223188554431,142.1417628423952,86960300
2021-08-20,145.23883056640625,145.54265459061057,143.85690682252826,144.50376665433245,60549600
2021-08-23,146.7285614013672,147.19899810848202,144.9447991647322,145.3564331528218,60131800
2021-08-24,146.64036560058594,147.85567682100066,146.1797242886901,146.4737528853132,48606400
2021-08-25,145.40545654296875,147.326430322186,144.85661116459667,146.82657724516397,58991300
2021-08-26,144.6017303466797,146.15026639872048,144.57232899388038,145.39561173699119,48597200
2021-08-27,145.64065551757812,145.7876623043235,143.90590065942186,144.54295000853472,55802400
2021-08-30,150.07064819335938,150.43328990399013,145.6504691143869,146.0327017624141,90956700
2021-08-31,148.80633544921875,149.7570192751645,148.27708107451022,149.61980794744622,86453100
2021-09-01,149.47279357910156,151.89360530226858,149.30618088399424,149.78642803218395,80313700
2021-09-02,150.590087890625,151.6387862531272,149.3649813670927,150.80570783515978,71115500
2021-09-03,151.22715759277344,151.55058752098978,150.0412478559802,150.69790318117794,57808700
2021-09-07,153.56956481933594,154.12820565202878,151.31536568577172,151.8838169424037,82278300
2021-09-08,152.02101135253906,153.91256855272437,150.91351032460727,153.85376583529663,74420200
2021-09-09,151.00173950195312,153.00110680340413,150.8841191042815,152.39345874260397,57305700
2021-09-10,146.00326538085938,152.38361342288792,145.73863824034083,151.91317680467418,140893200
2021-09-13,146.57176208496094,148.40451684138569,145.78769084071692,147.6302560214531,102404300
2021-09-14,145.1702423095703,148.06150615664308,143.98434736954397,147.35584348368684,109296300
2021-09-15,146.0620880126953,146.46392651146115,143.45505793692854,145.60144679799546,83281300
2021-09-16,145.82688903808594,146.00331217327675,144.28816285321537,145.4838681470228,68034100
2021-09-17,143.15122985839844,145.85627435363685,142.85720133218834,145.85627435363685,129868800
2021-09-20,140.09336853027344,141.95552426414204,138.4566281851567,140.93624232616293,123478900
2021-09-21,140.5736541748047,141.72036735453688,139.93660459043588,141.06369691813998,75834000
2021-09-22,142.94541931152344,143.51385551514431,140.83822735154473,141.57329118423013,76404300
2021-09-23,143.9059295654297,144.15095089583022,142.73962563993675,143.72950643098542,64838200
2021-09-24,143.9940948486328,144.53314462122253,142.66117857227965,142.75919305999093,53477900
2021-09-27,142.4749755859375,143.0532371987593,140.9558555448059,142.57299008435822,74150700
2021-09-28,139.08389282226562,141.86733117108918,138.8682728841963,140.39720338693283,108972300
2021-09-29,139.9855499267578,141.5732829271844,139.20147889330738,139.63271870945067,74602000
2021-09-30,138.6820831298828,141.5047338477109,138.46646314699782,140.79907116825387,89056700
2021-10-01,139.80914306640625,140.07377024882607,136.3396481559879,139.07407919128337,94639600
2021-10-04,136.36904907226562,139.3779177030337,135.51637976546095,138.93686741546034,98322000
2021-10-05,138.2998504638672,139.4073517440064,136.58470102538,136.712116912098,80861100
2021-10-06,139.17208862304688,139.3190954107542,135.61437481140692,136.69247443763487,83221100
2021-10-07,140.43643188476562,141.3479190930508,139.87779097735958,140.21101642773627,61732700
2021-10-08,140.05419921875,141.30870734815736,139.72097376826417,141.1617005185067,58773200
2021-10-11,139.96600341796875,141.9261743557288,138.98591794908873,139.4367638449372,64452200
2021-10-12,138.6918487548828,140.3972023557475,138.2312075228374,140.37759646472705,73035900
2021-10-13,138.10382080078125,138.58405301825053,136.42786838688212,138.4272507387237,78762700
2021-10-14,140.89703369140625,141.01465407700306,138.69184213659864,139.2798991998456,69907100
2021-10-15,141.95555114746094,142.01435387262677,140.65203590493044,140.90686765386886,67940300
2021-10-18,143.63148498535156,143.91570310514462,140.3089968495944,140.59321496938745,85589200
2021-10-19,145.79747009277344,146.19930861705203,143.6314901588186,144.08232097954442,76378900
2021-10-20,146.2875213623047,146.76776852622643,145.17022475769727,145.73867600634514,58418800
2021-10-21,146.5031280517578,146.65994526923677,144.92519031879408,145.84647277784177,61421000
2021-10-22,145.72889709472656,147.1892147352683,145.67988983489477,146.7089824716984,58883400
2021-10-25,145.6798553466797,146.3953133151153,144.68016431145858,145.71905217231605,50720600
2021-10-26,146.34632873535156,147.83604746665293,146.042489762277,146.35612420354883,60893400
2021-10-27,145.8856964111328,146.74816126750608,145.53286512059833,146.38553450817577,56094900
2021-10-28,149.53158569335938,150.11962775999444,146.73833727338112,146.8363517619426,100077900
2021-10-29,146.8167724609375,146.953983796825,143.49428408381266,144.2881507382271,124953200
2021-11-01,145.99346923828125,146.7187225723951,144.8565670408628,146.02287059210153,74588300
2021-11-02,147.0323486328125,148.5514832988406,145.6896220797235,145.69943250038204,69122000
2021-11-03,148.47315979003906,148.94359664903476,146.83641877745737,147.39505974346758,54511500
2021-11-04,147.9536895751953,149.3944012671414,147.6400550878904,148.56133770070423,60394600
2021-11-05,148.48370361328125,149.38669631915593,147.2862531827917,149.08242882852602,65463900
2021-11-08,147.65921020507812,148.76832763273148,147.38438703345884,148.61128154130913,55020900
2021-11-09,148.02236938476562,148.63090428124968,147.28623266415173,147.42364425293005,56787900
2021-11-10,145.18576049804688,147.3549161864625,145.11706220590227,147.24694889017508,65187100
2021-11-11,145.13670349121094,146.6678653941325,144.95021313541474,146.20656685181973,41000000
2021-11-12,147.21749877929688,147.6199087069909,144.75388556458995,145.686322190006,63804000
2021-11-15,147.22732543945312,149.0725793775171,146.66785441394896,147.59048138298093,59222800
2021-11-16,148.20887756347656,148.6898256703758,146.57955783160577,147.16847326957455,59256200
2021-11-17,150.65281677246094,152.13489975913402,148.19902806666846,148.20883782986604,88807000
2021-11-18,154.9518585205078,155.73707397326015,150.2209612525499,150.86876512432602,137827700
2021-11-19,157.58230590820312,158.0436193602757,153.6366096704335,154.73590216384713,117305600
2021-11-22,158.0436248779297,162.63711008012285,158.02399037507982,158.6914137046002,117467900
2021-11-23,158.4264373779297,158.8092278647629,156.11986971576832,158.14178946554063,96041900
2021-11-24,158.94664001464844,159.1429401409732,156.68915112006468,157.77863404441763,69463600
2021-11-26,153.91146850585938,157.48418491516793,153.46978945346842,156.62046131710616,76959800
2021-11-29,157.27804565429688,158.2104823634522,155.85483622919187,156.42411700388635,88748200
2021-11-30,162.24453735351562,162.460471991212,156.96397844815215,157.0326917313919,174048100
2021-12-01,161.72433471679688,167.15211495820313,161.4887655737255,164.38423368988907,152052500
2021-12-02,160.7329559326172,161.16482510333728,154.8831325566897,155.80575942563965,136739200
2021-12-03,158.84849548339844,161.91083461668495,156.76768701566778,160.98820747292035,118023100
2021-12-06,162.26419067382812,164.77686859282636,161.2434059087715,161.253215674626,107497000
2021-12-07,168.01580810546875,168.40842327282738,165.2283078125401,165.95463463960064,120405400
2021-12-08,171.84373474121094,172.70747316976616,167.54469207856837,168.94826702497062,116998900
2021-12-09,171.33335876464844,173.4828803001478,170.70518938695935,171.67689521138408,108923700
2021-12-10,176.13296508789062,176.3096456774387,171.4609563916024,171.971348678727,115402700
2021-12-13,172.49156188964844,178.76344615470973,172.2854370179631,177.77210578512478,153237000
2021-12-14,171.10763549804688,174.45460766310583,169.02682698568938,172.01062815391413,139380400
2021-12-15,175.9857940673828,176.18209424110503,169.12499291672836,171.87324027906917,131063300
2021-12-16,169.07589721679688,177.79176184427124,167.59381383018913,175.96614195545544,150185800
2021-12-17,167.9766082763672,170.26354181764407,166.55341340523563,166.78896760491736,195432700
2021-12-20,166.6122589111328,167.42691858696432,164.3645949683115,165.16942990386642,107499100
2021-12-21,169.79238891601562,169.99849880489631,165.9939133625086,168.38881382109983,91185900
2021-12-22,172.39337158203125,172.60930617734536,168.96787729885477,169.8414254429029,92135300
2021-12-23,173.02154541015625,173.58101641545682,172.03022017962167,172.5995009479716,68356600
2021-12-27,176.9967041015625,177.08503690822866,173.7969687428298,173.8165882709296,74919600
2021-12-28,175.97592163085938,177.97822179969552,175.2299751821839,176.8298503690715,79144300
2021-12-29,176.0642547607422,177.29114913280281,174.84717015203242,176.01517599051218,62348900
2021-12-30,174.90606689453125,177.23226891731628,174.79809958565312,176.15259582853517,59773000
2021-12-31,174.28773498535156,175.91703952431234,173.9834525641687,174.79811232201894,64062300
2022-01-03,178.64564514160156,179.49957387951153,174.4251401333062,174.5429172102293,104487900
2022-01-04,176.37835693359375,179.55847298837972,175.80907606705392,179.25420553725706,99310400
2022-01-05,171.6866912841797,176.83964771384632,171.4118681394032,176.2900014242933,94537600
2022-01-06,168.82069396972656,172.05969865170314,168.46734773211566,169.50775193820877,96904000
2022-01-07,168.98751831054688,170.92110500332652,167.86859126297153,169.69421065393524,86709100
2022-01-10,169.00718688964844,169.31145435336728,165.06148967296951,165.95467253383114,106765600
2022-01-11,171.84373474121094,171.94187730471353,167.66248412220457,169.13475736538487,76138300
2022-01-12,172.28543090820312,173.90492564658769,171.58856322387598,172.86452151388104,74805200
2022-01-13,169.00718688964844,173.35529415174287,168.6145716326397,172.53082457713552,84505800
2022-01-14,169.87091064453125,170.56777832766494,167.92749898971087,168.17287788763613,80440800
2022-01-18,166.66134643554688,169.35068950665382,166.27855596311068,168.33972966979056,90956700
2022-01-19,163.15733337402344,167.91769000661554,162.87270044087128,166.85765136543813,94815000
2022-01-20,161.46913146972656,166.54356549753263,161.14522951347425,163.8934762825247,91420500
2022-01-21,159.40794372558594,163.25548287606637,159.2999764162496,161.38078458519854,122848900
2022-01-24,158.6325225830078,159.29996087836932,151.84043745137762,157.06210684561927,162294600
2022-01-25,156.82655334472656,159.7514654895658,154.1175758189767,156.04133790955973,115798400
2022-01-26,156.7382049560547,161.35132458598716,154.9027758530205,160.47777643261003,108275300
2022-01-27,156.27691650390625,160.81151382611307,155.35428943492713,159.44720772831658,121954600
2022-01-28,167.18153381347656,167.20116831659928,159.79072343360525,162.64693708008207,179935700
2022-01-31,171.54930114746094,171.76523578487254,166.37670956776643,167.0147037152971,115541600
2022-02-01,171.38243103027344,171.60817541361024,169.12494226668923,170.79351570873365,86213900
2022-02-02,172.58969116210938,172.62896017118422,170.12609251689003,171.51984280427115,84914300
2022-02-03,169.7040557861328,172.98232955327137,168.9384747506924,171.2548523641826,89418100
2022-02-04,169.41905212402344,171.09958880025067,167.7385154477962,168.72128157532018,82465400
2022-02-07,168.7016143798828,170.95214191132882,168.00384392494493,169.88093057527257,77251200
2022-02-08,171.8170166015625,172.32805922455944,168.4756025229789,168.77043538223953,74829200
2022-02-09,173.24200439453125,173.60562304759242,171.88578239754793,173.01597239364082,71285000
2022-02-10,169.15367126464844,172.45576547110866,168.59350246849255,171.1388626912715,90865900
2022-02-11,165.73370361328125,170.09718826300568,165.14403785138535,169.36011355854745,98670700
2022-02-14,165.9695281982422,166.65746140454794,163.68950386212114,164.4855419291192,86185500
2022-02-15,169.81216430664062,169.96941049690344,167.3159447684623,168.02353762882288,62527400
2022-02-16,169.57632446289062,170.35270322524033,167.11940876506787,168.88839106666492,61177400
2022-02-17,165.9695281982422,168.9473080022522,165.56659053604196,168.08246911671398,69589300
2022-02-18,164.41673278808594,167.6008846044875,163.32586207429208,166.89330697536712,82772700
2022-02-22,161.4881134033203,163.81726398261975,159.35549802549073,162.13672755479107,91162800
2022-02-23,157.31137084960938,163.28657531432245,156.9968785115613,162.68708741626082,90009200
2022-02-24,159.93536376953125,160.04346864256559,149.38045024208816,149.95045639119465,141147500
2022-02-25,162.00900268554688,162.27433874391238,158.097582687372,161.0163992959612,91974200
2022-02-28,162.2743682861328,162.56920117825686,159.630724513266,160.24987208714413,95056600
2022-03-01,160.38742065429688,163.72883431123614,159.17862257926774,161.86156976875884,83474400
2022-03-02,163.68951416015625,164.47573001503346,160.14172804891763,161.5569135885326,79724800
2022-03-03,163.36521911621094,165.99904029600498,162.6969453068408,165.56662077426103,76678400
2022-03-04,160.3579559326172,162.69694424174432,159.30640391691654,161.6552144893565,83737200
2022-03-07,156.55465698242188,162.17608078588069,156.2991281758325,160.54468531235605,96418800
2022-03-08,154.72666931152344,160.07291833180403,153.11493379768748,156.08289108388198,131148300
2022-03-09,160.14170837402344,160.59378730867732,156.662723513079,158.6970412294756,91454900
2022-03-10,155.7880859375,157.62585374072557,153.2918516527838,157.43912578291366,105342000
2022-03-11,152.06338500976562,156.5349734862068,151.83735301963387,156.1909993742422,96970100
2022-03-14,148.0242462158203,151.46392805455815,147.51321856820022,148.83994399421974,108732100
2022-03-15,152.4171905517578,152.88892907582556,147.78837062747488,148.29939820148408,92964300
2022-03-16,156.8396453857422,157.24258310394316,151.79806526213048,154.34342597712845,102300200
2022-03-17,157.8518829345703,158.22533884354678,154.9134219533723,155.8765285127207,75615400
2022-03-18,161.1540069580078,161.64539008752615,157.00673214520708,157.74380683948462,123511700
2022-03-21,162.52987670898438,163.4831611094786,160.20071065000747,160.692093743218,95811400
2022-03-22,165.9105682373047,166.5002188572966,162.067949464373,162.6576000843649,81532000
2022-03-23,167.276611328125,169.66472556538113,164.76071771343146,165.0948695579846,98062700
2022-03-24,171.07009887695312,171.1388847047802,167.27662120536306,168.11196337652208,90131400
2022-03-25,171.70887756347656,172.25922412685,169.7728273342969,170.88335771841636,80546200
2022-03-28,172.57374572753906,172.70149513268552,169.03578151152723,169.20284996119702,90371900
2022-03-29,175.8758544921875,175.92498080797162,173.30099672304343,173.64497090846976,100589400
2022-03-30,174.7063446044922,176.51463074136956,173.65477761444038,175.47290101025155,92633200
2022-03-31,171.60079956054688,174.96185802360853,171.3944120690703,174.77513005413485,103049300
2022-04-01,171.30592346191406,171.86610722889807,168.97677305266367,171.03075020663627,78751300
2022-04-04,175.36480712890625,175.413948439192,171.43374223920495,171.56150664678344,76468400
2022-04-05,172.0430450439453,175.22721286513178,171.4140752886788,174.44099692209318,73401800
2022-04-06,168.8687286376953,170.63771090886573,167.19802899107668,169.38959355700894,89058800
2022-04-07,169.17333984375,170.37231557194565,166.92281228589906,168.21023335572733,77594700
2022-04-08,167.15866088867188,168.81953778376487,166.28399977180155,168.81953778376487,76575500
2022-04-11,162.8934783935547,166.11694994882637,162.6477868725991,165.80247259982983,72246700
2022-04-12,164.7705535888672,166.94245808323757,163.7681280552551,165.12434995391737,79265200
2022-04-13,167.46336364746094,168.09233345005353,163.8959323433634,164.50524262204976,70618900
2022-04-14,162.44140625,168.3183584761883,162.19571471867903,167.67955149726123,75329400
2022-04-18,162.22518920898438,163.7288199744053,160.75104022360551,161.09499932270256,69023900
2022-04-19,164.51504516601562,164.92782013945308,161.08520094874402,162.17607195952326,67723800
2022-04-20,164.34796142578125,165.9695343967265,163.23744599263426,165.851592274227,67929800
2022-04-21,163.5519561767578,168.57389227267697,163.05075079188728,165.99904951757392,87227800
2022-04-22,159.00172424316406,164.97694406303006,158.7167286660117,163.5912552281569,84882400
2022-04-25,160.07296752929688,160.35796313638966,155.72914261422412,158.343289375942,96046400
2022-04-26,154.09774780273438,159.54226611663734,154.0191247048665,159.45382075496946,95623200
2022-04-27,153.87171936035156,157.03621289741787,152.70222512048082,153.2230900346685,88063200
2022-04-28,160.81983947753906,161.68467841985887,156.19100467866673,156.50549701980856,130216800
2022-04-29,154.9330596923828,163.3357123056005,154.5399592760181,159.05085178561868,131747600
2022-05-02,155.23773193359375,155.5030679702358,150.6285567574635,154.009274370481,123055300
2022-05-03,156.73153686523438,157.94034999172632,153.62600731797474,155.42445612408045,88966500
2022-05-04,163.15882873535156,163.61089273431188,156.5153204398764,156.91825813151257,108256500
2022-05-05,154.06826782226562,161.25228664566353,152.27962606539685,161.02625460903184,130525300
2022-05-06,154.7965545654297,156.92245186539364,151.74549742097102,153.54660360417492,116124600
2022-05-09,149.65896606445312,153.36944186699063,149.0979741892278,152.48364388073944,131577900
2022-05-10,152.0702667236328,154.26506562042874,150.5152132745714,153.06432833720223,115366700
2022-05-11,144.18678283691406,152.99546042303857,143.5076754500473,151.07625368918983,142689800
2022-05-12,140.30899047851562,143.8915146679824,136.60836588189918,140.515681208882,182602000
2022-05-13,144.78713989257812,145.7615132406745,140.85029972421802,142.3069263815123,113990900
2022-05-16,143.24192810058594,145.19067486728656,141.90340179419994,143.25177981278947,86643800
2022-05-17,146.8834991455078,147.40512922042456,144.36390904477065,146.5094945567554,78336300
2022-05-18,138.59649658203125,145.033225100594,137.691009923457,144.53128327239338,109742900
2022-05-19,135.18125915527344,139.4232021551722,134.4431016025898,137.67130943156462,136095600
2022-05-20,135.4174346923828,138.47832804040868,130.5160736621358,136.89374952227598,137426100
2022-05-23,140.85031127929688,140.9979367905799,135.47651740077447,135.61430621725685,117726300
2022-05-24,138.14373779296875,139.728316741357,135.16158222827767,138.58662935862338,104132700
2022-05-25,138.3011932373047,139.5511291229351,136.15560763062282,136.24418292623076,92482700
2022-05-26,141.50973510742188,142.0608903922334,134.97458026863987,135.22063280777752,90601500
2022-05-27,147.2771759033203,147.31653769335477,142.96633152872457,143.09428362757757,90978500
2022-05-31,146.48980712890625,148.28107646818216,144.52138720505258,146.71618623300301,103718400
2022-06-01,146.3618927001953,149.34404814498973,145.34814246607627,147.5330901211728,74286600
2022-06-02,148.82241821289062,148.88146841697989,144.54109820216505,145.4957832158868,72348100
2022-06-03,143.08447265625,145.63357327354205,142.17900114416437,144.58046123211946,88570300
2022-06-06,143.8324432373047,146.22408125410382,142.61201747807138,144.70838950271786,71598400
2022-06-07,146.3618927001953,146.64730702547615,141.82468347271976,142.07073600128598,67808200
2022-06-08,145.62371826171875,147.50354794884595,145.13161326153673,146.23392365623158,53950200
2022-06-09,140.38771057128906,145.61386314826538,140.2794468730643,144.75760527366657,69473000
2022-06-10,134.9647216796875,138.53739375627023,134.89581977133565,138.06497716276021,91437900
2022-06-13,129.797607421875,133.06517650587148,129.36455265966853,130.7719656189882,122207100
2022-06-14,130.6636962890625,131.7758582423787,129.40390886311616,131.0278641513014,84784300
2022-06-15,133.29153442382812,135.17137886483886,130.0731789874158,132.16953578167917,91533000
2022-06-16,128.00634765625,130.29955871287268,127.00244927117835,129.99445602178534,108123900
2022-06-17,129.48268127441406,130.97868486516475,127.76031356055556,128.0162178037558,134520300
2022-06-21,133.724609375,134.8958216908251,131.21488586149243,131.31329785187046,81000500
2022-06-22,133.21282958984375,135.5847642777482,131.7955647861074,132.66165937450523,73409200
2022-06-23,136.08670043945312,136.40163978280717,133.4883870309174,134.65959915763983,72433800
2022-06-24,139.42318725585938,139.66923974712645,137.56303102259437,137.69096810591373,89116800
2022-06-27,139.42318725585938,141.22429329407663,138.74407997710588,140.44675901167543,70207900
2022-06-28,135.2698516845703,141.15542444919123,135.1517512668135,139.88579990473832,67083400
2022-06-29,137.0315704345703,138.44883540642064,134.51199493699397,135.2895293397043,66242400
2022-06-30,134.5612030029297,136.1851436237319,131.65778627775248,135.08283314259847,98964500
2022-07-01,136.73629760742188,136.84456131567046,133.51794149629842,133.89193111018585,71051600
2022-07-05,139.3247833251953,139.37399683516924,134.767885626568,135.59463354770725,73353800
2022-07-06,140.6632843017578,141.84433323860637,138.85234159739986,139.11808248899268,74064300
2022-07-07,144.03915405273438,144.23599306904134,141.0176218390398,141.02745853360616,66253700
2022-07-08,144.71824645996094,145.2202032222622,142.71046446431882,142.9663536838273,64547800
2022-07-11,142.58250427246094,144.3245602553875,141.50971892875648,143.36987531125314,63141600
2022-07-12,143.55686950683594,146.10596977247354,142.7596618190989,143.4584425008562,77588800
2022-07-13,143.19271850585938,144.13755169717774,139.8759205891,140.73219350243247,71185600
2022-07-14,146.1256561279297,146.59807271073137,140.98807885917248,141.80497494021958,78140700
2022-07-15,147.79881286621094,148.47792016432717,145.85991797831633,147.4149715696043,76259900
2022-07-18,144.74778747558594,149.17673295190042,144.3836195242813,148.35983676190435,81420900
2022-07-19,148.61570739746094,148.8420714884981,144.59029217223815,145.58433884840355,82982400
2022-07-20,150.62350463867188,151.29277530503674,147.99566551668846,148.73382307964516,64823400
2022-07-21,152.8970489501953,153.1135763791581,149.5408888191267,152.06046433667046,65086600
2022-07-22,151.65692138671875,153.8123437761435,150.98766576840873,152.93639744167695,66675400
2022-07-25,150.53494262695312,152.5919382797309,149.87552361463057,151.57820300519043,53623900
2022-07-26,149.20623779296875,150.67270104012428,148.41886681163666,149.8558049610543,55138700
2022-07-27,154.3142852783203,154.84576710893515,149.75740301368916,150.17076942758217,78620700
2022-07-28,154.86541748046875,155.15083171358893,151.9718382760139,154.50124964363994,81378700
2022-07-29,159.9439697265625,161.04629519406532,156.98150288420325,158.69403377664,101786900
2022-08-01,158.95977783203125,161.00693677079695,158.34957233740533,158.46767275111222,67829400
2022-08-02,157.4834442138672,159.84555733737668,157.10945460814798,157.57203453166576,59907000
2022-08-03,163.5067901611328,163.9595182903737,158.21173626607992,158.30031154990738,82507500
2022-08-04,163.19186401367188,164.55007867195602,161.83364935538773,163.3887030177202,55474100
2022-08-05,162.96517944335938,163.45796799318663,160.64906724368603,160.85604505164724,56697000
2022-08-08,162.49212646484375,165.38972616560417,161.83179147106824,163.97049243145898,60276900
2022-08-09,162.5413818359375,163.42841029450733,160.89546979944944,161.65436841608152,63135500
2022-08-10,166.79910278320312,166.8976514870886,164.49284053929043,165.26158960768942,70170500
2022-08-11,166.05990600585938,168.52384897861626,165.76422984138568,167.6072543726192,57149200
2022-08-12,169.61782836914062,169.68681094741032,166.95675811414395,167.37071373861576,68039400
2022-08-15,170.6920928955078,170.8892052991509,168.87863472005176,169.046181015084,54091700
2022-08-16,170.53440856933594,171.20460883381332,169.1841727217911,170.28801428832625,56377100
2022-08-17,172.03250122070312,173.60941569871042,170.08106259876365,170.27817502867526,79542000
2022-08-18,171.63824462890625,172.37742744821887,170.62310142681395,171.2440198074247,62290100
2022-08-19,169.0461883544922,171.23417071896347,168.83921054651765,170.53440436112984,70346300
2022-08-22,165.15316772460938,167.41013274664442,164.72936173644348,167.24258643834608,69026800
2022-08-23,164.81805419921875,166.27671913488913,164.24641767665275,164.67022364972456,54147100
2022-08-24,165.1137237548828,165.68536025466128,163.85218632044496,164.90676099384123,53841500
2022-08-25,167.57769775390625,167.68611185239817,165.9219352009918,166.34572619773232,51218200
2022-08-26,161.26014709472656,168.58299398508154,161.20101486509154,168.1099211092857,78961000
2022-08-29,159.0524444580078,160.55051089039753,157.514946518142,158.82575088680454,73314000
2022-08-30,156.6180419921875,160.21539196498296,155.4452029761161,159.7916010808355,77906200
2022-08-31,154.95242309570312,158.26396254446672,154.87357512802876,157.99785253340468,87991100
2022-09-01,155.68177795410156,156.13513503517575,152.43922061054926,154.3808088580502,74229900
2022-09-02,153.5627899169922,158.04716944145756,152.734908630889,157.44596671349123,76957800
2022-09-06,152.30120849609375,154.82428314179882,151.47332744773013,154.2132302306796,73714800
2022-09-07,153.71063232421875,154.41038374001005,151.39451980442465,152.58707487686897,87449600
2022-09-08,152.23223876953125,154.10482916146404,150.47789777328236,152.4096354211257,84923800
2022-09-09,155.1002655029297,155.54378723487187,152.51805827855026,153.2276750032018,68028800
2022-09-12,161.07289123535156,161.89092220059695,157.0024672047199,157.28827800524363,104956000
2022-09-13,151.6211700439453,158.2245332834512,151.15794762648912,157.5937645718297,122656600
2022-09-14,153.06997680664062,154.83416823515125,151.39449874644285,152.55747250443096,87965400
2022-09-15,150.17236328125,153.00097950894386,149.1966516721034,152.41947764718566,90481100
2022-09-16,148.52647399902344,149.167108171916,146.23007742711988,149.0291279719984,162278800
2022-09-19,152.251953125,152.33080110123336,146.94955831205283,147.15652109079085,81474200
2022-09-20,154.63705444335938,155.80004334278618,150.8721574135687,151.18753429290712,107689800
2022-09-21,151.5029296875,156.4505314848071,151.38466523487358,155.07071436973487,101696800
2022-09-22,150.5370635986328,152.24210790592508,148.73345555804372,150.18225521296424,86652500
2022-09-23,148.2603759765625,149.28538472080464,146.4173513628068,149.00942429859677,96029900
2022-09-26,148.59547424316406,151.55220575538115,147.48176722784044,147.50148298209515,93339400
2022-09-27,149.5711669921875,152.48848166353116,147.78727494625255,150.5370433245279,84442700
2022-09-28,147.6788787841797,148.46734352386844,142.75099295951767,145.5106120290712,146691400
2022-09-29,140.42503356933594,144.603886261403,138.65099162276434,143.99283321708396,128138200
2022-09-30,136.2067413330078,141.03607776050177,136.00962893649438,139.2423203631924,124925300
2022-10-03,140.39544677734375,141.00651477037042,135.7041054662748,136.21660973950978,114311700
2022-10-04,143.99282836914062,144.11109281535886,142.17935497441533,142.93825359464822,87830100
2022-10-05,144.2884521484375,145.25432833833497,140.94734705889508,141.9920712054399,79471000
2022-10-06,143.3324737548828,145.41204208560697,143.12551098076761,143.7069978739473,68402200
2022-10-07,138.06948852539062,141.03608513942643,137.43871980031912,140.4841493461153,85925600
2022-10-10,138.3947296142578,139.84352910239818,136.57142106787293,138.3947296142578,74899000
2022-10-11,136.97549438476562,139.31132222277216,136.22646123968164,137.8822234673554,77033700
2022-10-12,136.34475708007812,138.33562739322105,136.16736038855555,137.12337155166935,70433700
2022-10-13,140.92767333984375,141.51901056988928,132.4319886081597,133.04305662953354,113224000
2022-10-14,136.38417053222656,142.43561361849277,136.19690846794037,142.22863580040965,88598000
2022-10-17,140.35606384277344,140.83898708446822,138.24692906829756,139.0353938988536,85250900
2022-10-18,141.67669677734375,144.58414598172774,138.58198553276452,143.39160620792404,99136600
2022-10-19,141.78512573242188,142.85940118883795,139.45916311704835,139.6464251768979,61758300
2022-10-20,141.32191467285156,143.78585768272674,140.59258212799125,140.95725591977873,64522000
2022-10-21,145.14593505859375,145.71757154709675,140.59255890223196,140.80938705437833,86548600
2022-10-24,147.2945098876953,148.0632589024532,143.89427154723307,145.0671108242576,75981900
2022-10-25,150.142822265625,150.2906678641537,147.20580651383366,147.92527363612152,74732300
2022-10-26,147.1959686279297,149.79789197212497,145.90484979505857,148.7827486054812,88194300
2022-10-27,142.71156311035156,146.90026566861184,142.05122827640076,145.9344043483702,109180200
2022-10-28,153.49378967285156,155.2284000306861,145.68802050452555,146.06252959255997,164762400
2022-10-31,151.12840270996094,152.01543120421692,149.7288849047636,150.9510060343384,97943200
2022-11-01,148.4771728515625,153.2079455809234,146.97910660092256,152.84328689393647,80379300
2022-11-02,142.93826293945312,149.97528368505897,142.90869682596562,146.80172383520585,93604600
2022-11-03,136.876953125,140.74041357111363,136.74882328898968,140.01108109963562,97918500
2022-11-04,136.61041259765625,140.8455457973991,132.6615642734104,140.27296098274414,140814800
2022-11-07,137.1435089111328,137.37056348588825,133.93506945075268,135.35665734492238,83374600
2022-11-08,137.71609497070312,139.6214071902777,135.7318039714629,138.61446164278013,89908500
2022-11-09,133.1453094482422,136.77825830980785,132.8688912272567,136.72889468527546,74917800
2022-11-10,144.99183654785156,144.99183654785156,137.7160881791185,139.43384265889435,118854000
2022-11-11,147.78562927246094,148.0916625737545,142.52378765132767,143.95525706239889,93979700
2022-11-14,146.38381958007812,148.35824392301274,145.54468320886602,147.06499838857653,73374100
2022-11-15,148.12130737304688,151.6259135896167,146.66023757913166,150.2734377369584,89868300
2022-11-16,146.88726806640625,147.95345884286033,145.40645005416332,147.22293159756276,64218300
2022-11-17,148.7926025390625,149.5428782799837,144.2810362048945,144.55745437595286,80389400
2022-11-18,149.35531616210938,150.74728887735557,148.0522039867333,150.36227675012384,74829600
2022-11-21,146.11724853515625,148.44706955079,145.83096367172806,148.23976345815655,58724100
2022-11-22,148.25950622558594,148.49644255294848,145.05106689456673,146.23573346771818,51804100
2022-11-23,149.13815307617188,149.8884289191742,147.4302651381728,147.53885908183943,58301400
2022-11-25,146.2159881591797,146.97614571181424,145.23864273436385,146.41342757107319,35195900
2022-11-28,142.375732421875,144.7647839323927,141.54647786060335,143.2839657599813,69246000
2022-11-29,139.36471557617188,142.95816663670598,138.55520957308642,142.44481218129837,83763800
2022-11-30,146.13702392578125,146.81820276871952,138.75268072768486,139.59180207766,111380900
2022-12-01,146.41342163085938,147.22294276953917,144.73516410236186,146.3147094607483,71250400
2022-12-02,145.91981506347656,146.10738776877085,143.7874333564375,144.09348175456344,65447400
2022-12-05,144.7549285888672,148.99006226616046,143.90592550087496,145.88034988563246,68826400
2022-12-06,141.08250427246094,145.41636538627455,140.10515873582997,145.1893107898035,64727200
2022-12-07,139.13768005371094,141.53659829976584,138.20969824104947,140.37169521657745,69721100
2022-12-08,140.82579040527344,141.6846751168045,139.2956238058851,140.53950554386986,62128300
2022-12-09,140.34205627441406,143.70845268349962,139.09815956030062,140.5197471971965,76097000
2022-12-12,142.6422882080078,142.65215490653637,139.2561427186447,140.87517003337655,70462700
2022-12-13,143.60975646972656,148.05221126240446,142.39548971088675,147.58822033452066,93886200
2022-12-14,141.37863159179688,144.78450984521314,139.35484405860026,143.49126458622354,82291200
2022-12-15,134.7544708251953,139.98669871245937,134.29047986707778,139.3055198563437,98931900
2022-12-16,132.78988647460938,135.8897316869335,132.01986228619933,134.94201656134896,160156900
2022-12-19,130.67723083496094,133.4710422437526,129.64067041902834,133.38219679044258,79592600
2022-12-20,130.60813903808594,131.5459873422408,128.2289547136537,129.70977258242192,77432800
2022-12-21,133.7178955078125,135.06050476290937,131.05242546033497,131.27948005874936,85928000
2022-12-22,130.5390167236328,132.83922210681123,128.6337051126469,132.63191605711017,77852100
2022-12-23,130.1737823486328,130.72661868998517,127.9821703785141,129.24580060550824,63814900
2022-12-27,128.3671875,129.72954501138923,127.07394206581392,129.6999298536339,69007800
2022-12-28,124.42820739746094,129.3543934066322,124.26038315698912,128.01178441919723,85438400
2022-12-29,127.95255279541016,128.8114224477477,126.09659687618785,126.35326658304521,75703700
2022-12-30,128.26846313476562,128.28821159493137,125.80044037402875,126.76791156272077,77034200
2023-01-03,123.47061157226562,129.22605213593528,122.58211921528644,128.6139854814398,112117500
2023-01-04,124.7441177368164,127.01470850998557,123.48048749262259,125.26733892869382,89113600
2023-01-05,123.42124938964844,126.13608257581905,123.16457967496471,125.50426745503849,80962700
2023-01-06,127.96244049072266,128.62387085680967,123.2929310044788,124.39861137948095,87754700
2023-01-09,128.48565673828125,131.70397802412538,128.22898699932045,128.80157186038267,70790800
2023-01-10,129.05824279785156,129.5814640429866,126.48161843097465,128.59425187274505,63896200
2023-01-11,131.78294372558594,131.8026771210122,128.7916923794983,129.57158328133335,69458900
2023-01-12,131.70396423339844,132.5430854442494,129.75915527463124,132.16795510561155,71379600
2023-01-13,133.0366973876953,133.19465493922883,129.97634891095512,130.34161256817276,57809700
2023-01-17,134.2016143798828,135.53434166770566,132.4147629011091,133.10580835372033,63646600
2023-01-18,133.48094177246094,136.83745656269951,133.30323577852656,135.0703537024429,69672800
2023-01-19,133.54019165039062,134.50765533885576,132.0593734264766,132.36540678256628,58280400
2023-01-20,136.10693359375,136.2550244536786,132.50361529041555,133.55005775379874,80223600
2023-01-23,139.30552673339844,141.48727252057145,136.1365686570124,136.3537565657324,81760300
2023-01-24,140.7073211669922,141.32926952973608,138.50584268721101,138.5157093840139,66435100
2023-01-25,140.04592895507812,140.60863209871746,137.03492861064362,139.08833187727987,65799300
2023-01-26,142.11907958984375,142.4053645091988,140.08540973782974,141.33917349067576,54105100
2023-01-27,144.06387329101562,145.34725220094586,141.2503274776649,141.3293062635936,70555800
2023-01-30,141.1713409423828,143.68873499989203,141.0232651416844,143.10628343226185,64015300
2023-01-31,142.44483947753906,142.49420309949798,140.4605484095562,140.87517571941848,65874500
2023-02-01,143.5702362060547,144.73515421762997,139.51280928282884,142.1289150988489,77663600
2023-02-02,148.89132690429688,149.24670877710787,146.27520596359832,146.99586653400996,118339000
2023-02-03,152.52427673339844,155.36745253753844,145.93957351960248,146.13701293629845,154357300
2023-02-06,149.78968811035156,151.14217893420934,148.85183962560956,150.61895772492184,69858300
2023-02-07,152.67233276367188,153.24491754252153,148.7136179890826,148.7136179890826,83322600
2023-02-08,149.9772491455078,152.60323674930237,149.23684012618935,151.91219134400382,64120100
2023-02-09,148.94068908691406,152.35644968138112,148.49644664158131,151.81347999768036,56007100
2023-02-10,149.3065185546875,149.63279778324025,147.5367173791987,147.77401547814478,57450700
2023-02-13,152.11447143554688,152.51983488560623,149.21751602061343,149.2471763928944,62199000
2023-02-14,151.4718017578125,152.03537903023067,149.15820209418638,150.40398304690967,61707600
2023-02-15,153.57778930664062,153.74586979762776,151.15542974516777,151.38283098748437,65573800
2023-02-16,151.97605895996094,154.5664988468429,151.6201193880744,151.77830301928833,68167900
2023-02-17,150.82913208007812,151.27405274729716,149.14831228910668,150.6313912376096,59144100
2023-02-21,146.80502319335938,149.5932185903814,146.73582069413777,148.50562143126123,58867200
2023-02-22,147.23020935058594,148.2584708875877,145.4999504020457,147.19065212608928,51011300
2023-02-23,147.71466064453125,148.6440592209031,145.57903837527164,148.3968793904493,48394200
2023-02-24,145.05503845214844,145.52961956815125,144.07620075664735,145.4505202010405,55469600
2023-02-27,146.2513427734375,147.48724177783038,145.78664354085316,146.04372018922786,44998500
2023-02-28,145.74713134765625,147.3982909462784,145.17367228142913,145.39119175781394,50547000
2023-03-01,143.67080688476562,145.56914623363537,143.37418806129784,145.17366452678502,55479000
2023-03-02,144.26405334472656,145.05503189340783,142.27671766674902,142.75131384795435,52238100
2023-03-03,149.32626342773438,149.40536277617727,145.66800531053465,146.3699875121459,70732300
2023-03-06,152.0947265625,154.53686499973716,151.72890516544965,152.05516933291133,87558000
2023-03-07,149.8898468017578,152.29242737720674,149.42514753967646,151.96614820893737,56182000
2023-03-08,151.14552307128906,151.73876071934626,150.11726157953802,151.08620232381537,47204800
2023-03-09,148.89126586914062,152.79670487641312,148.53532624571014,151.8277639907766,53833600
2023-03-10,146.8248291015625,149.23730682187812,145.94486944980744,148.51554589298388,68572400
2023-03-13,148.77259826660156,151.41247705797895,146.03384150790953,146.14260123729179,84457100
2023-03-14,150.86866760253906,151.66952778576984,148.4067663113716,149.57344779147112,73695900
2023-03-15,151.26419067382812,151.5212522938301,148.2288147892157,149.48449268664993,77167900
2023-03-16,154.09190368652344,154.6950230424289,149.92938893729746,150.4435271800346,76161100
2023-03-17,153.25149536132812,154.9718724178721,152.53961624045886,154.31931404263202,98944600
2023-03-20,155.62445068359375,156.0397261696518,152.4111121554213,153.32074741504434,73641400
2023-03-21,157.48321533203125,157.60185682514813,154.7741189081368,155.54533387337614,73938300
2023-03-22,156.04959106445312,160.31096943804832,156.029812451383,157.50300984854792,75701800
2023-03-23,157.13717651367188,159.7276317574304,155.90127718884906,157.03831361968307,67622100
2023-03-24,158.44227600097656,158.53125712176995,156.06935559319226,157.06795670652497,59196500
2023-03-27,156.4945068359375,158.9564235953307,156.08912825748425,158.13578467553296,52390300
2023-03-28,155.87159729003906,156.70213299816345,154.22043780927265,156.1879947191645,45992200
2023-03-29,158.95640563964844,159.2332458359396,157.55242604798346,157.57218957153339,51305700
2023-03-30,160.5284881591797,160.6372479005565,159.45078759523014,159.70784921727477,49501700
2023-03-31,163.03981018066406,163.13868814753852,160.08354906302839,160.60756909681194,68749800
2023-04-03,164.29551696777344,164.41415847965385,162.36751696640553,162.41695595857647,56976200
2023-04-04,163.76156616210938,164.95790794732252,163.24742795309683,164.72062499443805,46278300
2023-04-05,161.91268920898438,163.1881457283857,159.9748075653386,162.88164511746857,51511700
2023-04-06,162.80252075195312,163.09913955417102,160.17252383849814,160.59766588857192,45390100
2023-04-10,160.20220947265625,160.20220947265625,158.27420958419825,159.59909001148102,47716900
2023-04-11,158.98609924316406,160.52849925536958,158.69936213850445,160.5186174915291,47644200
2023-04-12,158.29397583007812,160.23185733032426,157.97757839276272,159.40133668736163,50133100
2023-04-13,163.69236755371094,163.92966562076376,159.59907018867185,159.80670788317548,68445600
2023-04-14,163.34634399414062,164.44382316709542,161.9720245871667,162.73332768738865,49386500
2023-04-17,163.3660888671875,163.52428757903846,162.1796287016244,163.2276687659828,41516200
2023-04-18,164.5921173095703,165.52151594579726,163.78136017187086,164.22629596467013,49923000
2023-04-19,165.73904418945312,166.26306428456468,163.67260909854727,163.92968580784367,47720200
2023-04-20,164.7700653076172,165.97630406053003,163.6923648914332,164.2163849134918,52456400
2023-04-21,163.15847778320312,164.5723392677561,162.63445771401044,163.18813815793777,58337300
2023-04-24,163.4649658203125,163.73192425907348,162.04120759579996,163.1386866366401,41949600
2023-04-25,161.92257690429688,164.43391748853472,161.88301968061162,163.32655661191464,48714100
2023-04-26,161.91268920898438,163.41554697412082,160.96352700012233,161.22058862196803,45498800
2023-04-27,166.51022338867188,166.65852525119462,163.32654598880194,163.32654598880194,64902300
2023-04-28,167.76589965820312,167.93399523157063,165.98621681699632,166.58933625125528,55275900
2023-05-01,167.6769256591797,168.52722497825897,166.7376452115908,167.37042504765017,52472900
2023-05-02,166.63876342773438,168.42835824019505,165.65004401355455,168.17128153704527,48425700
2023-05-03,165.56105041503906,168.9919077307227,165.27432844465707,167.58792807875122,65136000
2023-05-04,163.91978454589844,165.15568380990734,162.45648404157697,163.0299431104764,81235400
2023-05-05,171.612060546875,172.33382159836464,168.83374592219786,169.05126543141336,113453200
2023-05-08,171.5428466796875,171.88890456644447,170.1685270705617,170.5343484864691,55962800
2023-05-09,169.83233642578125,171.58235891028352,169.66425593732595,171.09789605728315,45326900
2023-05-10,171.6021270751953,172.0668263741992,169.96084934197563,171.06822526711633,53724500
2023-05-11,171.7899932861328,172.62051394942262,170.22781484613878,171.88887125937896,49514700
2023-05-12,170.85931396484375,172.33453386665053,169.30487018579348,171.89889318697968,45533100
2023-05-15,170.36427307128906,171.49297161869612,169.77021484316816,171.44346424843133,37266700
2023-05-16,170.36427307128906,171.42365827881974,170.09694535788182,170.28506430037106,42110300
2023-05-17,170.97813415527344,171.2157453771671,168.7306323338431,170.00785308163907,57951600
2023-05-18,173.31471252441406,173.50283145007626,170.86919670585942,171.28503138533677,65496700
2023-05-19,173.42364501953125,174.64144781679403,173.20582466782196,174.64144781679403,55809500
2023-05-22,172.47314453125,172.97809854709377,171.7305793150355,172.25532419255816,43570900
2023-05-23,169.8593292236328,171.66129487805824,169.58210606257185,171.4137731194303,50747300
2023-05-24,170.1365509033203,170.71080319124064,168.82964388505917,169.393985633902,45143500
2023-05-25,171.27516174316406,172.17612946392208,169.9880455752579,170.70090944955888,56058300
2023-05-26,173.69094848632812,174.0275895351184,171.39395459047836,171.60187949980389,54835000
2023-05-30,175.54241943359375,177.21566879798618,174.81966018947244,175.20579349606086,55964400
2023-05-31,175.49290466308594,177.57209321550437,175.0077566388477,175.57211342872856,99625300
2023-06-01,178.30474853515625,178.33444993394386,175.17607026429087,175.93844141740337,68901800
2023-06-02,179.15623474121094,179.97800874169684,177.48298533965166,179.2354435119536,61996900
2023-06-05,177.79981994628906,183.1165821425977,176.275077551752,180.8195882273271,121946500
2023-06-06,177.43348693847656,178.33445457100666,175.6711182885981,178.18594757320713,64848400
2023-06-07,176.05728149414062,179.41367589423808,175.56223798316736,176.67113061333816,61944600
2023-06-08,178.78001403808594,179.04732664647344,175.70084291207064,176.1364684949153,50214900
2023-06-09,179.16612243652344,180.42352185448632,178.83939196419036,179.70076268646082,48900000
2023-06-12,181.9680938720703,182.06710862095264,179.17605622243772,179.47308536155512,54274900
2023-06-13,181.4928436279297,182.32451307330234,180.63147278147434,180.98790470199526,54929100
2023-06-14,182.12649536132812,182.56213604593384,180.21563475820471,181.5522431050323,57462900
2023-06-15,184.16607666015625,184.67103069686027,181.95818688950908,182.13641040467775,65433200
2023-06-16,183.0868682861328,185.13635542691418,182.4433178422068,184.878923163322,101256200
2023-06-20,183.17599487304688,184.25520121093788,182.5819517231594,182.5819517231594,49799100
2023-06-21,182.13641357421875,183.57203672168455,180.77998409317422,183.0670826761933,49515700
2023-06-22,185.14625549316406,185.1957628610581,181.84926421078353,181.91857754734076,51245300
2023-06-23,184.82940673828125,185.70068800461124,183.17596350424247,183.71061886586367,53117000
2023-06-26,183.43341064453125,186.18585111473345,183.39379870692287,184.97794384564872,48088700
2023-06-27,186.19573974609375,186.52247023555708,183.82943266258093,184.04725298888982,50730800
2023-06-28,187.37396240234375,188.01751290126907,185.7403249158235,186.06704032710473,51216800
2023-06-29,187.71055603027344,188.18580857990537,187.06700564216163,187.20561719225614,46347300
2023-06-30,192.0471649169922,192.55210381756805,189.36402266288647,189.73036510372253,85213200
2023-07-03,190.55213928222656,191.9580609253223,189.85906633761323,191.85904618822673,31458200
2023-07-05,189.43333435058594,191.06697174397888,188.73036598215447,189.67096065277283,46920300
2023-07-06,189.90858459472656,190.11650951153766,187.32445692665846,187.95811200082892,45094300
2023-07-07,188.78977966308594,190.7600582083635,188.35415407859097,189.51255404191053,46815000
2023-07-10,186.7403106689453,188.10663557063202,185.18586681905202,187.38386117936162,59922200
2023-07-11,186.215576171875,187.42348359441797,184.75025155228488,187.28487201023415,46638100
2023-07-12,187.88880920410156,189.7996698114742,186.60169311695756,187.79968989475896,60750200
2023-07-13,188.65115356445312,189.2947191217671,187.8986929500458,188.61155673528532,41342300
2023-07-14,188.7996826171875,189.28481555311026,187.75019286903466,188.3442359735881,41616200
2023-07-17,192.06698608398438,192.39371661286773,189.90858852856573,189.99769273438966,50520200
2023-07-18,191.80953979492188,192.40359800546008,190.51252831302557,191.433317028607,48288200
2023-07-19,193.1659698486328,196.26493172677777,190.74024473686075,191.18579595006162,80507300
2023-07-20,191.21548461914062,194.52237118378105,190.5917250482106,193.1560464503255,59581200
2023-07-21,190.0373077392578,193.03727024392953,189.33433929774543,192.17589935868594,71951700
2023-07-24,190.83926391601562,192.9778554020486,190.34422042985216,191.4927249435582,45377800
2023-07-25,191.70062255859375,192.51250107589357,191.0075647435374,191.4135040021873,37283200
2023-07-26,192.5718994140625,193.70059786031172,191.40360413966724,191.75012548540775,47471900
2023-07-27,191.30462646484375,195.24516880610398,190.64126993533102,194.076873305403,47460200
2023-07-28,193.8887176513672,194.6807901855661,192.21546838859783,192.7402132321551,48291400
2023-07-31,194.50259399414062,194.54220593555127,193.3243880114047,194.1164606567971,38824100
2023-08-01,193.67092895507812,194.77982161953312,193.3441984148306,194.29468863259882,35175100
2023-08-02,190.6709442138672,193.24516118654293,189.94818497968632,193.1065496196106,50389300
2023-08-03,189.27493286132812,190.46303425792703,188.79969532419432,189.67097673188036,61235200
2023-08-04,180.1859588623047,185.5225277890391,180.11664551288445,183.6809651573304,115956800
2023-08-07,177.07705688476562,181.31462781819698,175.5919264611557,180.32454086912372,97576100
2023-08-08,178.0176239013672,178.48296594319257,175.81962982094473,177.9087137403543,67823000
2023-08-09,176.423583984375,179.13641237321562,175.25527360727992,179.0770095774785,60378500
2023-08-10,176.20578002929688,178.95822060931928,175.8394526832055,177.70080592181807,54686900
2023-08-11,176.2652587890625,177.0881424893324,175.03590276334816,175.7993034466227,52036700
2023-08-14,177.92092895507812,178.14895220242312,175.78935862265257,176.44370198765355,43675600
2023-08-15,175.9281768798828,177.94076628789648,175.53161335110406,177.34592099472832,43622600
2023-08-16,175.05575561523438,177.00884711894057,174.98634866880315,175.6109506749611,46964900
2023-08-17,172.50778198242188,175.98767489704687,171.99223724872292,175.6208528452633,66062900
2023-08-18,172.9935760498047,173.59834528388794,170.48527458580276,170.82235510894964,61172200
2023-08-21,174.3319854736328,174.61950689363672,172.25000423465377,173.56859991663836,46311900
2023-08-22,175.71006774902344,176.15620551446153,174.73847648439144,175.5415274877659,42038900
2023-08-23,179.5666961669922,179.9930163205811,176.80063007696822,176.98900304288458,52722800
2023-08-24,174.86737060546875,179.54689311295104,174.50053343712446,179.12057292485625,54945800
2023-08-25,177.0782470703125,177.6136093916348,174.31218067560857,175.85879974601767,51449600
2023-08-28,178.6446990966797,179.04126265908485,177.0187642861302,178.5455506421133,43820700
2023-08-29,182.54098510742188,183.31429463018617,177.96061099136716,178.15889276911417,53003900
2023-08-30,186.0406951904297,186.23899207960088,183.15566303930453,183.35394480054703,60813900
2023-08-31,186.25881958007812,187.49809956371718,185.8721648302999,186.22907807070516,60794500
2023-09-01,187.83518981933594,188.2912363685708,186.66530168187228,187.86493132785435,45766500
2023-09-05,188.07313537597656,188.35073289401015,186.00106278496517,186.66531506939765,45280000
2023-09-06,181.3413543701172,187.2304149251444,179.91370149278592,186.78426205503195,81755800
2023-09-07,176.03724670410156,176.6816813943478,172.05171790486162,173.67765269377628,112488800
2023-09-08,176.65191650390625,178.69426259870855,176.26526175899272,176.82047189213844,65551300
2023-09-11,177.82177734375,178.75371815702783,175.81909698721213,178.5256949137557,58953100
2023-09-12,174.78805541992188,178.58521118121962,173.32075212571604,177.95070042200115,90370200
2023-09-13,172.71597290039062,175.77946927367296,172.48793449989455,174.99623588192003,84267900
2023-09-14,174.2328643798828,174.58977763559852,172.09138484558866,172.50778112260195,60895800
2023-09-15,173.50909423828125,174.9863213204115,172.329312484714,174.96648860625493,109259500
2023-09-18,176.4437255859375,177.84163701778533,174.65915940995401,174.9664984209427,67257600
2023-09-19,177.53428649902344,178.08948146713516,175.6109216966876,175.99757641576028,51826900
2023-09-20,173.9849853515625,178.158871491594,173.8957457034938,177.72264255589144,58436200
2023-09-21,172.43838500976562,174.7880703941122,172.36899318987008,173.05307823361915,63149100
2023-09-22,173.2909698486328,175.56133895987557,172.5573258740407,173.17200382635897,56725400
2023-09-25,174.56993103027344,175.4522977411563,172.65647493916612,172.70604916227998,46172700
2023-09-26,170.48524475097656,173.69744820836135,170.18781458286733,173.32071744815465,64588900
2023-09-27,168.96836853027344,171.55598552227247,167.60021383109716,171.1395892983555,66921800
2023-09-28,169.2261505126953,170.5546549284134,166.18247183150447,167.88772217595067,56294400
2023-09-29,169.74171447753906,171.58576377459906,168.87916528625075,170.5447655196905,51861100
2023-10-02,172.25991821289062,172.8052044328195,169.46409530048962,169.75161672914737,52164500
2023-10-03,170.92149353027344,172.14095595651972,169.3550569046923,170.78269477378157,49594600
2023-10-04,172.1707000732422,172.71598631340495,169.5037670214799,169.62273306372262,53020300
2023-10-05,173.40997314453125,173.94533544106068,171.19908676207933,172.29956799243436,48527900
2023-10-06,175.96783447265625,176.46354642551725,171.69478473153458,172.30947784007347,57266700
2023-10-09,177.45498657226562,177.51446959158443,174.2923416030924,175.29367439346143,42390800
2023-10-10,176.86012268066406,178.17871838563994,176.42389371024447,176.57261638357625,43698000
2023-10-11,178.25802612304688,178.30760034526705,176.07689649671707,176.67174177957318,47551100
2023-10-12,179.16024780273438,180.77625872690152,177.50455631675857,178.52573701205876,56743100
2023-10-13,177.31617736816406,180.3697497847248,176.61225971587282,179.8641290223829,51427100
2023-10-16,177.1873016357422,177.54421488719547,174.99624790055657,175.2341951108354,52517000
2023-10-17,175.63075256347656,176.88986525789463,173.3009152798367,175.1350405719026,57549400
2023-10-18,174.3319854736328,176.05706860986896,173.60825021874456,174.07422069011992,54764400
2023-10-19,173.95526123046875,176.31484005715805,173.68757251536525,174.53027383635083,59302900
2023-10-20,171.3973846435547,173.91559492791032,171.15943743932888,173.80653768363138,64244000
2023-10-23,171.51634216308594,172.51767489960218,168.4726633962427,169.4442697526279,55980100
2023-10-24,171.95257568359375,172.18059896074934,169.97963653831403,171.56592094062157,43816600
2023-10-25,169.6326446533203,171.57582713235345,169.1864917714858,170.40595412753765,57157000
2023-10-26,165.458740234375,169.91023915738614,164.24920182104776,168.9088912991807,70625300
2023-10-27,166.77735900878906,167.5110182699133,165.39928015046561,165.47859589177074,58499100
2023-10-30,168.8295440673828,169.70200181005632,167.4217241549307,167.57044679448236,51131000
2023-10-31,169.30548095703125,169.43435579022267,166.4600837859852,167.89766069037708,44846000
2023-11-01,172.47801208496094,172.73577684542204,168.6610241296242,169.5334819772275,56934900
2023-11-02,176.0471649169922,176.25535548295753,173.95525969593038,174.01474271477764,77334800
2023-11-03,175.13504028320312,175.30359567263832,171.8633532465518,172.74571998498175,79829200
2023-11-06,177.69293212890625,177.89121391765332,174.6988423245846,174.86738260141615,63841300
2023-11-07,180.2606964111328,180.87537437336846,177.4351323131202,177.64332285545842,70530000
2023-11-08,181.32154846191406,181.87674352341537,180.03269413889697,180.7861861177323,49340300
2023-11-09,180.8456573486328,182.54098393459674,180.2507968912838,181.39094357988108,53763500
2023-11-10,185.0448760986328,185.21365353801235,182.1957456895483,182.63254933718324,66133400
2023-11-13,183.4564971923828,184.6775507855081,182.87079015927506,184.46908597948655,43627500
2023-11-14,186.07733154296875,186.74245888927783,184.94561983989882,186.33543591459554,60108400
2023-11-15,186.64315795898438,188.12233108140188,186.41483430514052,186.48433267466453,53790500
2023-11-16,188.3308563232422,189.57176909575145,187.2785495679511,188.1918746986356,54412900
2023-11-17,188.31097412109375,188.99596031021713,187.19912126214516,188.86690055056806,50922700
2023-11-20,190.0581817626953,190.51484429092645,188.4996033239707,188.50952517211448,46505100
2023-11-21,189.2540740966797,190.12768147094766,188.36062302598555,190.01848054916417,38134500
2023-11-22,189.91920471191406,191.52742272571234,189.44269847594794,190.09790401781393,39617700
2023-11-24,188.58892822265625,189.51215989530726,187.8741613770549,189.48237920572873,24048300
2023-11-27,188.41024780273438,189.28385517880056,187.52671857843467,188.5393075690696,40552600
2023-11-28,189.0157928466797,189.6908571482296,188.0230628104096,188.40030507150686,38415400
2023-11-29,187.99331665039062,190.69354405683197,187.596230622092,189.51219267303125,43014200
2023-11-30,188.56907653808594,188.93639696992793,186.82187704243873,188.4598756228668,48794400
2023-12-01,189.84971618652344,190.16738195236098,187.85431892352926,188.94632812953898,45704800
2023-12-04,188.05287170410156,188.6683747194466,186.08727017888344,188.5988763355123,43389500
2023-12-05,192.0138702392578,192.98674157750665,188.79741899208386,188.82721483361496,66628400
2023-12-06,190.92185974121094,193.3441084564195,190.71337975554792,193.03636454966008,41089700
2023-12-07,192.85768127441406,193.5823700079149,192.18261692775607,192.22233461466143,47477700
2023-12-08,194.28721618652344,194.56517940505597,192.26203828251843,192.7881840281593,53406400
2023-12-11,191.77561950683594,192.0833786038581,190.02841974664355,191.70613626728084,60943700
2023-12-12,193.29449462890625,193.30441647720014,190.32622602015354,191.6763396332624,52696900
2023-12-13,196.52085876464844,196.56056130389416,193.43346752411227,193.67171305530522,70404200
2023-12-14,196.6697540283203,198.16877097511053,194.733933428728,196.58041195784497,66831600
2023-12-15,196.13369750976562,196.95765018105735,195.56783406915136,196.09397982207716,128538400
2023-12-18,194.46591186523438,195.20053764226134,192.97681661429394,194.66445486912104,55751900
2023-12-19,195.50827026367188,195.5181921115413,194.46590061872467,194.73394198979324,40714100
2023-12-20,193.4136199951172,196.24289187855894,193.4136199951172,195.46856356116558,52242800
2023-12-21,193.26467895507812,195.64724016492798,192.09326476649224,194.67436895686498,46482500
2023-12-22,192.19256591796875,193.9894050921648,191.56714106698067,193.76106624785666,37149600
2023-12-26,191.64654541015625,192.48043504376977,191.42814358023,192.20247183256527,28919300
2023-12-27,191.74581909179688,192.09328069742187,189.7007974418798,191.09062871652011,48087700
2023-12-28,192.17269897460938,193.24484932489418,191.76567598880632,192.72862541967714,34049900
2023-12-29,191.1303253173828,192.98672576072192,190.33613820624774,192.4903607097449,42672100
2024-01-02,184.29042053222656,187.07006792285642,182.55314280656535,185.78943757371047,82488700
2024-01-03,182.91053771972656,184.52869277861944,182.09649169200898,182.88075702582086,58414500
2024-01-04,180.58753967285156,181.7589539428833,179.5650288616003,180.82578520690032,71983600
2024-01-05,179.86285400390625,181.43136956938284,178.86020193485106,180.66697820637782,62379700
2024-01-08,184.21099853515625,184.2507162227342,180.18051667398524,180.76622380895435,59144500
2024-01-09,183.79403686523438,183.80395871229015,181.40155386113295,182.5829050186709,42841800
2024-01-10,184.83642578125,185.0448906262594,182.58292413922769,183.00980597306068,46792900
2024-01-11,184.24078369140625,185.69017636593313,182.28510409693843,185.1838742981323,49128400
2024-01-12,184.568359375,185.38240524417546,183.8436707179992,184.70734096877902,40477800
2024-01-16,182.29501342773438,182.920423022664,179.61463032885075,180.8356991264693,65603000
2024-01-17,181.35191345214844,181.60009595806468,178.98922629636922,179.9521756311529,47317400
2024-01-18,187.25868225097656,187.76496914507203,184.47903496158258,184.73713933247967,78005800
2024-01-19,190.16737365722656,190.55453778649462,187.4473029046773,187.9535897974558,68903000
2024-01-22,192.48043823242188,193.90997199821769,190.86228332421425,190.90200101096366,60133900
2024-01-23,193.7610626220703,194.3269260762536,192.42088601370864,193.60223731108647,42355600
2024-01-24,193.08599853515625,194.9523359132993,192.92715808853583,193.99930838143553,53631300
2024-01-25,192.75840759277344,194.84314692565724,191.70611607825748,193.80077725921535,54822100
2024-01-26,191.0211181640625,193.3441028913112,190.54461197208147,192.85767485186383,44594000
2024-01-29,190.3361358642578,190.80272021826386,188.20177223046258,190.614099077556,47145600
2024-01-30,186.67295837402344,190.4056331853674,186.10711010289756,189.5518847070131,55859400
2024-01-31,183.05941772460938,185.73980101543498,183.00979333970113,185.68022448739953,55467800
2024-02-01,185.50155639648438,185.59089847447947,182.48366340616798,182.6524257138898,64885400
2024-02-02,184.49888610839844,185.96812234304272,177.94686171013706,178.55242764739413,102551700
2024-02-05,186.31558227539062,187.87417583998953,184.48896248395178,186.78216664518396,69668800
2024-02-06,187.923828125,187.93374997367698,185.4122219544124,185.50156403608693,43490800
2024-02-07,188.03302001953125,189.66109684812312,187.23883287556598,189.2540738540102,53439000
2024-02-08,186.95094299316406,188.16205980044833,185.98799356738817,188.0131563419714,40962000
2024-02-09,187.71630859375,188.8494643803939,186.8714052160575,187.5174970927484,45155200
2024-02-12,186.02650451660156,187.537383976275,185.66866504371018,187.28888476363343,41781900
2024-02-13,183.92916870117188,185.09215835173688,182.4083547485107,184.6547973151463,56529500
2024-02-14,183.0445098876953,184.41623036442274,181.34478380471282,184.20749952407863,54630500
2024-02-15,182.7562713623047,183.3824942652778,180.26134459364147,182.44813474883824,65434500
2024-02-16,181.21556091308594,183.7403213725013,180.57940354414131,182.31889800876044,49752500
2024-02-20,180.47007751464844,181.33484997745663,178.91944475353475,180.69869255835386,53665600
2024-02-21,181.2255096435547,181.7920799507102,179.57547126273693,180.84778599399235,41371400
2024-02-22,183.26319885253906,183.84966853541172,181.36467634977905,182.37854224114136,52292200
2024-02-23,181.42431640625,183.92917764586625,181.13604881484736,183.89935895257477,45119700
2024-02-26,180.0724639892578,181.66284976948523,179.56551591408572,181.14598235368476,40867400
2024-02-27,181.5336456298828,182.81589486499632,178.48206808634893,180.01283169575817,54318900
2024-02-28,180.33090209960938,182.02069366799873,179.04865286943277,181.4143549983027,48953900
2024-02-29,179.66494750976562,181.47402922690614,178.45227002550848,180.1818301671186,136682600
2024-03-01,178.58148193359375,179.44625436004063,176.31517027538303,178.47214167082092,73563100
2024-03-04,174.04885864257812,175.838040881393,172.74670999766127,175.09254322615726,81510100
2024-03-05,169.0987548828125,171.00722719097524,168.60175641192043,169.73491231886675,95132400
2024-03-06,168.104736328125,170.21201988746688,167.6673753032203,170.03309257401145,68587700
2024-03-07,167.9854736328125,169.70508399774383,167.47854068144582,168.13456709874717,71765100
2024-03-08,169.70506286621094,172.65723446162582,167.92581533645617,167.98545271540405,76267000
2024-03-11,171.71295166015625,173.33317133974063,171.01715691552084,171.90181348381185,60139500
2024-03-12,172.1900634765625,172.98526395951052,169.98338934079592,172.11054191154895,59825400
2024-03-13,170.10269165039062,172.1503228051375,169.73490248954016,171.73284593382695,52488700
2024-03-14,171.9614715576172,173.2636051293667,171.01717749290637,171.87201547265494,72913500
2024-03-15,171.58372497558594,171.58372497558594,169.2677105816515,170.14243263043366,121752700
2024-03-18,172.67713928222656,176.64319229534289,172.4783429395777,174.51603957790343,75604200
2024-03-19,175.02296447753906,175.54978158656556,171.99127109820583,173.29340452493878,55215200
2024-03-20,177.59742736816406,177.59742736816406,174.0389165846836,174.66513949599232,53423100
2024-03-21,170.34124755859375,176.42451903095682,169.81443040365232,175.98715795881162,106181300
2024-03-22,171.24578857421875,172.0111704512642,169.0391141931604,170.7289059277682,71160100
2024-03-25,169.82437133789062,170.90782428626645,168.43276661931924,169.54605342761408,54288300
2024-03-26,168.6912078857422,170.39093396328443,168.56198344496033,168.97946029150032,57388400
2024-03-27,172.2695770263672,172.55784458202757,169.0887904097557,169.38699247288517,60273300
2024-03-28,170.45059204101562,171.19608975046205,169.48641379008976,170.71897546322947,65672700
2024-04-01,169.00929260253906,170.22197004043582,168.46259127116116,170.16233265286536,46240500
2024-04-02,167.826416015625,168.32341441545842,167.2200773611407,168.06498070773253,49329500
2024-04-03,168.63156127929688,169.6553768320082,167.56799252573734,167.7767233727702,47691700
2024-04-04,167.8065643310547,170.88794562795422,167.8065643310547,169.2677258236611,53704400
2024-04-05,168.56198120117188,169.3671161921521,167.93575835610383,168.57191570910442,42104800
2024-04-08,167.43878173828125,168.1842794442996,167.23005087422234,168.01530178433154,37425500
2024-04-09,168.65142822265625,169.05897053383381,167.3393603881554,167.68725015337608,42373800
2024-04-10,166.7727813720703,168.07491474927153,166.10680533820357,167.7866623517303,49709300
2024-04-11,173.9892120361328,174.4067040844594,167.1505236254001,167.3294357885208,91070300
2024-04-12,175.49017333984375,177.28930548264634,173.16422400054728,173.2139117167825,101670900
2024-04-15,171.65330505371094,175.56965476374435,171.46444324020368,174.3072746159751,73531800
2024-04-16,168.36318969726562,172.71688554496447,167.2598525976239,170.71895735574867,73711200
2024-04-17,166.99147033691406,169.62555591523414,166.99147033691406,168.59180586766368,50901200
2024-04-18,166.0372314453125,167.62763251332663,165.55018268321453,167.02129381245496,43122900
2024-04-19,164.0094757080078,165.40106519259456,163.0950004513954,165.21221853676252,68149400
2024-04-22,164.8444366455078,166.2559103754066,163.78086788564391,164.52636553527142,48116400
2024-04-23,165.8980712890625,166.0471799196536,163.92996173620628,164.3573882766078,49537800
2024-04-24,168.00535583496094,168.2836737462142,165.21222704669103,165.540232667877,48251800
2024-04-25,168.87013244628906,169.58581142644354,167.14057238305094,168.51229295621184,50558300
2024-04-26,168.28366088867188,170.31140768247312,168.16437095925713,168.86018085141623,44838400
2024-04-29,172.4584503173828,174.97326108846298,172.06085765153782,172.3292258757486,68169400
2024-04-30,169.3074951171875,173.93952434742974,168.97947431756717,172.2894858404387,65934800
2024-05-01,168.28366088867188,171.67319360904702,168.0947990703537,168.56197877866052,50383100
2024-05-02,171.99127197265625,172.37893013348045,169.8641193422282,171.4743893691613,94214900
2024-05-03,182.2791290283203,185.87739241297547,181.56345015431788,185.52948748329575,163224100
2024-05-06,180.6191864013672,183.0942290168702,179.33692188523904,181.25534382134734,78569700
2024-05-07,181.3050079345703,183.78999990279186,180.23150475142342,182.34870759466082,77305800
2024-05-08,181.6429901123047,181.97101089337855,180.36072568018065,181.75233037266264,45057100
2024-05-09,183.46200561523438,183.55146169147778,181.01676669426374,181.46406224266897,48983000
2024-05-10,182.1979217529297,184.22841905381327,181.28220609270682,184.039301056681,50759500
2024-05-13,185.41287231445312,186.22906253508128,183.76059590764,184.57678612826817,72044800
2024-05-14,186.55752563476562,187.42348620330452,185.42283282321628,186.63715506565202,52393600
2024-05-15,188.8368682861328,189.76253191302303,186.49780129168897,187.03529613574696,70400000
2024-05-16,188.95631408691406,190.21045865928463,188.7771592552961,189.58338637309936,52845200
2024-05-17,188.9861602783203,189.92178705781208,188.29936976198016,188.62783545187153,41282900
2024-05-20,190.1507110595703,191.02661956084452,188.13016182957105,188.44867953467443,44361300
2024-05-21,191.4546356201172,191.83285642957057,190.03128423275254,190.20049107683238,42309400
2024-05-22,190.01138305664062,191.92245910983817,189.38432593982932,191.37501623979523,34648500
2024-05-23,186.0100860595703,190.11090276702717,185.76124979940406,190.09099161364105,51005900
2024-05-24,189.0956573486328,189.6928704821682,187.16468542966413,187.94106857836448,36327000
2024-05-28,189.10562133789062,192.10160462638697,188.21976480489596,190.61853495727325,52280100
2024-05-29,189.40420532226562,191.35508832801628,188.62783738828333,188.7273779696699,53068000
2024-05-30,190.39956665039062,191.2854232244703,189.7426503955058,189.8720349370489,49889100
2024-05-31,191.3551025390625,191.67362027294615,189.02599856414395,190.5488754083416,75158300
2024-06-03,193.12681579589844,194.08235381042343,191.62385010600926,192.00207093054578,50080500
2024-06-04,193.4453125,194.41079839334418,192.13144977133211,193.7339558758535,47471400
2024-06-05,194.95823669433594,195.9834409155792,193.96289161058436,194.49042328995185,54156800
2024-06-06,193.57470703125,195.58530834672572,193.2661524862918,194.77908126144504,41181800
2024-06-07,195.97348022460938,196.02325051312178,193.2362814217838,193.74390191398706,53103900
2024-06-10,192.22103881835938,196.3815891899795,191.25555286655262,195.98344204153506,97010200
2024-06-11,206.18572998046875,206.19569315156764,192.72867525564521,192.74857122232135,172373300
2024-06-12,212.0782012939453,219.1750019825869,205.9369082694312,206.40472171133436,198134300
2024-06-13,213.24273681640625,215.74104751612717,210.61502639534655,213.74040935969603,97862700
2024-06-14,211.50086975097656,214.16838712685717,210.31640674162668,212.8545395919822,70122700
2024-06-17,215.6614227294922,217.9308083607288,211.72981259041407,212.37678083551464,93728300
2024-06-18,213.29249572753906,217.612305023096,212.00850722554847,216.57713760943076,79943300
2024-06-20,208.70394897460938,213.24273529474334,207.87782592387282,212.93416556238657,86172500
2024-06-21,206.52415466308594,210.90366690915465,206.14591867526494,209.41064929966387,241805100
2024-06-24,207.17112731933594,211.70989851928564,205.6283393856244,206.75308420226276,80727000
2024-06-25,208.09681701660156,210.39606187439708,207.63895156671146,208.17643126307132,55549700
2024-06-26,212.25733947753906,213.8598456726642,209.65948819693895,210.51548557795786,66213200
2024-06-27,213.1033935546875,214.73575892320002,211.36153961685812,213.69064352295018,49772700
2024-06-28,209.6395721435547,215.0642148828325,209.3210696212814,214.76560832661605,82542700
2024-07-01,215.7410430908203,216.4974998735104,210.933524598722,211.10273143743845,60402900
2024-07-02,219.2446746826172,219.35416325375095,214.09874221485333,215.1438424446849,58046200
2024-07-03,220.51870727539062,220.51870727539062,218.01043340115498,218.97591935149836,37369800
2024-07-05,225.28640747070312,225.39589603978789,220.61823649717394,220.61823649717394,60412400
2024-07-08,226.75953674316406,226.78939588229815,222.21080217009418,226.0329238568709,59085900
2024-07-09,227.61550903320312,228.33215871662,225.3162642938077,226.8690002119573,48076100
2024-07-10,231.89549255371094,231.9950331368443,228.1828596567971,228.23262994836378,62627700
2024-07-11,226.5106964111328,231.30825199534104,224.7190721562944,230.31290687462652,64710600
2024-07-12,229.4668426513672,231.55707334519846,227.61550023869842,227.85438851986095,53046500
2024-07-15,233.3088836669922,236.12571210202407,232.00498402552307,235.37920328245679,62631300
2024-07-16,233.72694396972656,235.17019132901206,231.2485291999769,233.90609879782943,43234300
2024-07-17,227.81460571289062,230.38259805534622,225.58502708071103,228.3819445580284,57345900
2024-07-18,223.13644409179688,229.3673137711516,221.2353466054131,229.20805491946456,66034600
2024-07-19,223.26585388183594,225.74426861436035,222.24064965794977,223.77348959602472,49151500
2024-07-22,222.91749572753906,226.7197061195605,222.0515351611177,225.95328613844396,48201800
2024-07-23,223.96258544921875,225.88360930378687,221.64342964759248,223.32556522126958,39960300
2024-07-24,217.522705078125,223.75357494115906,216.1192800710717,222.9572958470105,61777600
2024-07-25,216.4775848388672,219.821944574096,213.62093442293155,217.91086885017177,51391200
2024-07-26,216.9454345703125,218.46831142772768,215.0044993866062,217.68198025772855,41601300
2024-07-29,217.22413635253906,218.27919980747717,214.74572140041616,215.95009574418793,36311800
2024-07-30,217.781494140625,219.30437081128844,215.1139615804843,218.1696780922106,41643800
2024-07-31,221.04623413085938,222.77814001369308,219.60298682237814,220.40921389598267,50036300
2024-08-01,217.34356689453125,223.43507433375405,216.00980804268707,223.32558576007955,62501000
2024-08-02,218.83656311035156,224.54984915998065,216.69657732981517,218.1298614428512,105568600
2024-08-05,208.29586791992188,212.506173331003,195.0876345333798,198.16324716744046,119548600
2024-08-06,206.26536560058594,209.0125278604179,200.13405118519225,204.3443568031922,69660500
2024-08-07,208.84332275390625,212.64553325809877,205.4292810556757,205.9369016050796,63516400
2024-08-08,212.3170623779297,213.2029189157903,207.85792055043288,212.1179963940502,47161100
2024-08-09,215.23342895507812,215.77090862412464,210.98330114399806,211.11270086651854,42201600
2024-08-12,216.7680206298828,218.7410807003227,214.84478845727688,215.31314332730477,38028100
2024-08-13,220.4949493408203,221.11277276612057,218.2428558389481,218.2428558389481,44155300
2024-08-14,220.94334411621094,222.24875291914373,218.9304156630747,219.7973785028084,41960600
2024-08-15,223.932861328125,224.56065945598428,221.979720044419,223.8132865248532,46414000
2024-08-16,225.25819396972656,226.03546056539557,222.86659157853387,223.1356500786779,44340200
2024-08-19,225.0987548828125,225.19841068626937,222.25873174304007,224.92935218120843,40687800
2024-08-20,225.71656799316406,226.3742597731608,224.66028342820331,224.9791698204466,30299000
2024-08-21,225.60696411132812,227.18143154067607,224.26170199000447,225.7265541171402,34765500
2024-08-22,223.74349975585938,227.54015139464096,223.11570169720306,226.9920749311584,43695300
2024-08-23,226.04542541503906,227.42059644239848,223.5442228703079,224.86956599566977,38677300
2024-08-26,226.3842315673828,226.48388737170686,223.1057623977585,225.9657045588355,30602200
2024-08-27,227.23126220703125,228.0483972344343,224.10226151212836,225.208374045966,35934600
2024-08-28,225.6966552734375,229.05484595642545,224.88947977262964,227.12163896438045,38052200
2024-08-29,228.98509216308594,232.10413336375854,228.07829123837303,229.29401907737392,51906300
2024-08-30,228.19784545898438,229.5929353752877,226.68316554604098,229.38367949051207,52990800
2024-09-03,221.98968505859375,228.1978583447122,220.39528345963856,227.74943764667495,50190600
2024-09-04,220.076416015625,221.00315112701452,216.71821006143196,220.88357632692316,43840200
2024-09-05,221.60105895996094,224.69019125096705,220.7440707336114,220.85368603716802,36615400
2024-09-06,220.0465087890625,224.4510243839852,219.00018373655976,223.16553454066073,48423000
2024-09-09,220.13619995117188,220.49493955114087,215.95091475509392,220.04651885251477,67180000
2024-09-10,219.3389892578125,220.70418549359823,215.97082401031443,218.15315521125123,51591000
2024-09-11,221.8800811767578,222.30856769538977,217.12678504013684,220.68428751867503,44587100
2024-09-12,221.98968505859375,222.76695165661573,219.0500213655269,221.7206265576352,37455600
2024-09-13,221.72061157226562,223.2552104631355,221.1326819144566,222.79683029802118,36766600
2024-09-16,215.56227111816406,216.45911247240775,213.17066883128115,215.78148650258865,59357400
2024-09-17,216.03062438964844,216.14023969143096,213.74865245933694,214.99427397716522,45519300
2024-09-18,219.91696166992188,221.9298901997397,216.777986478492,216.7879611815548,59894900
2024-09-19,228.0683135986328,229.01499812075548,223.84317512238368,224.20191472936153,66781300
2024-09-20,227.40065002441406,232.27352055331795,226.82267984404155,229.1644542640561,318679900
2024-09-23,225.67672729492188,228.64628476177805,225.01903547850176,226.54367501316779,54146000
2024-09-24,226.57354736328125,228.54662262661762,224.93929267987525,227.8490624720206,43556100
2024-09-25,225.57705688476562,226.49383244586693,223.2352976856936,224.1420985437932,42308700
2024-09-26,226.72303771972656,227.69960067739044,224.62042810744603,226.50380712846774,36636700
2024-09-27,226.99208068847656,228.71603171782343,226.50380681299467,227.6597471643239,34026000
2024-09-30,232.183837890625,232.183837890625,228.84556632808733,229.234199611622,54541900
2024-10-01,225.4176483154297,228.84558606321303,222.956298905669,228.71605176109068,63285000
2024-10-02,225.9856414794922,226.5735711981907,222.23881735408233,225.09875954956593,32880600
2024-10-03,224.8795166015625,226.01552277761738,222.53775735368686,224.35137431302277,34044200
2024-10-04,226.00555419921875,227.20134772512517,223.3449086623416,227.10169192907478,37245100
2024-10-07,220.91346740722656,224.8994562199718,220.55472780586587,223.7136221153256,39505400
2024-10-08,224.9791717529297,225.1884276449642,222.46799461113406,223.51431968732726,31855700
2024-10-09,228.7359619140625,228.94523301761674,224.0424685900414,224.44106139019914,33591100
2024-10-10,228.23770141601562,228.6960967971132,226.3742566041183,226.98212047614993,28183500
2024-10-11,226.75294494628906,228.60643037956845,226.54367384020586,228.4968150773993,31759200
2024-10-14,230.48980712890625,230.91829362955485,227.79926770980506,227.89890830734765,39882100
2024-10-15,233.03086853027344,236.65811760908664,231.5560417756155,232.79170373632726,64751400
2024-10-16,230.96812438964844,231.30692979509985,229.0349173503749,230.7887621886474,34082200
2024-10-17,231.33682250976562,233.0308799404877,229.71254238803704,232.6123377292532,32993800
2024-10-18,234.1768341064453,235.35269346424636,233.19029643777657,235.35269346424636,46431500
2024-10-21,235.65164184570312,236.0203561309456,233.6287538470191,233.6287538470191,36254500
2024-10-22,235.03382873535156,235.3925683333293,231.7852533575211,233.07072804715946,38846600
2024-10-23,229.95167541503906,234.31633777031985,226.96218398382533,233.26005323081202,52287000
2024-10-24,229.7623748779297,230.01149918679397,227.60993720006027,229.17442995295067,31109500
2024-10-25,230.59942626953125,232.4030838122294,228.7658750265385,228.93527772998817,38802300
2024-10-28,232.5824432373047,233.9077863541258,231.73542973016842,232.50273684103132,36087100
2024-10-29,232.85150146484375,233.50919327337175,231.50623935322642,232.28350596136286,35417200
2024-10-30,229.29400634765625,232.65219696606212,228.74592985962587,231.79520878623467,47070900
2024-10-31,225.11868286132812,229.02495000446748,224.5805658660821,228.53666090957242,64370100
2024-11-01,222.1291961669922,224.56065178607977,219.49844414747824,220.1959891516409,65276700
2024-11-04,221.23233032226562,222.0095968952219,218.94039900502227,220.21591416091667,44944500
2024-11-05,222.66729736328125,223.1655459656629,220.36539125313263,221.02308305755813,28111300
2024-11-06,221.93984985351562,225.27812143912794,220.41521040716108,221.83023455712816,54561100
2024-11-07,226.6831817626953,227.081789771112,223.7833864288354,223.8431738287627,42137700
2024-11-08,226.41383361816406,228.10973956989392,225.8651541338214,226.6233197345054,38328800
2024-11-11,223.69039916992188,225.15686291743452,220.96697301971395,224.4585504714927,42005600
2024-11-12,223.69039916992188,225.04712701721013,222.82249764582772,224.00963641496367,40398300
2024-11-13,224.5782470703125,226.10456392944064,222.2239257676591,223.4709176605461,48566200
2024-11-14,227.67079162597656,228.31922131738446,224.45853931227538,224.47849544461576,44923900
2024-11-15,224.4585418701172,226.3739196007606,223.73030286311794,225.8551667084814,47923700
2024-11-18,227.4712677001953,229.18712968944305,224.62812021676072,224.70792952115227,44633700
2024-11-19,227.73065185546875,229.60613257977118,226.11455519341968,226.43377721041003,36211800
2024-11-20,228.44891357421875,229.37666823104936,225.34639715216647,227.51117324017346,35169600
2024-11-21,227.97007751464844,229.60613029336434,225.16684213362325,228.3292117939797,42108300
2024-11-22,229.3168182373047,230.16477882059493,227.51117639639193,227.51117639639193,38168300
2024-11-25,232.30960083007812,232.68869124314412,229.1871434272115,230.9030055193102,90152800
2024-11-26,234.49432373046875,235.00310615337486,232.76849125195545,232.76849125195545,45986200
2024-11-27,234.36463928222656,235.12282010257627,233.24733940643014,233.9057547855541,33498400
2024-11-29,236.7588653564453,237.2377059705746,233.40695061340287,234.24492549364632,28481400
2024-12-02,239.013427734375,240.21053691361496,236.58928278806928,236.69901868412032,48137100
2024-12-03,242.06607055664062,242.1758064568113,238.32509471728144,239.232908507596,38861000
2024-12-04,242.42520141601562,243.5225604021956,240.66944226019712,242.28553892887177,44383900
2024-12-05,242.4551239013672,243.95151419061432,241.54732536132988,243.40284992887905,40033900
2024-12-06,242.25559997558594,244.04130085085734,241.49743440151175,242.32543882662802,36870600
2024-12-09,246.1562042236328,246.64503053466012,241.16823655952678,241.24804586880077,44649200
2024-12-10,247.1737518310547,247.612695417372,244.7495916510093,246.2958646584201,36914800
2024-12-11,245.89683532714844,250.19646101706442,245.66737785476369,247.3632990378159,45205800
2024-12-12,247.36329650878906,248.1414182384854,245.08876927344312,246.2958641332418,32777500
2024-12-13,247.5328826904297,248.69007959411312,245.647431564018,247.223631137632,33155300
2024-12-16,250.43588256835938,250.77507595019196,247.05404098232512,247.3932343641577,51694800
2024-12-17,252.8699951171875,253.21915892963332,249.1789022262073,249.47818331943677,51356400
2024-12-18,247.4530792236328,253.66808268004456,247.14382766353577,251.55318925842403,56774100
2024-12-19,249.1888885498047,251.3935770141874,246.49538898335234,246.90440599607692,60882300
2024-12-20,253.87759399414062,254.3863612366688,245.09876750312787,247.44310326755718,147495300
2024-12-23,254.6557159423828,255.03479114956258,252.8400883307868,254.15691915529422,40858800
2024-12-24,257.57867431640625,257.58862955018265,254.67565812568793,254.87518901917565,23234700
2024-12-26,258.39666748046875,259.47408555117545,257.0100282923795,257.56867823862046,27237100
2024-12-27,254.9749298095703,258.0774615569102,252.4510193654514,257.20952960207876,42355300
2024-12-30,251.59307861328125,252.88995321263158,250.14657107718884,251.62300520062965,35557500
2024-12-31,249.81736755371094,252.67048563095815,248.82974448856297,251.83251072711272,39480700
2025-01-02,243.26319885253906,248.5005651105234,241.23808511721737,248.3309608077005,55740700
2025-01-03,242.7743682861328,243.5923870862029,241.3079045417172,242.7743682861328,40244100
2025-01-06,244.41041564941406,246.73481040856498,242.61474424512696,243.72207367593157,45045600
2025-01-07,241.62713623046875,244.9590949760797,240.76920518354387,242.3952722906863,40856000
2025-01-08,242.11595153808594,243.12353076570005,239.47233471944105,241.33782978685954,37628900
2025-01-10,236.28004455566406,239.58207685657038,232.43930319937854,239.43242868693397,61710900
2025-01-13,233.83592224121094,234.10527676213235,229.16719172961072,232.96802072299363,49630700
2025-01-14,232.71861267089844,235.55177458449063,231.9105643637605,234.1850763475817,39435300
2025-01-15,237.2975616455078,238.38495013235746,233.86583756026477,234.07533889356793,39832000
2025-01-16,227.710693359375,237.4372302632713,227.4812511099753,236.77883010316478,71759100
2025-01-17,229.4265594482422,231.73099810398455,227.93016912923343,231.5614090278119,68488300
2025-01-21,222.10421752929688,223.87993275191027,218.85206818023312,223.46094530610958,98070400
2025-01-22,223.29136657714844,223.58066200952604,219.26108010259503,219.26108010259503,64126500
2025-01-23,223.1217803955078,226.4836658384098,221.76505253825962,224.19918327232872,60234800
2025-01-24,222.24388122558594,225.08702882156655,220.877182986192,224.23906824814947,54697900
2025-01-27,229.30685424804688,231.59133678218907,223.44099929694335,223.4809115633434,94863400
2025-01-28,237.68663024902344,239.61199368769647,230.25456145518996,230.2944737209622,75707600
2025-01-29,238.7839813232422,239.28277807440017,233.446849997024,233.55658589116152,45486100
2025-01-30,237.0182342529297,240.21053038482776,236.63915907674937,238.09563705158317,55658300
2025-01-31,235.4320831298828,246.59515764263173,232.87824601959832,246.59515764263173,100959800
2025-02-03,227.46128845214844,231.27210292869276,225.1568499027089,229.4365345420127,73063300
2025-02-04,232.23977661132812,232.5689843025687,226.10456727432145,226.70312948058964,45067300
2025-02-05,231.91058349609375,232.11009917003332,227.7206934550818,227.98006230899622,39620300
2025-02-06,232.6587677001953,233.23737378273856,229.875473186273,230.7334042435517,29925300
2025-02-07,227.08221435546875,233.43688010961284,226.71309440770742,232.04025529180169,39707200
2025-02-10,227.3518524169922,230.2880044885276,226.90244480659103,229.26935130196645,33115600
2025-02-11,232.3153533935547,234.92193591818142,227.83124330015124,227.90114370319637,53718400
2025-02-12,236.55978393554688,236.64967765066982,230.377888084301,230.89721134547665,45243300
2025-02-13,241.21368408203125,242.02262084431055,235.2614980047627,236.5997394445533,53614100
2025-02-14,244.2796630859375,245.22841586050225,240.67439035154717,240.93404435379279,40896200
2025-02-18,244.14984130859375,244.85890295305822,241.52328070167576,243.83025306858283,48822500
2025-02-19,244.54930114746094,245.68780753699892,242.84154918255663,244.33958470767533,32204200
2025-02-20,245.508056640625,246.4568094488268,243.9700649298591,244.61922281669615,32316900
2025-02-21,245.22842407226562,248.36431123309396,244.89885442060717,245.6278941258364,53197400
2025-02-24,246.77639770507812,248.53408727873096,244.09989957647335,244.609226181644,51326400
2025-02-25,246.71646118164062,249.67259136851834,244.58926106556868,247.67521063757022,48013300
2025-02-26,240.0452117919922,244.65915630674968,238.8168269352331,244.01001367840516,44433600
2025-02-27,236.98922729492188,242.14247324939222,236.74953612071198,239.09646458024955,41153600
2025-02-28,241.5232696533203,241.77294223985544,229.89851463379637,236.63967447024518,56833400
2025-03-03,237.71826171875,243.71040379171194,235.80077808405883,241.47333193183624,47184000
2025-03-04,235.6210174560547,239.75561031847352,234.3726544629493,237.39870037793833,53798100
2025-03-05,235.4312744140625,236.2402111793479,228.92979032203158,235.11168617953675,47227600
2025-03-06,235.0218048095703,237.54849020730907,232.8546485518437,234.13297099659667,45170400
2025-03-07,238.7569122314453,241.05388787370777,234.45254396930395,234.80209169163373,46273600
2025-03-10,227.1820831298828,235.85072354308846,223.92635798057333,235.23152514577004,72071200
2025-03-11,220.55078125,225.54423318142804,217.16522145004404,223.51689291637274,76137400
2025-03-12,216.69583129882812,221.4595886104368,214.6285501658544,219.85169651198805,62547500
2025-03-13,209.4053955078125,216.55602242060417,208.14705109128238,215.6671885752157,61368300
2025-03-14,213.21041870117188,213.66980775083542,209.30553558500114,210.97334672214788,60107600
2025-03-17,213.71974182128906,214.93814530685134,209.69502079955336,213.0306430192638,48073400
2025-03-18,212.4114532470703,214.8682229774316,211.21302787332291,213.87952928252258,42432400
2025-03-19,214.95811462402344,218.47349365471302,213.470060528986,213.93944620866878,54385400
2025-03-20,213.81961059570312,217.20517028159983,211.94206785632258,213.70975404736055,48862900
2025-03-21,217.98414611816406,218.5533916912833,211.0032951126973,211.2829271905112,94127800
2025-03-24,220.44091796875,221.1899357355996,218.29373979930335,220.71056863168138,44299500
2025-03-25,223.45697021484375,223.80651793975238,219.79177838679217,220.48087718007702,34493600
2025-03-26,221.2398681640625,224.7253029108424,220.18125884970436,223.21727075576553,34466100
2025-03-27,223.5568389892578,224.69534536875565,220.271139232742,221.1000540446544,37094800
2025-03-28,217.6146240234375,223.51688772665744,217.39491092445158,221.3796909591809,39818600
2025-03-31,221.83909606933594,225.32451569687797,215.9468137615173,216.72579102857173,65299300
2025-04-01,222.897705078125,223.3870536043053,218.61331487709137,219.5221267668628,36412700
2025-04-02,223.59678649902344,224.89508702876748,220.73055001137135,221.03016017035932,35905900
2025-04-03,202.9239044189453,207.2182761783418,200.9864426085102,205.27081771109022,103419000
2025-04-04,188.13330078125,199.61824028069563,187.09465424061224,193.6360793511012,125910900
2025-04-07,181.2223663330078,193.89573468350994,174.39131242893686,176.967935484531,160466300
2025-04-08,172.19419860839844,190.09072892121037,168.9884109270566,186.4554964395268,120859500
2025-04-09,198.58958435058594,200.3472738997123,171.6648855169899,171.72480450043201,184395900
2025-04-10,190.17062377929688,194.52491452460524,182.76034285398336,188.82240088513313,121880000
2025-04-11,197.89048767089844,199.27866665425725,185.81632494094944,185.856281088865,87435900
2025-04-14,202.25477600097656,212.6611277249045,200.8965565016436,211.1630921847052,101352900
2025-04-15,201.87527465820312,203.24347561495443,199.53834280484799,201.59564256833872,51343900
2025-04-16,194.0155792236328,200.4371508814261,192.11805840887246,198.10021911176236,59732400
2025-04-17,196.72203063964844,198.56961397436802,194.16538565496842,196.94174374665747,52164700
2025-04-21,192.9070281982422,193.54618940120912,189.56140949031536,193.01688474432112,46742500
2025-04-22,199.47842407226562,201.32599215129426,195.71335703344474,195.8631544964882,52976400
2025-04-23,204.33206176757812,207.7276030292648,202.5344160012944,205.7302222309065,52929200
2025-04-24,208.09710693359375,208.5565112075726,202.67422555441442,204.62166872266098,47311000
2025-04-25,209.00592041015625,209.47530610539675,205.92995222724628,206.0997277622984,38222300
2025-04-28,209.8647918701172,211.2230113707532,207.1883090170199,209.72497582911666,38743100
2025-04-29,210.9333953857422,211.96204522644123,208.09710321217068,208.41669143858087,36827600
2025-04-30,212.22171020507812,213.30029766677714,206.399343338795,209.02590396975114,52286500
2025-05-01,213.04063415527344,214.2790004444518,208.62640936955898,208.80618155790114,57365700
2025-05-02,205.08106994628906,206.71892151455646,201.89524528415058,205.82009105417706,101010600
2025-05-05,198.62953186035156,203.83271551835597,197.9504297070337,202.83402512431957,69018500
2025-05-06,198.25001525878906,200.38721199140494,196.7619763948813,197.9504203457911,51216500
2025-05-07,195.99298095703125,199.1788056079939,192.99690991055434,198.90915494694545,68536700
2025-05-08,197.2313690185547,199.78801395815432,194.42503624466005,197.46106353953903,50478900
2025-05-09,198.27000427246094,200.2773664943336,197.28129528859796,198.739389980464,36453900
2025-05-12,210.7899932861328,211.27000427246094,206.75,210.97000122070312,63775800
2025-05-13,212.92999267578125,213.39999389648438,209.0,210.42999267578125,51909300
2025-05-14,212.3300018310547,213.94000244140625,210.5800018310547,212.42999267578125,49325800
2025-05-15,211.4499969482422,212.9600067138672,209.5399932861328,210.9499969482422,45029500
2025-05-16,211.25999450683594,212.57000732421875,209.77000427246094,212.36000061035156,54737900
2025-05-19,208.77999877929688,209.47999572753906,204.25999450683594,207.91000366210938,46140500
2025-05-20,206.86000061035156,208.47000122070312,205.02999877929688,207.6699981689453,42496600
2025-05-21,202.08999633789062,207.0399932861328,200.7100067138672,205.1699981689453,59211800
2025-05-22,201.36000061035156,202.75,199.6999969482422,200.7100067138672,46742400
2025-05-23,195.27000427246094,197.6999969482422,193.4600067138672,193.6699981689453,78432900
2025-05-27,200.2100067138672,200.74000549316406,197.42999267578125,198.3000030517578,56288500
2025-05-28,200.4199981689453,202.72999572753906,199.89999389648438,200.58999633789062,45339700
2025-05-29,199.9499969482422,203.80999755859375,198.50999450683594,203.5800018310547,51396800
2025-05-30,200.85000610351562,201.9600067138672,196.77999877929688,199.3699951171875,70819900
